,Component name,Component version name,Match type,License names,License families,Review Status,Component id,Version id,License ids
0,@angular/common,8.2.14,Direct Dependency,MIT License,PERMISSIVE,NOT_REVIEWED,8613399f-4ee7-4dc1-b732-28deccbcb011,0835f23c-e46a-42d5-bd22-2bd3e38a00fe,ad705c59-6893-4980-bdbf-0837f1823cc4
1,@angular/forms,8.2.14,Direct Dependency,MIT License,PERMISSIVE,NOT_REVIEWED,c9bb7a26-782a-46cc-9d4d-29e10e6bad20,eb49ebd6-4a1f-4e60-8367-a182d68c0986,ad705c59-6893-4980-bdbf-0837f1823cc4
2,@angular/platform-browser,8.2.14,Direct Dependency,MIT License,PERMISSIVE,NOT_REVIEWED,a87863f2-0b2f-4af8-91b1-ac1edc1c0d6d,9e0e8189-7440-45fc-b120-5a3a52c5650f,ad705c59-6893-4980-bdbf-0837f1823cc4
3,@angular/platform-browser-dynamic,8.2.14,Direct Dependency,MIT License,PERMISSIVE,NOT_REVIEWED,1714ee73-d063-44e5-956d-28fa90b65ad6,28c4ab66-f764-463e-aae3-64d241ed8946,ad705c59-6893-4980-bdbf-0837f1823cc4
4,@angular/router,8.2.14,Direct Dependency,MIT License,PERMISSIVE,NOT_REVIEWED,1bb5c4c7-18de-41ff-821e-d18f8f26130f,56f731e7-5777-4503-9506-36a7a82e42cc,ad705c59-6893-4980-bdbf-0837f1823cc4
5,@angular/upgrade,8.2.14,Direct Dependency,MIT License,PERMISSIVE,NOT_REVIEWED,135692fb-d668-4386-b1fd-d66619d629ef,299fe62d-dd43-4d3b-9554-d2da775cc6de,ad705c59-6893-4980-bdbf-0837f1823cc4
6,@babel/code-frame,7.12.11,Transitive Dependency,MIT License,PERMISSIVE,NOT_REVIEWED,e0589241-4783-48f7-843a-ba6d4fd3a225,2f60c9b3-c2d2-4281-9373-dad9359b0424,ad705c59-6893-4980-bdbf-0837f1823cc4
7,@babel/code-frame,7.8.3,Transitive Dependency,MIT License,PERMISSIVE,NOT_REVIEWED,e0589241-4783-48f7-843a-ba6d4fd3a225,3548308a-30a8-4714-a450-b7cb6376070a,ad705c59-6893-4980-bdbf-0837f1823cc4
8,@babel/compat-data,7.9.0,Transitive Dependency,MIT License,PERMISSIVE,NOT_REVIEWED,7a29265f-280b-498c-9b77-99c10eefef61,f8db555c-1eeb-44aa-883a-aaecc258aa46,ad705c59-6893-4980-bdbf-0837f1823cc4
9,@babel/core,7.9.0,Transitive Dependency,MIT License,PERMISSIVE,NOT_REVIEWED,c0271d13-4a3d-4bcc-ab48-0cdad3ef412b,797eb0e8-0920-4635-a265-c909448adbba,ad705c59-6893-4980-bdbf-0837f1823cc4
10,@babel/generator,7.9.5,Transitive Dependency,MIT License,PERMISSIVE,NOT_REVIEWED,7a4eda02-c81b-4f8e-91b3-179f3ea8f7cb,7b5f0679-71b5-4dee-86a7-ddf115e3e368,ad705c59-6893-4980-bdbf-0837f1823cc4
11,@babel/helper-annotate-as-pure,7.8.3,Transitive Dependency,MIT License,PERMISSIVE,NOT_REVIEWED,5a48e054-eb34-4c4e-9909-1ab148d6c26f,fa73e190-8336-4028-8726-86a41e1d3704,ad705c59-6893-4980-bdbf-0837f1823cc4
12,@babel/helper-builder-binary-assignment-operator-visitor,7.8.3,Transitive Dependency,MIT License,PERMISSIVE,NOT_REVIEWED,ff1f7b9b-003c-436a-86ce-9a516458c551,f44c8c41-3dfc-473f-8e36-d34ffb576ee6,ad705c59-6893-4980-bdbf-0837f1823cc4
13,@babel/helper-builder-react-jsx,7.9.0,Transitive Dependency,MIT License,PERMISSIVE,NOT_REVIEWED,05e43cd9-da55-475e-a0cb-19ad415a20bb,b224078e-9876-4bf8-85e7-598fa9b8e278,ad705c59-6893-4980-bdbf-0837f1823cc4
14,@babel/helper-builder-react-jsx-experimental,7.9.5,Transitive Dependency,MIT License,PERMISSIVE,NOT_REVIEWED,09509442-d2f0-46a1-9d3c-5f127939fffb,fd770977-71a2-4b9e-b5fe-6dc8b32f66e4,ad705c59-6893-4980-bdbf-0837f1823cc4
15,@babel/helper-compilation-targets,7.8.7,Transitive Dependency,MIT License,PERMISSIVE,NOT_REVIEWED,fdc3a6df-768a-435a-9ef9-5e1553a6af2e,a27d10fa-9868-45c0-8a35-39d9355c9b21,ad705c59-6893-4980-bdbf-0837f1823cc4
16,@babel/helper-create-regexp-features-plugin,7.8.8,Transitive Dependency,MIT License,PERMISSIVE,NOT_REVIEWED,051d4031-aad6-4eb3-a085-b45d2dc94ddd,a82302c2-b72e-4f7e-9931-050ff156a7b4,ad705c59-6893-4980-bdbf-0837f1823cc4
17,@babel/helper-define-map,7.8.3,Transitive Dependency,MIT License,PERMISSIVE,NOT_REVIEWED,0d05eeca-9040-4b1b-9fb1-67175bbfdb1f,a898fc8b-2996-459d-b678-148fe529ea64,ad705c59-6893-4980-bdbf-0837f1823cc4
18,@babel/helper-explode-assignable-expression,7.8.3,Transitive Dependency,MIT License,PERMISSIVE,NOT_REVIEWED,f6c55228-545c-4635-96e2-7272c4039dad,c960bf39-62c7-4498-a2b7-2284c57c1b25,ad705c59-6893-4980-bdbf-0837f1823cc4
19,@babel/helper-function-name,7.9.5,Transitive Dependency,MIT License,PERMISSIVE,NOT_REVIEWED,fee3a0db-cc28-4550-8878-748a03f40e82,79865f75-957d-4922-a481-234c0c118724,ad705c59-6893-4980-bdbf-0837f1823cc4
20,@babel/helper-get-function-arity,7.8.3,Transitive Dependency,MIT License,PERMISSIVE,NOT_REVIEWED,c231a034-1089-4439-8ed2-2c3678755728,16c4d17f-ec45-4046-a61b-06f047b2d9c0,ad705c59-6893-4980-bdbf-0837f1823cc4
21,@babel/helper-hoist-variables,7.8.3,Transitive Dependency,MIT License,PERMISSIVE,NOT_REVIEWED,24916be7-3c9a-4983-bfe0-e44bee538942,3a025642-01e0-49e6-a5fe-582e46fd608c,ad705c59-6893-4980-bdbf-0837f1823cc4
22,@babel/helper-member-expression-to-functions,7.8.3,Transitive Dependency,MIT License,PERMISSIVE,NOT_REVIEWED,40909644-f461-4e7d-ae1b-027517b0b5db,5f47c5ea-729c-4315-9e22-b59b3fd23045,ad705c59-6893-4980-bdbf-0837f1823cc4
23,@babel/helper-module-imports,7.8.3,Transitive Dependency,MIT License,PERMISSIVE,NOT_REVIEWED,92d9424a-1e05-4392-858a-46df98d9e5ed,54657e04-ab9c-45f0-9ec4-cb34e165c528,ad705c59-6893-4980-bdbf-0837f1823cc4
24,@babel/helper-module-transforms,7.9.0,Transitive Dependency,MIT License,PERMISSIVE,NOT_REVIEWED,387780b7-8c2a-43e7-9efd-e4240997fa2a,e749d2d3-a76c-4f2a-b3ec-11c7e61fbd04,ad705c59-6893-4980-bdbf-0837f1823cc4
25,@babel/helper-optimise-call-expression,7.8.3,Transitive Dependency,MIT License,PERMISSIVE,NOT_REVIEWED,3f13705f-d723-4b19-a9e5-3ebd2c7536b7,3262e4a3-8e31-480f-8acc-b0d27abfe71e,ad705c59-6893-4980-bdbf-0837f1823cc4
26,@babel/helper-plugin-utils,7.8.3,Transitive Dependency,MIT License,PERMISSIVE,NOT_REVIEWED,3d9fc2bb-f452-4844-b4ef-f5bc6a0c33bc,dc3fbfe5-6b80-4ee9-ac38-6f356448ffbc,ad705c59-6893-4980-bdbf-0837f1823cc4
27,@babel/helper-regex,7.8.3,Transitive Dependency,MIT License,PERMISSIVE,NOT_REVIEWED,6b3c3832-f612-4cce-948a-5739c0d2a1fc,8c09add6-ea35-463e-9812-31d513fc9a54,ad705c59-6893-4980-bdbf-0837f1823cc4
28,@babel/helper-remap-async-to-generator,7.8.3,Transitive Dependency,MIT License,PERMISSIVE,NOT_REVIEWED,71b11831-cefb-4d94-b9a4-7b5fefda2bd4,68e828b1-6d98-40a6-8ca3-aee2c3db569f,ad705c59-6893-4980-bdbf-0837f1823cc4
29,@babel/helper-replace-supers,7.8.6,Transitive Dependency,MIT License,PERMISSIVE,NOT_REVIEWED,d00d3e76-fa80-48ea-a63d-98ce2a1f92bc,2df5c292-2d4a-4529-912c-2e35d401f829,ad705c59-6893-4980-bdbf-0837f1823cc4
30,@babel/helper-simple-access,7.8.3,Transitive Dependency,MIT License,PERMISSIVE,NOT_REVIEWED,163c9ea8-019a-452d-bcde-8fd062b8109b,aa61ae4b-2748-487d-818d-496021a7342a,ad705c59-6893-4980-bdbf-0837f1823cc4
31,@babel/helper-split-export-declaration,7.8.3,Transitive Dependency,MIT License,PERMISSIVE,NOT_REVIEWED,099394d3-272d-4f26-8089-8f9c17219bd1,e2c122f4-b440-4299-ad7c-6f049e23ddff,ad705c59-6893-4980-bdbf-0837f1823cc4
32,@babel/helper-validator-identifier,7.14.9,Transitive Dependency,MIT License,PERMISSIVE,NOT_REVIEWED,b8d2249f-f9ca-4eee-824f-4539d37faf9c,9e60fd66-7638-4c27-a3a7-3b926656780e,ad705c59-6893-4980-bdbf-0837f1823cc4
33,@babel/helper-validator-identifier,7.9.5,Transitive Dependency,MIT License,PERMISSIVE,NOT_REVIEWED,b8d2249f-f9ca-4eee-824f-4539d37faf9c,16ebeb5c-4728-4881-8314-a9d9727035b6,ad705c59-6893-4980-bdbf-0837f1823cc4
34,@babel/helper-wrap-function,7.8.3,Transitive Dependency,MIT License,PERMISSIVE,NOT_REVIEWED,3efd5399-a6fc-4840-a902-f38325d86027,4edceadd-ab08-4d58-b702-0e0c0d595a79,ad705c59-6893-4980-bdbf-0837f1823cc4
35,@babel/helpers,7.9.2,Transitive Dependency,MIT License,PERMISSIVE,NOT_REVIEWED,f68fceee-c491-4bcc-970d-56ecb9149e27,cc4ef0c4-fc71-4c49-a293-376a9fc47a3d,ad705c59-6893-4980-bdbf-0837f1823cc4
36,@babel/highlight,7.14.5,Transitive Dependency,MIT License,PERMISSIVE,NOT_REVIEWED,45df1b38-bb9d-49e1-beaf-9c4230aef754,062e279a-444d-4f42-9c57-2b9e6acab8ce,ad705c59-6893-4980-bdbf-0837f1823cc4
37,@babel/highlight,7.9.0,Transitive Dependency,MIT License,PERMISSIVE,NOT_REVIEWED,45df1b38-bb9d-49e1-beaf-9c4230aef754,c2f8abe4-2ee1-4617-a394-a30481346b34,ad705c59-6893-4980-bdbf-0837f1823cc4
38,@babel/parser,7.9.4,Transitive Dependency,MIT License,PERMISSIVE,NOT_REVIEWED,e189edba-7a09-4c36-971a-e00c0eec242f,5fb422a1-ded8-479c-9680-6006e2c0d01b,ad705c59-6893-4980-bdbf-0837f1823cc4
39,@babel/plugin-proposal-async-generator-functions,7.8.3,Transitive Dependency,MIT License,PERMISSIVE,NOT_REVIEWED,db11fcbe-189a-429c-ba9e-1da8c95394c1,d019c5f2-20c9-4e4e-8217-76410b0c0f3d,ad705c59-6893-4980-bdbf-0837f1823cc4
40,@babel/plugin-proposal-dynamic-import,7.8.3,Transitive Dependency,MIT License,PERMISSIVE,NOT_REVIEWED,b295c881-51a6-4a2e-8dad-7db1d843b205,6c92c3e8-f559-4500-adc8-44fa3885ae3f,ad705c59-6893-4980-bdbf-0837f1823cc4
41,@babel/plugin-proposal-json-strings,7.8.3,Transitive Dependency,MIT License,PERMISSIVE,NOT_REVIEWED,7c664d8a-ad31-46ac-8435-83872878cfac,4767282b-1607-4f0f-9b61-2dd630ceaf2f,ad705c59-6893-4980-bdbf-0837f1823cc4
42,@babel/plugin-proposal-nullish-coalescing-operator,7.8.3,Transitive Dependency,MIT License,PERMISSIVE,NOT_REVIEWED,d4f63f09-16e1-4bb1-bfae-2a5891445e29,86416c0d-b289-4569-8590-f80ab6983f11,ad705c59-6893-4980-bdbf-0837f1823cc4
43,@babel/plugin-proposal-numeric-separator,7.8.3,Transitive Dependency,MIT License,PERMISSIVE,NOT_REVIEWED,86f64292-4716-4939-ba9f-bfc11656543d,faac6e93-b87a-4cd6-b353-481beb564f54,ad705c59-6893-4980-bdbf-0837f1823cc4
44,@babel/plugin-proposal-object-rest-spread,7.9.5,Transitive Dependency,MIT License,PERMISSIVE,NOT_REVIEWED,d3735a73-7ff9-4e64-ae0e-a929c9609b06,3825f18e-fc32-4186-9f7b-98dbc8a0f07b,ad705c59-6893-4980-bdbf-0837f1823cc4
45,@babel/plugin-proposal-optional-catch-binding,7.8.3,Transitive Dependency,MIT License,PERMISSIVE,NOT_REVIEWED,44d352d6-bd07-4b55-8bc0-da1ad1a6e45d,44f6c4ac-a244-4ae2-a6a5-017997e84a75,ad705c59-6893-4980-bdbf-0837f1823cc4
46,@babel/plugin-proposal-optional-chaining,7.9.0,Transitive Dependency,MIT License,PERMISSIVE,NOT_REVIEWED,3f0e70ca-1f71-4427-a955-40e1116a6f7b,e3720c80-29e4-4a47-b45f-91503244ba09,ad705c59-6893-4980-bdbf-0837f1823cc4
47,@babel/plugin-proposal-unicode-property-regex,7.8.8,Transitive Dependency,MIT License,PERMISSIVE,NOT_REVIEWED,301b8427-0d11-4878-a046-6bdba4c1926a,8ba6a5dd-608b-4946-a496-5f1b543a8fed,ad705c59-6893-4980-bdbf-0837f1823cc4
48,@babel/plugin-syntax-async-generators,7.8.4,Transitive Dependency,MIT License,PERMISSIVE,NOT_REVIEWED,3cc85124-34c7-44ed-b0a4-367b37b350d0,ec9eddf2-0d81-485a-9a57-a125c52e7015,ad705c59-6893-4980-bdbf-0837f1823cc4
49,@babel/plugin-syntax-dynamic-import,7.8.3,Transitive Dependency,MIT License,PERMISSIVE,NOT_REVIEWED,6be70f65-b1e8-44d1-8059-c85d6ee2f03a,130967d9-eef2-4839-9c3c-26eaf84a97a8,ad705c59-6893-4980-bdbf-0837f1823cc4
50,@babel/plugin-syntax-json-strings,7.8.3,Transitive Dependency,MIT License,PERMISSIVE,NOT_REVIEWED,228d3010-1374-4c37-955f-e614d3148745,cc483ba5-75dc-4ce6-9281-3340f69a4caa,ad705c59-6893-4980-bdbf-0837f1823cc4
51,@babel/plugin-syntax-jsx,7.8.3,Transitive Dependency,MIT License,PERMISSIVE,NOT_REVIEWED,4bec98c6-4aa2-4150-a673-bddb83a9a849,b0057186-2c11-4a62-ba5c-96dabc81f8ec,ad705c59-6893-4980-bdbf-0837f1823cc4
52,@babel/plugin-syntax-nullish-coalescing-operator,7.8.3,Transitive Dependency,MIT License,PERMISSIVE,NOT_REVIEWED,2db84863-6ea3-4c0a-b703-202d302c80e1,f927fd19-bb32-4118-bc2b-e5cc86bd161b,ad705c59-6893-4980-bdbf-0837f1823cc4
53,@babel/plugin-syntax-numeric-separator,7.8.3,Transitive Dependency,MIT License,PERMISSIVE,NOT_REVIEWED,d44bd0c9-9113-40fd-9baf-12a84801109a,13dce540-cb94-4c1d-a291-32e3214cbdbf,ad705c59-6893-4980-bdbf-0837f1823cc4
54,@babel/plugin-syntax-object-rest-spread,7.8.3,Transitive Dependency,MIT License,PERMISSIVE,NOT_REVIEWED,e8219861-d673-46b6-b216-978c0d82275c,41a22984-efbd-41b1-9585-1572d0cb3154,ad705c59-6893-4980-bdbf-0837f1823cc4
55,@babel/plugin-syntax-optional-catch-binding,7.8.3,Transitive Dependency,MIT License,PERMISSIVE,NOT_REVIEWED,18f6f936-c226-47f6-b8d5-d552155a6083,072eea54-0161-4720-8f6b-452d437efe4a,ad705c59-6893-4980-bdbf-0837f1823cc4
56,@babel/plugin-syntax-optional-chaining,7.8.3,Transitive Dependency,MIT License,PERMISSIVE,NOT_REVIEWED,376e85e0-ca64-4d5a-96e1-31382ac4f102,79dfbcb8-1373-4dab-a1b5-88663547f4d8,ad705c59-6893-4980-bdbf-0837f1823cc4
57,@babel/plugin-syntax-top-level-await,7.8.3,Transitive Dependency,MIT License,PERMISSIVE,NOT_REVIEWED,e16b676c-c293-433b-960b-b9bf366018e7,fa28adf7-98b1-498b-94f8-ba41b3cdaac8,ad705c59-6893-4980-bdbf-0837f1823cc4
58,@babel/plugin-transform-arrow-functions,7.8.3,Transitive Dependency,MIT License,PERMISSIVE,NOT_REVIEWED,95bb9ce3-bf27-4ac8-b5cc-b70b08a50b15,b3df8911-8d27-42f5-a61b-ad08e3d39ec9,ad705c59-6893-4980-bdbf-0837f1823cc4
59,@babel/plugin-transform-async-to-generator,7.8.3,Transitive Dependency,MIT License,PERMISSIVE,NOT_REVIEWED,eef0fb9d-b69a-4398-a747-adcb7413250c,893cd8cf-af57-4ec2-bea2-8fc3ab362bf5,ad705c59-6893-4980-bdbf-0837f1823cc4
60,@babel/plugin-transform-block-scoped-functions,7.8.3,Transitive Dependency,MIT License,PERMISSIVE,NOT_REVIEWED,8e7583c7-5cc7-41f1-aca2-02dff4daac59,5b915402-0e03-48b0-a214-6b7ccdada6b7,ad705c59-6893-4980-bdbf-0837f1823cc4
61,@babel/plugin-transform-block-scoping,7.8.3,Transitive Dependency,MIT License,PERMISSIVE,NOT_REVIEWED,c8413088-e5c4-4862-93fb-5aa64a28c203,a6751aa3-31d4-4fbc-bf34-bafea97ccc88,ad705c59-6893-4980-bdbf-0837f1823cc4
62,@babel/plugin-transform-classes,7.9.5,Transitive Dependency,MIT License,PERMISSIVE,NOT_REVIEWED,aa265b19-eccb-4fcf-a774-f4f3cd2ae33b,7e7ea043-65ab-4a56-9cc0-9281c287bd97,ad705c59-6893-4980-bdbf-0837f1823cc4
63,@babel/plugin-transform-computed-properties,7.8.3,Transitive Dependency,MIT License,PERMISSIVE,NOT_REVIEWED,230efda0-60f4-4e6a-8a8a-7eeb74849558,a7983492-39b9-43ca-83b5-481bafb652a7,ad705c59-6893-4980-bdbf-0837f1823cc4
64,@babel/plugin-transform-destructuring,7.9.5,Transitive Dependency,MIT License,PERMISSIVE,NOT_REVIEWED,57315247-eca6-4ded-be65-bad493d440a3,e36c9275-cc5b-4188-8548-f37d574964bb,ad705c59-6893-4980-bdbf-0837f1823cc4
65,@babel/plugin-transform-dotall-regex,7.8.3,Transitive Dependency,MIT License,PERMISSIVE,NOT_REVIEWED,337969fb-77df-4871-b9a2-d4e415935412,5b5caf1e-badc-4b90-ad60-ff5f826e83fb,ad705c59-6893-4980-bdbf-0837f1823cc4
66,@babel/plugin-transform-duplicate-keys,7.8.3,Transitive Dependency,MIT License,PERMISSIVE,NOT_REVIEWED,c6513c00-8897-48ae-8d0d-66647a05c164,6154bc3e-b86c-480e-b1e4-0101f00c787f,ad705c59-6893-4980-bdbf-0837f1823cc4
67,@babel/plugin-transform-exponentiation-operator,7.8.3,Transitive Dependency,MIT License,PERMISSIVE,NOT_REVIEWED,154156b9-6cd4-43e7-91c0-906c501a0708,8676a365-e410-46d9-a358-298536ae29cb,ad705c59-6893-4980-bdbf-0837f1823cc4
68,@babel/plugin-transform-for-of,7.9.0,Transitive Dependency,MIT License,PERMISSIVE,NOT_REVIEWED,fd9a7ff0-68b8-4890-99ad-5e9abde82a64,73efe281-d427-49c8-a547-2d0eb0d0af63,ad705c59-6893-4980-bdbf-0837f1823cc4
69,@babel/plugin-transform-function-name,7.8.3,Transitive Dependency,MIT License,PERMISSIVE,NOT_REVIEWED,4f125226-f943-4cf9-82dd-44ee77619c98,a7173a1e-88af-434b-acf7-d412e7cfadde,ad705c59-6893-4980-bdbf-0837f1823cc4
70,@babel/plugin-transform-literals,7.8.3,Transitive Dependency,MIT License,PERMISSIVE,NOT_REVIEWED,8232dd06-5ce0-414d-9c3f-7df142260ba0,2d5d0512-e4e7-4417-8381-91a2f2b7d12b,ad705c59-6893-4980-bdbf-0837f1823cc4
71,@babel/plugin-transform-member-expression-literals,7.8.3,Transitive Dependency,MIT License,PERMISSIVE,NOT_REVIEWED,7336bae5-00df-45e0-ba8c-835cd55c3bd7,2a733421-d078-48b9-b333-9b656b89a0a0,ad705c59-6893-4980-bdbf-0837f1823cc4
72,@babel/plugin-transform-modules-amd,7.9.0,Transitive Dependency,MIT License,PERMISSIVE,NOT_REVIEWED,034e61ea-f1a9-4417-b0b9-2e5ac022c240,1e15953e-4137-4feb-a4c6-72d0ac849bb5,ad705c59-6893-4980-bdbf-0837f1823cc4
73,@babel/plugin-transform-modules-commonjs,7.9.0,Transitive Dependency,MIT License,PERMISSIVE,NOT_REVIEWED,7c6d6474-5470-49c8-8eb9-9473019717f0,ef367513-02d8-44cc-a472-0d03f82a5280,ad705c59-6893-4980-bdbf-0837f1823cc4
74,@babel/plugin-transform-modules-systemjs,7.9.0,Transitive Dependency,MIT License,PERMISSIVE,NOT_REVIEWED,2a3a6101-edfa-4643-b5de-0387cad15807,585ae5ab-b967-4c16-8b26-692d29f523a8,ad705c59-6893-4980-bdbf-0837f1823cc4
75,@babel/plugin-transform-modules-umd,7.9.0,Transitive Dependency,MIT License,PERMISSIVE,NOT_REVIEWED,324bf2a5-76de-472f-9301-5f4eebaf63e2,6d0beaf4-e569-4e66-abf1-143f5c4af3de,ad705c59-6893-4980-bdbf-0837f1823cc4
76,@babel/plugin-transform-named-capturing-groups-regex,7.8.3,Transitive Dependency,MIT License,PERMISSIVE,NOT_REVIEWED,b0327366-c0c9-45b3-94b9-bfce5d088559,74d7fc90-6dce-4ba6-91b3-52c7fb98713d,ad705c59-6893-4980-bdbf-0837f1823cc4
77,@babel/plugin-transform-new-target,7.8.3,Transitive Dependency,MIT License,PERMISSIVE,NOT_REVIEWED,6ce074de-8e7d-4005-991e-a04ac1aa5944,998b6e55-6b8c-4daf-83a3-113a56b9be43,ad705c59-6893-4980-bdbf-0837f1823cc4
78,@babel/plugin-transform-object-super,7.8.3,Transitive Dependency,MIT License,PERMISSIVE,NOT_REVIEWED,facd29f1-060c-496e-968c-5c0869249f0f,4563a5b1-3cc1-4890-b7da-70ed6c48e397,ad705c59-6893-4980-bdbf-0837f1823cc4
79,@babel/plugin-transform-parameters,7.9.5,Transitive Dependency,MIT License,PERMISSIVE,NOT_REVIEWED,7058b484-5f6c-4550-b98e-e3d04954ecdb,9726ac27-fa47-4bb0-b7f0-5c7815594247,ad705c59-6893-4980-bdbf-0837f1823cc4
80,@babel/plugin-transform-property-literals,7.8.3,Transitive Dependency,MIT License,PERMISSIVE,NOT_REVIEWED,b36c5348-9e9e-41b3-afe1-6910c24e9dfb,e2ea08d0-9bf0-4a2f-9b6d-df7c1f1c11c5,ad705c59-6893-4980-bdbf-0837f1823cc4
81,@babel/plugin-transform-react-jsx,7.9.4,Transitive Dependency,MIT License,PERMISSIVE,NOT_REVIEWED,6afa0d45-8a55-4804-9d34-81701c177ac9,172f46f5-a72c-4be9-9f26-66db1079031c,ad705c59-6893-4980-bdbf-0837f1823cc4
82,@babel/plugin-transform-regenerator,7.8.7,Transitive Dependency,MIT License,PERMISSIVE,NOT_REVIEWED,4e0af199-5392-4380-9008-e081415c6c9b,46e74ac3-61cc-48ff-b894-f1287cd58de9,ad705c59-6893-4980-bdbf-0837f1823cc4
83,@babel/plugin-transform-reserved-words,7.8.3,Transitive Dependency,MIT License,PERMISSIVE,NOT_REVIEWED,ca031787-ef0a-48c0-9a48-af5e96ba41b9,e2795b10-276f-43bd-9459-0e8ca3e55b8f,ad705c59-6893-4980-bdbf-0837f1823cc4
84,@babel/plugin-transform-shorthand-properties,7.8.3,Transitive Dependency,MIT License,PERMISSIVE,NOT_REVIEWED,a9683474-b3e2-470a-9d90-e0f64794548c,1eb0ec94-48f1-4cd4-ad41-8a9bedff3d15,ad705c59-6893-4980-bdbf-0837f1823cc4
85,@babel/plugin-transform-spread,7.8.3,Transitive Dependency,MIT License,PERMISSIVE,NOT_REVIEWED,8c83864e-4d84-466c-97a2-5bef832b88bb,eb2ebd08-1402-4bd0-ba40-d58e683fd9bb,ad705c59-6893-4980-bdbf-0837f1823cc4
86,@babel/plugin-transform-sticky-regex,7.8.3,Transitive Dependency,MIT License,PERMISSIVE,NOT_REVIEWED,14be35b5-24fe-40e0-a729-aa471e34381b,2a2e5262-3c51-414e-b955-aa00a45985b6,ad705c59-6893-4980-bdbf-0837f1823cc4
87,@babel/plugin-transform-template-literals,7.8.3,Transitive Dependency,MIT License,PERMISSIVE,NOT_REVIEWED,49d87aea-2871-464b-a5ac-2943e3b77b38,073d1606-068a-4b6c-b834-e7483c4ea6e0,ad705c59-6893-4980-bdbf-0837f1823cc4
88,@babel/plugin-transform-typeof-symbol,7.8.4,Transitive Dependency,MIT License,PERMISSIVE,NOT_REVIEWED,a47a3b4f-90f8-4832-9d34-f508c3d7b5c6,d06fb0f9-9bd8-48e7-8fb3-a1e62f159659,ad705c59-6893-4980-bdbf-0837f1823cc4
89,@babel/plugin-transform-unicode-regex,7.8.3,Transitive Dependency,MIT License,PERMISSIVE,NOT_REVIEWED,342bba9f-ff87-488e-a135-37604e47aca9,ae396cc5-1209-4c9e-b233-4bc7e65c9bb1,ad705c59-6893-4980-bdbf-0837f1823cc4
90,@babel/preset-env,7.9.5,Transitive Dependency,MIT License,PERMISSIVE,NOT_REVIEWED,9cf1773f-d2b4-4590-88ad-8d99f24ceca2,ed2a03c1-a633-4c44-bf1e-0c1d5f77e4cd,ad705c59-6893-4980-bdbf-0837f1823cc4
91,@babel/preset-modules,0.1.3,Transitive Dependency,MIT License,PERMISSIVE,NOT_REVIEWED,68151df4-1d0b-4598-ba77-0b117e501644,67dcf713-f1a4-4bea-aa14-55aef35a4722,ad705c59-6893-4980-bdbf-0837f1823cc4
92,@babel/runtime,7.9.2,Transitive Dependency,MIT License,PERMISSIVE,NOT_REVIEWED,ad5ac329-c2d6-4956-b653-ba22ca55f04b,1b1bbbeb-f90e-4d61-bca9-ea7d4234b293,ad705c59-6893-4980-bdbf-0837f1823cc4
93,@babel/template,7.8.6,Transitive Dependency,MIT License,PERMISSIVE,NOT_REVIEWED,2b614fe1-7e65-499c-b0ba-c87565dbc05f,c8850910-2b6b-4423-8820-6ace71fdf332,ad705c59-6893-4980-bdbf-0837f1823cc4
94,@babel/types,7.9.5,Transitive Dependency,MIT License,PERMISSIVE,NOT_REVIEWED,683f96e4-f1c9-4ca0-b1c8-0c2608b2ebf2,59e66527-b980-4633-ba0c-e229b4d4d315,ad705c59-6893-4980-bdbf-0837f1823cc4
95,@eslint/eslintrc,0.4.3,Transitive Dependency,MIT License,PERMISSIVE,NOT_REVIEWED,9e8c447a-c03b-44da-94ab-72db70514a89,75bff354-8f0c-4f63-92aa-2bb44517ba05,ad705c59-6893-4980-bdbf-0837f1823cc4
96,@humanwhocodes/config-array,0.5.0,Transitive Dependency,Apache License 2.0,PERMISSIVE,NOT_REVIEWED,dcd3be6d-2e24-4d10-8743-c1725833989b,055d00e4-9638-4746-a97d-9c54024076e4,7cae335f-1193-421e-92f1-8802b4243e93
97,@humanwhocodes/object-schema,1.2.0,Transitive Dependency,"BSD 3-clause ""New"" or ""Revised"" License",PERMISSIVE,NOT_REVIEWED,28833363-963b-4ec9-b119-0b3023c71ded,74421c24-04df-4336-80f0-1a3cc3d0972f,3d238144-44e6-450e-b523-3defbdaed9dc
98,@ng-bootstrap/ng-bootstrap,5.3.1,Direct Dependency,MIT License,PERMISSIVE,NOT_REVIEWED,54fef53b-8961-4c30-96ee-13be25524ba0,68ceced3-5ec1-411f-adc1-54ebdb574e0b,ad705c59-6893-4980-bdbf-0837f1823cc4
99,@rollup/plugin-commonjs,11.0.2,Transitive Dependency,MIT License,PERMISSIVE,NOT_REVIEWED,2d315c5d-9843-4adc-bb1d-0559c8908645,4b9527e0-5a84-4a41-b682-bbd70ebfaeeb,ad705c59-6893-4980-bdbf-0837f1823cc4
100,@rollup/plugin-json,4.0.3,Transitive Dependency,MIT License,PERMISSIVE,NOT_REVIEWED,1d21a36c-bf0e-4d2d-8949-9b05bebb763e,73d52592-2fb6-4bc8-89d9-86b2d82cd358,ad705c59-6893-4980-bdbf-0837f1823cc4
101,@rollup/plugin-node-resolve,7.1.3,Transitive Dependency,MIT License,PERMISSIVE,NOT_REVIEWED,b2ab2c87-4ebb-494d-8511-d75c2f82d683,d4634cf3-3d04-4131-a511-818f235b5ea3,ad705c59-6893-4980-bdbf-0837f1823cc4
102,@rollup/plugin-replace,2.3.2,Transitive Dependency,MIT License,PERMISSIVE,NOT_REVIEWED,55aafe9c-822c-4184-9adb-fb0ebf8b35f9,ce059d95-6142-44db-b58b-12c2aa0251ca,ad705c59-6893-4980-bdbf-0837f1823cc4
103,@rollup/pluginutils,3.0.9,Transitive Dependency,MIT License,PERMISSIVE,NOT_REVIEWED,bbe3cb22-0a4b-436f-8ce7-5bdb7e26a8a8,98d39020-b7e0-45a0-99df-d5382a942b4d,ad705c59-6893-4980-bdbf-0837f1823cc4
104,@sindresorhus/is,2.1.1,Transitive Dependency,MIT License,PERMISSIVE,NOT_REVIEWED,9fb40439-a7a7-4ece-a449-1aead22d3ed8,7ce44ece-239b-45da-9a77-61c8afb1709b,ad705c59-6893-4980-bdbf-0837f1823cc4
105,@szmarczak/http-timer,4.0.5,Transitive Dependency,MIT License,PERMISSIVE,NOT_REVIEWED,6dbc4b87-7ea3-421b-9320-792c7786cd13,cdd3c6ce-0194-4e0b-ac51-ab277b922280,ad705c59-6893-4980-bdbf-0837f1823cc4
106,@types/cacheable-request,6.0.1,Transitive Dependency,MIT License,PERMISSIVE,NOT_REVIEWED,2e71f241-7f9e-40a7-b960-1583a87253ed,27726376-fbfe-4537-9d5b-87e113a59b20,ad705c59-6893-4980-bdbf-0837f1823cc4
107,@types/color-name,1.1.1,Transitive Dependency,MIT License,PERMISSIVE,NOT_REVIEWED,2f542df3-2f71-41d3-8628-c944a35beb44,af4532f9-aad0-43cb-a62a-cae0bb8b4b5b,ad705c59-6893-4980-bdbf-0837f1823cc4
108,@types/estree,0.0.39,Transitive Dependency,MIT License,PERMISSIVE,NOT_REVIEWED,48e118e1-8295-4e0a-adb5-58b2c80baa76,d91c2d57-fd81-43bd-b328-624819ca8b3a,ad705c59-6893-4980-bdbf-0837f1823cc4
109,@types/http-cache-semantics,4.0.0,Transitive Dependency,MIT License,PERMISSIVE,NOT_REVIEWED,48807333-ce29-4221-9eda-6284e4d09de8,efac654c-fd87-4789-923a-159a688028e7,ad705c59-6893-4980-bdbf-0837f1823cc4
110,@types/keyv,3.1.1,Transitive Dependency,MIT License,PERMISSIVE,NOT_REVIEWED,2ebc3557-9d0f-4174-be5d-889e8d924aba,f0afb6a2-2d14-4cdf-bc75-354f7263eca8,ad705c59-6893-4980-bdbf-0837f1823cc4
111,@types/node,13.13.4,Transitive Dependency,MIT License,PERMISSIVE,NOT_REVIEWED,89521250-97db-4e76-996b-ac3110a10928,ee302d68-c076-46b7-91d5-4baaeaa6a6cd,ad705c59-6893-4980-bdbf-0837f1823cc4
112,@types/parse-json,4.0.0,Transitive Dependency,MIT License,PERMISSIVE,NOT_REVIEWED,49da749c-896b-4e55-8cdd-9f3c3538c7de,68d4acf8-3ffb-46dc-822d-4efc3f0d6d2d,ad705c59-6893-4980-bdbf-0837f1823cc4
113,@types/resolve,0.0.8,Transitive Dependency,MIT License,PERMISSIVE,NOT_REVIEWED,ca4ea8d0-b221-4578-999e-a581de2aa5ac,a2ee2143-fef1-4028-84a6-88d2f2f62bef,ad705c59-6893-4980-bdbf-0837f1823cc4
114,@types/responselike,1.0.0,Transitive Dependency,MIT License,PERMISSIVE,NOT_REVIEWED,d9dd5f42-b68b-4461-90c7-be28b5aa90ae,a551d596-0046-46cd-9a28-65f4471fad17,ad705c59-6893-4980-bdbf-0837f1823cc4
115,@uirouter/angularjs,1.0.25,Direct Dependency,MIT License,PERMISSIVE,NOT_REVIEWED,7a7d396b-36c6-4ab3-af49-904d29e34a87,eac1ba9a-e56e-48a1-a102-6467479cf14b,ad705c59-6893-4980-bdbf-0837f1823cc4
116,ASM,9.10.1,Direct Dependency,"BSD 3-clause ""New"" or ""Revised"" License",PERMISSIVE,NOT_REVIEWED,a5ce5718-168c-4a89-976c-245a004c4397,cf4f78b5-b4d9-4495-b7f6-825eb9e6b4ae,3d238144-44e6-450e-b523-3defbdaed9dc
117,ASM Commons,9.10.1,Direct Dependency,"BSD 3-clause ""New"" or ""Revised"" License",PERMISSIVE,NOT_REVIEWED,755247aa-5fb2-4ff7-958c-d0bb99e548e8,c3d831b1-fccc-40b7-b004-7c6e285822fd,3d238144-44e6-450e-b523-3defbdaed9dc
118,ASM Tree,9.10.1,Direct Dependency,"BSD 3-clause ""New"" or ""Revised"" License",PERMISSIVE,NOT_REVIEWED,3569f00e-c2ff-4c25-ad6e-013073a37e6a,83f5f4fa-7f0d-4330-b2b8-158909a06081,3d238144-44e6-450e-b523-3defbdaed9dc
119,ASM Util,9.10.1,Direct Dependency,"BSD 3-clause ""New"" or ""Revised"" License",PERMISSIVE,NOT_REVIEWED,66ecdff5-5f93-4073-b86f-1437007b7b0c,1f1e04ae-ec80-4c78-95c6-cdd223304285,3d238144-44e6-450e-b523-3defbdaed9dc
120,ASM based accessors helper used by json-smart,2.6.0,Direct Dependency,Apache License 2.0,PERMISSIVE,NOT_REVIEWED,2adb126c-35e3-42d9-9e6e-ec0ab2fb0285,f148f7ad-cd10-41e4-aaeb-3125d0a10a02,7cae335f-1193-421e-92f1-8802b4243e93
121,AWS Event Stream,1.0.1,Direct Dependency,Apache License 2.0,PERMISSIVE,NOT_REVIEWED,68556129-b13b-472f-93ff-5545e2bfd3ed,55281e94-e2f8-427d-9d98-30efae99a873,7cae335f-1193-421e-92f1-8802b4243e93
122,AWS Glue Schema Registry AVRO Serializer Deserializer,2.0.0,Direct Dependency,Apache License 2.0,PERMISSIVE,NOT_REVIEWED,678905e5-9530-4ebe-826a-faf09d78b047,5e4615de-fd42-42c5-8abe-50be966009d2,7cae335f-1193-421e-92f1-8802b4243e93
123,AWS Glue Schema Registry Build Tools,2.0.0,Direct Dependency,Apache License 2.0,PERMISSIVE,NOT_REVIEWED,3e679e96-68dd-4d7d-aa85-389821965f99,09d109a1-0a32-486b-a226-3c0ae9cdfce8,7cae335f-1193-421e-92f1-8802b4243e93
124,AWS Glue Schema Registry common,2.0.0,Direct Dependency,Apache License 2.0,PERMISSIVE,NOT_REVIEWED,bd205f26-60b8-46c4-a379-6330e2674936,33877522-33a1-4211-890f-f000a1f3bc29,7cae335f-1193-421e-92f1-8802b4243e93
125,AWS Java SDK :: AWS CRT Core,2.55.12,Direct Dependency,Apache License 2.0,PERMISSIVE,NOT_REVIEWED,38eb0a5f-7330-418d-9046-70e2cdb5d923,119d0214-2ada-4d1c-8e79-4b05f3040ff4,7cae335f-1193-421e-92f1-8802b4243e93
126,AWS Java SDK :: Arns,2.55.12,Direct Dependency,Apache License 2.0,PERMISSIVE,NOT_REVIEWED,892b56ff-02df-4e73-9fe5-f7bb27cd4438,5e4ba69b-c1de-478a-8475-1e7caa3db8dc,7cae335f-1193-421e-92f1-8802b4243e93
127,AWS Java SDK :: Checksums,2.55.12,Direct Dependency,Apache License 2.0,PERMISSIVE,NOT_REVIEWED,862850b7-4a76-4275-add3-753fa5ffc7e2,f594558b-a9a2-46ae-bad7-bef4635ac460,7cae335f-1193-421e-92f1-8802b4243e93
128,AWS Java SDK :: Checksums SPI,2.55.12,Direct Dependency,Apache License 2.0,PERMISSIVE,NOT_REVIEWED,3e9bff5b-ea3b-4259-9be3-29cd1caffabe,f0130141-92d9-4b25-97b0-b04ee168898f,7cae335f-1193-421e-92f1-8802b4243e93
129,AWS Java SDK :: Core :: Protocols :: AWS Json Protocol,2.55.12,Direct Dependency,Apache License 2.0,PERMISSIVE,NOT_REVIEWED,5f577a2a-cce4-421a-9b27-69137dd3b7ce,13fa2f0a-cd78-46e7-b89e-9ebf8e08c942,7cae335f-1193-421e-92f1-8802b4243e93
130,AWS Java SDK :: Core :: Protocols :: AWS Xml Protocol,2.55.12,Direct Dependency,Apache License 2.0,PERMISSIVE,NOT_REVIEWED,98015486-f5da-4918-937b-bd9d32555cf4,3bbb2870-d5fd-457f-ab37-d613866bf116,7cae335f-1193-421e-92f1-8802b4243e93
131,AWS Java SDK :: Core :: Protocols :: Json Utils,2.55.12,Direct Dependency,Apache License 2.0,PERMISSIVE,NOT_REVIEWED,23acef5f-42fd-43a9-98ff-06d18bb4bd44,d0de31b9-21e3-45ef-b904-3ad3684ec0f5,7cae335f-1193-421e-92f1-8802b4243e93
132,AWS Java SDK :: Endpoints SPI,2.55.12,Direct Dependency,Apache License 2.0,PERMISSIVE,NOT_REVIEWED,9f2f12f2-8754-4a10-ba3f-9a195e454e7f,41a14c19-d8dd-4e67-87d5-1f395d381363,7cae335f-1193-421e-92f1-8802b4243e93
133,AWS Java SDK :: HTTP Auth,2.55.12,Direct Dependency,Apache License 2.0,PERMISSIVE,NOT_REVIEWED,7521b82e-d5a7-4b71-9cc4-ce926c6f2dbb,d3789b31-100d-478b-8c6d-d5919e79e623,7cae335f-1193-421e-92f1-8802b4243e93
134,AWS Java SDK :: HTTP Auth AWS,2.55.12,Direct Dependency,Apache License 2.0,PERMISSIVE,NOT_REVIEWED,bf118599-2692-4f79-a613-2284c50a37e9,a56f21e5-ff25-42ee-8e04-16a4f6deee7d,7cae335f-1193-421e-92f1-8802b4243e93
135,AWS Java SDK :: HTTP Auth Event Stream,2.55.12,Direct Dependency,Apache License 2.0,PERMISSIVE,NOT_REVIEWED,ad998329-f04b-45eb-a7bf-85b68f59a535,d2536f13-cdf3-471e-8b86-32742b1d2a5c,7cae335f-1193-421e-92f1-8802b4243e93
136,AWS Java SDK :: HTTP Auth SPI,2.55.12,Direct Dependency,Apache License 2.0,PERMISSIVE,NOT_REVIEWED,d47ea2c5-9f8b-49ef-9e51-f8e262fe5324,bfa46e3b-af45-451d-800d-5ba629fe0f04,7cae335f-1193-421e-92f1-8802b4243e93
137,AWS Java SDK :: HTTP Clients :: Apache5,2.55.12,Direct Dependency,Apache License 2.0,PERMISSIVE,NOT_REVIEWED,44a02f16-cbff-4941-8c42-840ac2f2f318,123526a5-e952-4831-a62f-5122f22b9caa,7cae335f-1193-421e-92f1-8802b4243e93
138,AWS Java SDK :: HTTP Clients :: URL Connection,2.55.12,Direct Dependency,Apache License 2.0,PERMISSIVE,NOT_REVIEWED,9d9632ac-7048-4fd4-9ab3-825844280232,2e2ae52c-19f3-4702-b1f3-87346c843d98,7cae335f-1193-421e-92f1-8802b4243e93
139,AWS Java SDK :: Identity SPI,2.55.12,Direct Dependency,Apache License 2.0,PERMISSIVE,NOT_REVIEWED,deebf3e1-88eb-4268-a9de-47d13bb46fd7,4284b5b4-8c3c-4264-90e6-ac1ca638869d,7cae335f-1193-421e-92f1-8802b4243e93
140,AWS Java SDK :: Metrics Interface,2.55.12,Direct Dependency,Apache License 2.0,PERMISSIVE,NOT_REVIEWED,1422d3d9-dd49-4454-855a-0ebf84abadcd,8b02b170-46eb-45ca-931e-66bf8db94185,7cae335f-1193-421e-92f1-8802b4243e93
141,AWS Java SDK :: Retries,2.55.12,Direct Dependency,Apache License 2.0,PERMISSIVE,NOT_REVIEWED,b2964a02-91d9-4dbe-8dc3-1ffedfd3c668,4e43375f-2b2a-42f1-a8d0-ca1f579b60da,7cae335f-1193-421e-92f1-8802b4243e93
142,AWS Java SDK :: Retries API,2.55.12,Direct Dependency,Apache License 2.0,PERMISSIVE,NOT_REVIEWED,a76c02c8-edcb-4bf4-81f5-8a7b8b399259,6b2fe168-ea4e-487e-b53c-7089366c8f11,7cae335f-1193-421e-92f1-8802b4243e93
143,AWS Java SDK :: S3 :: Transfer Manager,2.55.12,Direct Dependency,Apache License 2.0,PERMISSIVE,NOT_REVIEWED,7e82b42f-e474-4388-88e9-be0691978cac,0595a84b-b014-45ea-8b83-af46d0c7395c,7cae335f-1193-421e-92f1-8802b4243e93
144,AWS Java SDK :: Services :: AWS Glue,2.55.12,Direct Dependency,Apache License 2.0,PERMISSIVE,NOT_REVIEWED,cb5b6151-f946-40a4-a725-7cb6052b2793,f8b55e87-8961-40af-a8d5-6d620f1237df,7cae335f-1193-421e-92f1-8802b4243e93
145,AWS Java SDK :: Services :: AWS KMS,2.55.12,Direct Dependency,Apache License 2.0,PERMISSIVE,NOT_REVIEWED,b2036b80-afe6-4131-a03d-34d9c9a0511f,baff768b-c91d-464e-a3c0-9c748a32bbea,7cae335f-1193-421e-92f1-8802b4243e93
146,AWS Java SDK :: Services :: Amazon DynamoDB,2.55.12,Direct Dependency,Apache License 2.0,PERMISSIVE,NOT_REVIEWED,8fe5eb09-3c76-46b5-bfc7-1b5cd028d6ba,347a5f1f-0e6e-41ba-b3fd-b171579d9759,7cae335f-1193-421e-92f1-8802b4243e93
147,AWS Java SDK :: Services :: Amazon S3,2.55.12,Direct Dependency,Apache License 2.0,PERMISSIVE,NOT_REVIEWED,5376fe3b-cd89-4f05-adb3-6746070617ca,1f7ad268-6755-4470-96d0-314dad56e88b,7cae335f-1193-421e-92f1-8802b4243e93
148,AWS Java SDK :: Services :: SSO,2.55.12,Direct Dependency,Apache License 2.0,PERMISSIVE,NOT_REVIEWED,1495e5c9-129b-4c2f-99d7-2ab85a0f9989,b46ae404-0573-4ee7-914a-351a9cdb5be1,7cae335f-1193-421e-92f1-8802b4243e93
149,AWS Java SDK :: Services :: SSO OIDC,2.55.12,Direct Dependency,Apache License 2.0,PERMISSIVE,NOT_REVIEWED,f1303b5b-3a1e-48f1-aaa7-44128869d8ca,d7087f20-863c-43ee-b595-83826aa224c9,7cae335f-1193-421e-92f1-8802b4243e93
150,AWS Java SDK :: Third Party :: Jackson-core,2.55.12,Direct Dependency,Apache License 2.0,PERMISSIVE,NOT_REVIEWED,c51d855b-b910-4a58-9781-ad1ea34b8765,f7acd263-e9a2-443f-9d43-e29814c24cdd,7cae335f-1193-421e-92f1-8802b4243e93
151,AWS Java SDK :: Utils Lite,2.55.12,Direct Dependency,Apache License 2.0,PERMISSIVE,NOT_REVIEWED,0223fbc1-8d02-47ac-b6c9-68c8bbc49c76,116f1985-2110-4162-977c-6e77e8850c98,7cae335f-1193-421e-92f1-8802b4243e93
152,AWS SDK for Go,v1.55.8,Transitive Dependency,Apache License 2.0,PERMISSIVE,NOT_REVIEWED,cf387cd9-100d-43f4-9424-ba60bbfa3ba7,68b03c66-5829-4145-a232-bb4749ed5197,7cae335f-1193-421e-92f1-8802b4243e93
153,AWS SDK for Java,1.12.797,Direct Dependency,Apache License 2.0,PERMISSIVE,NOT_REVIEWED,1945a1a8-833c-4250-8bf7-8f0e965c8d87,df14f199-ed13-4893-a4a5-7f7c471e8cec,7cae335f-1193-421e-92f1-8802b4243e93
154,AWS SDK for Java,2.55.12,Direct Dependency,Apache License 2.0,PERMISSIVE,NOT_REVIEWED,1945a1a8-833c-4250-8bf7-8f0e965c8d87,3d406d43-e902-4b43-a090-a1154a10ded6,7cae335f-1193-421e-92f1-8802b4243e93
155,Acorn,7.4.1,Transitive Dependency,MIT License,PERMISSIVE,NOT_REVIEWED,72333964-634b-42d8-b31f-8d083f301bf3,1cbb3d21-1088-41ed-8d29-24e1cd219a19,ad705c59-6893-4980-bdbf-0837f1823cc4
156,Acorn-JSX,5.3.2,Transitive Dependency,MIT License,PERMISSIVE,NOT_REVIEWED,8474d809-ef0e-4f07-a797-35c1a8663481,682ad642-5c7b-4bd3-9d23-b5f81284776f,ad705c59-6893-4980-bdbf-0837f1823cc4
157,Amazon MSK Library for AWS Identity and Access Management,2.3.9,Direct Dependency,Apache License 2.0,PERMISSIVE,NOT_REVIEWED,b240c364-dc70-420f-8df8-86d5db0fac2b,633387dc-a90e-46f8-8994-4024a5828591,7cae335f-1193-421e-92f1-8802b4243e93
158,Angular,8.2.14,Direct Dependency,MIT License,PERMISSIVE,NOT_REVIEWED,32e4e7ed-b742-40a1-933c-827a9d1028b1,429b3beb-11be-4246-a2e8-c28f50e1a7dc,ad705c59-6893-4980-bdbf-0837f1823cc4
159,Angular UI Bootstrap,1.2.0,Direct Dependency,MIT License,PERMISSIVE,NOT_REVIEWED,bf118f00-9e6e-4339-bdf0-672884b977a7,9cfaebb2-34df-48cf-8e04-5b3191e8ee4f,ad705c59-6893-4980-bdbf-0837f1823cc4
160,Animal Sniffer Annotations,1.27,Direct Dependency,MIT License,PERMISSIVE,NOT_REVIEWED,07731f32-a0f0-4485-8d90-1f0bbdc8185d,80fd483e-4f37-4203-a584-e98dc3cff622,ad705c59-6893-4980-bdbf-0837f1823cc4
161,Aopalliance Version 1.0 Repackaged As A Module,2.6.1,Direct Dependency,(GNU General Public License v2.0 w/Classpath exception OR Eclipse Public License 2.0),"WEAK_RECIPROCAL,RECIPROCAL",NOT_REVIEWED,79868ead-8b7a-466e-b4aa-8ee26205213f,dce9de03-a97f-485e-811e-9b7149113085,"9b7eb3ce-d64b-4e3e-a6b7-55d4dc798e68,8f64c451-7777-4762-903b-605797caef38"
162,Apache Avro,1.12.2,Direct Dependency,Apache License 2.0,PERMISSIVE,NOT_REVIEWED,e83a5bc1-2e1d-4b6c-a8ef-7b15cb1eddd9,ac4493ac-e6aa-4b46-8b6f-16231c01642c,7cae335f-1193-421e-92f1-8802b4243e93
163,Apache Avro IPC,1.12.2,Direct Dependency,Apache License 2.0,PERMISSIVE,NOT_REVIEWED,e2593ea2-906f-4eb6-a0ef-76510b30e54c,3d79bcbe-b265-44e8-aabd-27d28cc4cfd3,7cae335f-1193-421e-92f1-8802b4243e93
164,Apache Avro IPC Jetty,1.12.2,Direct Dependency,Apache License 2.0,PERMISSIVE,NOT_REVIEWED,94e9192c-5b48-4136-883e-770763ba3fb6,4579a9c8-8bc9-4a59-a358-fe44225cf0cd,7cae335f-1193-421e-92f1-8802b4243e93
165,Apache Avro Mapred API,1.12.2,Direct Dependency,Apache License 2.0,PERMISSIVE,NOT_REVIEWED,db278d23-6446-4833-89d0-56f1917300b5,8953de4c-d8ed-4f6d-99c3-365643514017,7cae335f-1193-421e-92f1-8802b4243e93
166,Apache Commons Codec,1.22.1,Direct Dependency,Apache License 2.0,PERMISSIVE,NOT_REVIEWED,932a1ab1-4722-4bbd-9f5d-d6cd2aa1c7e7,75f624eb-e1b0-49cc-b35c-174b538c28ab,7cae335f-1193-421e-92f1-8802b4243e93
167,Apache Commons Collections,4.6.0,Direct Dependency,Apache License 2.0,PERMISSIVE,NOT_REVIEWED,87ac8642-f639-46fe-ab2b-66e89cca0130,efb3996f-7952-42a6-95d7-61d136b5a809,7cae335f-1193-421e-92f1-8802b4243e93
168,Apache Commons Compress,1.28.0,Direct Dependency,Apache License 2.0,PERMISSIVE,NOT_REVIEWED,a136f90b-95e7-4c88-9e42-70ccd7797b5c,60df47d5-bacc-4cb4-b436-7a94bfcc0223,7cae335f-1193-421e-92f1-8802b4243e93
169,Apache Commons Configuration,2.15.1,Direct Dependency,Apache License 2.0,PERMISSIVE,NOT_REVIEWED,ac5887f5-75c5-41e3-a171-57e43fb5161b,d42df03e-ec5e-4911-b061-27cba0549640,7cae335f-1193-421e-92f1-8802b4243e93
170,Apache Commons Digester,2.1,Direct Dependency,Apache License 2.0,PERMISSIVE,NOT_REVIEWED,a0b73420-4945-4696-b8ca-1604a72022d0,9f36d9ab-27ee-4f6a-9bdf-bab1ccccf5ff,7cae335f-1193-421e-92f1-8802b4243e93
171,Apache Commons IO,2.22.0,Direct Dependency,Apache License 2.0,PERMISSIVE,NOT_REVIEWED,96dc9f7b-73e3-4dc2-b0bb-b6bba56b535d,ce6304e8-3284-4d0d-a76b-423158a72077,7cae335f-1193-421e-92f1-8802b4243e93
172,Apache Commons Logging,1.4.0,Direct Dependency,Apache License 2.0,PERMISSIVE,NOT_REVIEWED,e2c69634-de94-4eb3-a2c8-67ab59272e53,f6e097ae-c649-4490-978f-97d1d13314eb,7cae335f-1193-421e-92f1-8802b4243e93
173,Apache Commons Pool,1.6,Direct Dependency,Apache License 2.0,PERMISSIVE,NOT_REVIEWED,d1c5ea27-714e-430e-bd52-cd1a37cd4e9b,f2fc93e1-ba29-4617-b607-29007867ee33,7cae335f-1193-421e-92f1-8802b4243e93
174,Apache Commons Text,1.15.0,Direct Dependency,Apache License 2.0,PERMISSIVE,NOT_REVIEWED,f2c3b205-3e60-4d6c-a8ac-7d044b30f7c6,1003a333-5124-4612-8153-25a5fcc7f429,7cae335f-1193-421e-92f1-8802b4243e93
175,Apache Commons Validator,1.9.0,Direct Dependency,Apache License 2.0,PERMISSIVE,NOT_REVIEWED,11cb74e4-5d4c-431e-b44f-0146fe6f495b,5ad27f16-0572-472a-80bc-4287a70a24c1,7cae335f-1193-421e-92f1-8802b4243e93
176,Apache HTTP transport v2 for the Google HTTP Client Library for Java.,2.2.0,Direct Dependency,Apache License 2.0,PERMISSIVE,NOT_REVIEWED,ef783eac-5ca1-478c-8bc2-7558122e8ad3,e78293ab-40f2-4285-94c0-5b806a839333,7cae335f-1193-421e-92f1-8802b4243e93
177,Apache HTTPComponents Core,4.4.16,Direct Dependency,Apache License 2.0,PERMISSIVE,NOT_REVIEWED,ca433569-ea2e-4c78-b53d-106843ec1f58,f4c8d49f-84fc-4ffb-958b-a154a94e307b,7cae335f-1193-421e-92f1-8802b4243e93
178,Apache HTTPComponents Core,5.4.3,Direct Dependency,Apache License 2.0,PERMISSIVE,NOT_REVIEWED,ca433569-ea2e-4c78-b53d-106843ec1f58,ecabfb2f-59b3-4ab7-8109-512126ac046d,7cae335f-1193-421e-92f1-8802b4243e93
179,Apache Hadoop,3.5.0,Direct Dependency,Apache License 2.0,PERMISSIVE,NOT_REVIEWED,874866a3-a825-44e7-9c44-f1c663880784,356f6659-0d8d-4e0e-970a-5e4a02382d18,7cae335f-1193-421e-92f1-8802b4243e93
180,Apache Hadoop Amazon Web Services support,3.5.0,Direct Dependency,Apache License 2.0,PERMISSIVE,NOT_REVIEWED,deb253b8-90c1-4211-89d1-87aff9be7244,cadd87c0-fd9d-4e0d-aa66-e8890cdff563,7cae335f-1193-421e-92f1-8802b4243e93
181,Apache Hadoop Auth,3.5.0,Direct Dependency,Apache License 2.0,PERMISSIVE,NOT_REVIEWED,9d886368-b410-46ae-a572-89c10e3f3266,ea418db4-c6cd-4ea5-9914-42b3b76447c8,7cae335f-1193-421e-92f1-8802b4243e93
182,Apache Hadoop Azure support,3.5.0,Direct Dependency,Apache License 2.0,PERMISSIVE,NOT_REVIEWED,4f8dd462-cc90-4a4d-849f-538d3978195b,4ef03467-0235-4733-bb2b-c1379aa588d8,7cae335f-1193-421e-92f1-8802b4243e93
183,Apache Hadoop HDFS Client,3.5.0,Direct Dependency,Apache License 2.0,PERMISSIVE,NOT_REVIEWED,617bb6a0-bc09-4d27-a6ab-6ac6d7963615,fae16947-e82f-49ff-abb1-4eb9f3970b2a,7cae335f-1193-421e-92f1-8802b4243e93
184,Apache Hadoop shaded Guava,1.5.0,Direct Dependency,Apache License 2.0,PERMISSIVE,NOT_REVIEWED,2bfcd787-b14f-41ec-a468-68d65e3209d9,c2cc1975-eea3-4270-b4d3-7cb170e812df,7cae335f-1193-421e-92f1-8802b4243e93
185,Apache Hadoop shaded Protobuf,1.5.0,Direct Dependency,Apache License 2.0,PERMISSIVE,NOT_REVIEWED,b292640e-96df-4d70-82e6-9a6d0cf79b78,d9ae0775-57d1-4826-868f-9784bc84798b,7cae335f-1193-421e-92f1-8802b4243e93
186,Apache HttpClient,4.5.14,Direct Dependency,Apache License 2.0,PERMISSIVE,NOT_REVIEWED,f624d758-10d3-449d-96d2-d4fc12499fda,ca8bc151-5d96-468f-9414-b0bed12b207f,7cae335f-1193-421e-92f1-8802b4243e93
187,Apache HttpClient,5.6.4,Direct Dependency,Apache License 2.0,PERMISSIVE,NOT_REVIEWED,f624d758-10d3-449d-96d2-d4fc12499fda,16db222a-717f-42f0-9415-5b3b55420683,7cae335f-1193-421e-92f1-8802b4243e93
188,Apache Iceberg,1.12.0,Direct Dependency,Apache License 2.0,PERMISSIVE,NOT_REVIEWED,a049fcb2-4227-4cd7-ba54-d329977e2dfa,ad892ada-d0bc-4716-9bad-0b6a4e49dac7,7cae335f-1193-421e-92f1-8802b4243e93
189,Apache Iceberg,1.12.0,Direct Dependency,Apache License 2.0,PERMISSIVE,NOT_REVIEWED,9a79f579-51b9-47c5-bc54-1539c35b5f1d,3b84ea74-6a35-4590-9776-a95aa210fbb2,7cae335f-1193-421e-92f1-8802b4243e93
190,Apache Iceberg,1.12.0,Direct Dependency,Apache License 2.0,PERMISSIVE,NOT_REVIEWED,7659a93f-9f49-4370-93c5-962c3763228d,e77a0417-8b89-4c44-8b10-de6bdeea942f,7cae335f-1193-421e-92f1-8802b4243e93
191,Apache Iceberg,1.12.0,Direct Dependency,Apache License 2.0,PERMISSIVE,NOT_REVIEWED,ca1ff992-e870-4c4c-bda2-3f2fb1f7a547,30013425-23d2-4af8-8f1b-87a5bbca0609,7cae335f-1193-421e-92f1-8802b4243e93
192,Apache Iceberg (incubating),1.12.0,Direct Dependency,Apache License 2.0,PERMISSIVE,NOT_REVIEWED,c13710c9-24ec-4f5e-ac6d-250117ab1844,c41482cc-703c-4c4d-94ac-80c3be38d89c,7cae335f-1193-421e-92f1-8802b4243e93
193,Apache Kafka,4.3.1,Direct Dependency,Apache License 2.0,PERMISSIVE,NOT_REVIEWED,05248305-719c-4b7d-a693-0b1a7992b4ec,2db691de-1e65-46f8-9a89-e3d2b3b25069,7cae335f-1193-421e-92f1-8802b4243e93
194,Apache Log4J API,2.26.1,Direct Dependency,Apache License 2.0,PERMISSIVE,NOT_REVIEWED,44d8c92a-f682-4904-b571-c83f83ae1a91,3fc85793-4cd4-4d41-ad3a-30db83fe6a7f,7cae335f-1193-421e-92f1-8802b4243e93
195,Apache Log4j,2.26.1,Direct Dependency,Apache License 2.0,PERMISSIVE,NOT_REVIEWED,7460c937-f013-4c3a-bdf3-ace04cfd0304,6b2a2f11-a816-4aa0-82bd-75072f005caf,7cae335f-1193-421e-92f1-8802b4243e93
196,Apache Log4j JUL Adapter,2.26.1,Direct Dependency,Apache License 2.0,PERMISSIVE,NOT_REVIEWED,955f1bb4-2e63-45b5-ad0a-7de85b6c9905,cc144981-2ba9-42b5-a676-f52d65f545a9,7cae335f-1193-421e-92f1-8802b4243e93
197,Apache Log4j SLF4J Binding,2.26.1,Direct Dependency,Apache License 2.0,PERMISSIVE,NOT_REVIEWED,925f23a2-2f52-4adb-a1cc-637d8424dff2,f96282b8-1ae0-416c-8809-bbd4bfd3ba6c,7cae335f-1193-421e-92f1-8802b4243e93
198,Apache Log4j Web Adapters,2.26.1,Direct Dependency,Apache License 2.0,PERMISSIVE,NOT_REVIEWED,94982491-0544-4d5f-a747-092c6a87820b,c98c093d-5257-4a16-8b3e-dd2869313f8a,7cae335f-1193-421e-92f1-8802b4243e93
199,Apache ORC,1.9.9,Direct Dependency,Apache License 2.0,PERMISSIVE,NOT_REVIEWED,5fe770bf-7e64-4e37-94b6-4b1e835fc702,f636b9fb-db17-4148-8750-a90b22bfe1b1,7cae335f-1193-421e-92f1-8802b4243e93
200,Apache Parquet Avro,1.18.1,Direct Dependency,Apache License 2.0,PERMISSIVE,NOT_REVIEWED,ef2091c3-4fc2-4988-ae07-d00354cc6d05,90fcfab7-8052-42f1-9a54-3bb0708e78b4,7cae335f-1193-421e-92f1-8802b4243e93
201,Apache Parquet Column,1.18.1,Direct Dependency,Apache License 2.0,PERMISSIVE,NOT_REVIEWED,70d17416-2655-4145-8ea7-5de2fd4a59f6,89ee2128-0cdb-4a63-a7b3-37b24493db5e,7cae335f-1193-421e-92f1-8802b4243e93
202,Apache Parquet Common,1.18.1,Direct Dependency,Apache License 2.0,PERMISSIVE,NOT_REVIEWED,eb48b7cb-70dd-4bf7-9c28-cfa722d81b0d,22c50bdc-7e6b-42d0-b928-274811185555,7cae335f-1193-421e-92f1-8802b4243e93
203,Apache Parquet Encodings,1.18.1,Direct Dependency,Apache License 2.0,PERMISSIVE,NOT_REVIEWED,8eb699b9-24c6-4d4c-ade7-c4918cc1e582,318fdcba-988a-44e4-a76f-896f41d0c87c,7cae335f-1193-421e-92f1-8802b4243e93
204,Apache Parquet Format (Incubating),2.10.0,Direct Dependency,Apache License 2.0,PERMISSIVE,NOT_REVIEWED,f6da95c6-3427-4d31-bde3-9313856cce62,79d28dce-be5c-4804-a5f5-b5241c339843,7cae335f-1193-421e-92f1-8802b4243e93
205,Apache Parquet Format Structures,1.18.1,Direct Dependency,Apache License 2.0,PERMISSIVE,NOT_REVIEWED,b09dae34-3bb5-4201-abd5-a299900df4ab,b63847a1-d6f3-49f2-a82f-749749872cdc,7cae335f-1193-421e-92f1-8802b4243e93
206,Apache Parquet Hadoop,1.18.1,Direct Dependency,Apache License 2.0,PERMISSIVE,NOT_REVIEWED,e6cc655b-8bfc-4ebc-99a4-0c33d8d334f1,30b662c0-00e7-40eb-9f5b-f5911661e565,7cae335f-1193-421e-92f1-8802b4243e93
207,Apache Parquet Variant,1.18.1,Direct Dependency,Apache License 2.0,PERMISSIVE,NOT_REVIEWED,d3fe585d-a5a8-4a4b-baeb-82828d477f3f,2c9821e0-bdaf-46df-be8c-f9a34ccc2a12,7cae335f-1193-421e-92f1-8802b4243e93
208,Apache SIS metadata,1.6,Direct Dependency,Apache License 2.0,PERMISSIVE,NOT_REVIEWED,1302fc2a-f5de-43d6-b527-dcffbaf64bd3,ea5fa808-7a10-47b6-9e4d-9e9245c3b302,7cae335f-1193-421e-92f1-8802b4243e93
209,Apache SIS referencing,1.6,Direct Dependency,Apache License 2.0,PERMISSIVE,NOT_REVIEWED,56c661a0-ed88-4c97-bbe2-2eb9167cb465,7e2a865a-0801-4ecf-bf17-b58b15a93fa3,7cae335f-1193-421e-92f1-8802b4243e93
210,Apache SIS utilities,1.6,Direct Dependency,Apache License 2.0,PERMISSIVE,NOT_REVIEWED,7c37f787-d861-4167-b320-bc0406c77b5d,32fd1d6c-d9d8-49f9-acc4-23a741737027,7cae335f-1193-421e-92f1-8802b4243e93
211,Apache Velocity,2.4.1,Direct Dependency,Apache License 2.0,PERMISSIVE,NOT_REVIEWED,dbae10e0-0471-426c-80d0-98c063cfbaf9,5fe461a0-f499-43e0-b3ea-550dd7b135d7,7cae335f-1193-421e-92f1-8802b4243e93
212,AutoValue Annotations,1.11.0,Direct Dependency,Apache License 2.0,PERMISSIVE,NOT_REVIEWED,57e3abc8-5208-4a58-bf8f-1b779c3384b6,b35256aa-360b-4bdf-8f11-00b488e3d715,7cae335f-1193-421e-92f1-8802b4243e93
213,Azure/azure-amqp-common-go,v3.2.3,Transitive Dependency,MIT License,PERMISSIVE,NOT_REVIEWED,fcd3cb9f-3d05-43c1-ab58-800ed18e9597,eba5a81a-009d-4bf4-b3f4-f830c7323491,ad705c59-6893-4980-bdbf-0837f1823cc4
214,AzureAD/microsoft-authentication-library-for-go,1.8.0,Transitive Dependency,MIT License,PERMISSIVE,NOT_REVIEWED,582b43d7-4b70-4dcc-8f04-72a8a7dc4ed8,166bd86f-faa4-43aa-9264-dd1d41a9b72e,ad705c59-6893-4980-bdbf-0837f1823cc4
215,AzureAD/microsoft-authentication-library-for-go,v1.7.0,Transitive Dependency,MIT License,PERMISSIVE,NOT_REVIEWED,582b43d7-4b70-4dcc-8f04-72a8a7dc4ed8,0f922eef-d5d8-49a1-90b6-f4acb9dba6f1,ad705c59-6893-4980-bdbf-0837f1823cc4
216,Bouncy Castle,1.86,Direct Dependency,MIT License,PERMISSIVE,NOT_REVIEWED,907300e1-d66e-45ef-b77d-a790ed30b4e1,a3c4fc8a-5cde-478c-8416-4c2e80a84086,ad705c59-6893-4980-bdbf-0837f1823cc4
217,Bouncy Castle ASN.1 Extension and Utility APIs,1.86,Direct Dependency,MIT License,PERMISSIVE,NOT_REVIEWED,596ef865-7f23-4ba8-b202-e1f5261d035c,ec24196f-afa5-4770-beaf-d722410d7afa,ad705c59-6893-4980-bdbf-0837f1823cc4
218,"Bouncy Castle PKIX, CMS, EAC, TSP, PKCS, OCSP, CMP, and CRMF APIs",1.86,Direct Dependency,MIT License,PERMISSIVE,NOT_REVIEWED,cfa19008-29dd-4e1d-b4e3-a7a1ad9855a2,23062d9d-1914-49c7-ac89-c498e4d11f9f,ad705c59-6893-4980-bdbf-0837f1823cc4
219,CEL Java Common,0.14.0,Direct Dependency,Apache License 2.0,PERMISSIVE,NOT_REVIEWED,c27d0a3a-7dac-4b16-9d25-5af47b88da45,58e2de80-b88d-469f-826e-7c7a6c62a87b,7cae335f-1193-421e-92f1-8802b4243e93
220,CEL Java Protobuf adapter,0.14.0,Direct Dependency,Apache License 2.0,PERMISSIVE,NOT_REVIEWED,20604b4e-a3e9-4b3a-a7d1-004e657e386e,6873737f-4157-42d2-b96c-a9e81ae29866,7cae335f-1193-421e-92f1-8802b4243e93
221,CEL Java Runtime,0.14.0,Direct Dependency,Apache License 2.0,PERMISSIVE,NOT_REVIEWED,fd0d3908-69eb-416a-95e2-ea4a740e2520,12ada4f0-5050-41d2-9e09-5b23e8e3de35,7cae335f-1193-421e-92f1-8802b4243e93
222,Caffeine cache,3.2.4,Direct Dependency,Apache License 2.0,PERMISSIVE,NOT_REVIEWED,6019b6da-4c73-4661-9c38-38813e13015a,c3c989db-eff8-49d8-a389-ac7b1711b917,7cae335f-1193-421e-92f1-8802b4243e93
223,Chalk,2.4.2,Transitive Dependency,MIT License,PERMISSIVE,NOT_REVIEWED,a94138ea-5d07-4a9c-8d3a-892f9476a48a,60524cf4-85e0-4be1-a79a-2f3172924722,ad705c59-6893-4980-bdbf-0837f1823cc4
224,Chalk,3.0.0,Transitive Dependency,MIT License,PERMISSIVE,NOT_REVIEWED,a94138ea-5d07-4a9c-8d3a-892f9476a48a,2a1f3b07-ca60-4b71-926d-7d3f7c493fab,ad705c59-6893-4980-bdbf-0837f1823cc4
225,Chalk,4.1.2,Transitive Dependency,MIT License,PERMISSIVE,NOT_REVIEWED,a94138ea-5d07-4a9c-8d3a-892f9476a48a,4cf4bae8-66a0-40c0-b9bd-863749575dff,ad705c59-6893-4980-bdbf-0837f1823cc4
226,Checker Qual,3.49.0,Direct Dependency,MIT License,PERMISSIVE,NOT_REVIEWED,eaa5708e-b763-44f0-8091-2cdf7bac1cd0,a826a50a-902a-4c32-95c9-dc8dfee3fa5a,ad705c59-6893-4980-bdbf-0837f1823cc4
227,ClassGraph,4.8.120,Direct Dependency,MIT License,PERMISSIVE,NOT_REVIEWED,5dbbf576-408d-4517-be84-0a1cd1af36fe,65d56c40-0c1f-4aab-ae9b-f03f874c7114,ad705c59-6893-4980-bdbf-0837f1823cc4
228,Clone,1.0.4,Transitive Dependency,MIT License,PERMISSIVE,NOT_REVIEWED,1e0cc6ab-6197-498a-a3ab-0a972a424025,37e1e13f-8d4e-4110-9166-41b973040aaf,ad705c59-6893-4980-bdbf-0837f1823cc4
229,Cloud Storage API v1beta1 (revision 28),v1-rev20260524-2.0.0,Direct Dependency,Apache License 2.0,PERMISSIVE,NOT_REVIEWED,a01fac88-6595-4aa6-b02e-3d56e991cf4f,c7868291-e984-4783-aa46-b77ea03a1973,7cae335f-1193-421e-92f1-8802b4243e93
230,CodeMirror,5.65.21,Direct Dependency,MIT License,PERMISSIVE,NOT_REVIEWED,42859e3b-a35d-497b-9ff6-52816ae6917d,3054a3d5-16ae-46cb-b0d6-7d0320b2def9,ad705c59-6893-4980-bdbf-0837f1823cc4
231,Commander.js,v2.20.3,Transitive Dependency,MIT License,PERMISSIVE,NOT_REVIEWED,724e6d4a-85c0-47c3-9f28-9b5fc54b369d,5e250664-dc79-4d40-b23c-341450f34f59,ad705c59-6893-4980-bdbf-0837f1823cc4
232,Couchbase,v7.1.1,"Exact,Files Modified",Apache License 2.0,PERMISSIVE,NOT_REVIEWED,2f1a87a6-12e2-4211-a369-4a37de3f8636,92e8f605-b5db-4ac7-8b58-af6eb602be94,7cae335f-1193-421e-92f1-8802b4243e93
233,Couchbase,v7.6.0,"Exact,Files Modified",Unknown License,UNKNOWN,NOT_REVIEWED,2f1a87a6-12e2-4211-a369-4a37de3f8636,6fb9f772-57bf-472d-8d60-5cb5ddad79e5,00000000-0010-0000-0000-000000000000
234,Data Mapper for Jackson,1.9.14-atlassian-6,Direct Dependency,Apache License 2.0,PERMISSIVE,NOT_REVIEWED,2b7662cb-54ab-47fb-9836-3e8e7ed53005,95ddfc65-824e-4d2a-a640-5b7088cafe63,7cae335f-1193-421e-92f1-8802b4243e93
235,Decamelize,1.2.0,Transitive Dependency,MIT License,PERMISSIVE,NOT_REVIEWED,d67eac7b-cc25-4bba-9495-e461e4fdb1c6,ace9a87f-51fb-4a5e-9742-04d04977d623,ad705c59-6893-4980-bdbf-0837f1823cc4
236,Disruptor Framework,3.4.2,Direct Dependency,Apache License 2.0,PERMISSIVE,NOT_REVIEWED,de5501a4-d342-4910-b965-26b32cf18e89,7a3f18fc-dd36-4b42-bed4-99c4aa41d9e7,7cae335f-1193-421e-92f1-8802b4243e93
237,ESLint,7.32.0,Direct Dependency,MIT License,PERMISSIVE,NOT_REVIEWED,b902e892-d858-43dd-a6f5-f8c186847571,a1dfc41d-4c22-4787-adca-01c56e3c9640,ad705c59-6893-4980-bdbf-0837f1823cc4
238,Esprima,4.0.1,Transitive Dependency,"BSD 2-clause ""Simplified"" License",PERMISSIVE,NOT_REVIEWED,930ff051-071e-42df-8486-a96100d2f071,2f9f8b70-2b26-430d-85c1-1d9fac0338b2,cc875133-df38-4806-9921-473e0ef01a87
239,Failsafe,3.3.2,Direct Dependency,Apache License 2.0,PERMISSIVE,NOT_REVIEWED,916fbe3b-8a37-41e5-b90a-f8d360cabf31,bfac4433-4720-404a-b2c6-d2459228a0dd,7cae335f-1193-421e-92f1-8802b4243e93
240,FileSaver.js,2.0.2,Direct Dependency,MIT License,PERMISSIVE,NOT_REVIEWED,9c2b060e-3692-4045-94cd-89671c942e41,59bfbfc1-a2f9-4f88-b23e-6bbecde4634b,ad705c59-6893-4980-bdbf-0837f1823cc4
241,FindBugs jsr305,3.0.2,Direct Dependency,Apache License 2.0,PERMISSIVE,NOT_REVIEWED,1dd30afc-69b6-450f-b52f-f7c757fef842,56ab9f83-8fed-48fd-a1a4-e0450d871a7a,7cae335f-1193-421e-92f1-8802b4243e93
242,FlatBuffers,24.3.25,Transitive Dependency,Apache License 2.0,PERMISSIVE,NOT_REVIEWED,ae906881-37fd-4af4-8fe7-e435fd2056af,ea42da12-a79c-4daf-a2fd-3290fee26c5c,7cae335f-1193-421e-92f1-8802b4243e93
243,FlatBuffers,25.12.19,Transitive Dependency,Apache License 2.0,PERMISSIVE,NOT_REVIEWED,ae906881-37fd-4af4-8fe7-e435fd2056af,24de4ab7-5161-41b2-b7ab-2d14824b9a51,7cae335f-1193-421e-92f1-8802b4243e93
244,Flogger,0.7.1,Direct Dependency,Apache License 2.0,PERMISSIVE,NOT_REVIEWED,90812105-9ad8-4c6a-becd-0ccbad969d4f,6673f0be-5978-4fd0-baf3-5f04a00e010e,7cae335f-1193-421e-92f1-8802b4243e93
245,Flogger System Backend,0.7.1,Direct Dependency,Apache License 2.0,PERMISSIVE,NOT_REVIEWED,484ba09e-2c27-41be-979c-feec2871f77b,519e7e61-dfaa-4188-a61f-0103a1aa362f,7cae335f-1193-421e-92f1-8802b4243e93
246,GAX (Google Api eXtensions),2.87.0,Direct Dependency,"BSD 3-clause ""New"" or ""Revised"" License",PERMISSIVE,NOT_REVIEWED,4570c08f-13cc-4e18-822e-d824c2958f7d,ee0ab0e2-fd80-49a9-9a8e-43e767392c91,3d238144-44e6-450e-b523-3defbdaed9dc
247,GSON extensions to the Google HTTP Client Library for Java.,2.2.0,Direct Dependency,Apache License 2.0,PERMISSIVE,NOT_REVIEWED,db1d6d57-f6c8-4069-9779-a5a515fa7d86,936a9010-893f-45b1-8147-e568386ea73e,7cae335f-1193-421e-92f1-8802b4243e93
248,Go Testify,v1.11.1,Transitive Dependency,MIT License,PERMISSIVE,NOT_REVIEWED,5271cd46-d193-4af5-b2c2-50a07751f580,c42f85e0-6129-469d-9469-b152982010c2,ad705c59-6893-4980-bdbf-0837f1823cc4
249,Go Testify,v1.12.1,Transitive Dependency,MIT License,PERMISSIVE,NOT_REVIEWED,5271cd46-d193-4af5-b2c2-50a07751f580,4915ba1e-2878-407e-a8c5-3fe19d0e7686,ad705c59-6893-4980-bdbf-0837f1823cc4
250,Go programming language,1.26.3,Manually Added,"BSD 3-clause ""New"" or ""Revised"" License",PERMISSIVE,NOT_REVIEWED,6d055c2b-f7d7-45ab-a6b3-021617efd61b,02a8e662-f775-4eae-ba82-78ab73afa562,3d238144-44e6-450e-b523-3defbdaed9dc
251,Go programming language,1.26.6,Manually Added,"BSD 3-clause ""New"" or ""Revised"" License",PERMISSIVE,NOT_REVIEWED,6d055c2b-f7d7-45ab-a6b3-021617efd61b,ce5cf165-00c1-4e82-a4e1-772e61188360,3d238144-44e6-450e-b523-3defbdaed9dc
252,GoDoc Text,v0.2.0,Transitive Dependency,MIT License,PERMISSIVE,NOT_REVIEWED,fcf8903b-ac17-4a21-a3ed-d12e6e709e40,f5727975-0297-4fdb-9d68-a5d2085e1a0f,ad705c59-6893-4980-bdbf-0837f1823cc4
253,Golang Protobuf,v1.36.12,Transitive Dependency,"BSD 3-clause ""New"" or ""Revised"" License",PERMISSIVE,NOT_REVIEWED,faa9ce60-ee56-4f4a-b55c-b33fae6c61f4,28774e3b-3e15-426f-9561-e9aead13930c,3d238144-44e6-450e-b523-3defbdaed9dc
254,Golang Protobuf,v1.5.4,Transitive Dependency,"BSD 3-clause ""New"" or ""Revised"" License",PERMISSIVE,NOT_REVIEWED,faa9ce60-ee56-4f4a-b55c-b33fae6c61f4,587ad155-8a4a-421d-bab4-c08687b09136,3d238144-44e6-450e-b523-3defbdaed9dc
255,Gonum numerical packages,v0.17.0,Transitive Dependency,"BSD 3-clause ""New"" or ""Revised"" License",PERMISSIVE,NOT_REVIEWED,879774a9-557b-4d1d-b77f-c718702f5590,9b4c2601-c496-4637-b77c-aee2623a430b,3d238144-44e6-450e-b523-3defbdaed9dc
256,Google API Common,2.70.0,Direct Dependency,"BSD 3-clause ""New"" or ""Revised"" License",PERMISSIVE,NOT_REVIEWED,a5d8e1f5-bc8d-4e0c-890b-113fbd86ade9,b9cfa0b7-3cfc-4dae-8d50-3e88d233ea4b,3d238144-44e6-450e-b523-3defbdaed9dc
257,Google APIs Client Library for Java,2.7.2,Direct Dependency,Apache License 2.0,PERMISSIVE,NOT_REVIEWED,9e3040c5-27d0-451b-ad5b-ad4a21b13dcb,ab7bca0e-00ae-49d6-8dba-e071fe216ccd,7cae335f-1193-421e-92f1-8802b4243e93
258,Google Android Annotations Library,4.1.1.4,Direct Dependency,Apache License 2.0,PERMISSIVE,NOT_REVIEWED,20a0dd58-8d5a-4bb4-b4ec-eab519b874db,930706c2-3fd5-4287-b368-b42aaf24918f,7cae335f-1193-421e-92f1-8802b4243e93
259,Google App Engine extensions to the Google HTTP Client Library for Java.,2.2.0,Direct Dependency,Apache License 2.0,PERMISSIVE,NOT_REVIEWED,0a9cffc0-d645-4549-80b0-0ac2c0da2031,389adaec-cd88-49df-9f81-f907452e4b2e,7cae335f-1193-421e-92f1-8802b4243e93
260,Google Auth Library for Java,1.54.0,Direct Dependency,"BSD 3-clause ""New"" or ""Revised"" License",PERMISSIVE,NOT_REVIEWED,bd222a6a-9b55-4dab-9d5a-b856a0af5f61,b7b45d47-38f0-4d9c-9345-013ef9387e17,3d238144-44e6-450e-b523-3defbdaed9dc
261,Google Cloud Core,2.77.0,Direct Dependency,Apache License 2.0,PERMISSIVE,NOT_REVIEWED,62482e64-0ded-4252-8fe9-aa59e45be427,274e497f-ccf5-4cbb-aaae-fba8d6b49ec8,7cae335f-1193-421e-92f1-8802b4243e93
262,Google Cloud Monitoring,3.52.0,Direct Dependency,Apache License 2.0,PERMISSIVE,NOT_REVIEWED,48ce7452-8b17-43f6-b194-9b499ee76964,504d606b-e271-460b-aae5-09ef7af07583,7cae335f-1193-421e-92f1-8802b4243e93
263,Google Cloud Storage,2.75.0,Direct Dependency,Apache License 2.0,PERMISSIVE,NOT_REVIEWED,a8248f94-c476-4e28-aaaa-7443e9c5b2af,2b630df3-c54d-40a3-a2ef-3509fc89b270,7cae335f-1193-421e-92f1-8802b4243e93
264,Google HTTP Client Library for Java,2.2.0,Direct Dependency,Apache License 2.0,PERMISSIVE,NOT_REVIEWED,01bdf555-79c6-46ff-989a-9e8c4709cc62,14c58b9f-531b-483b-8285-65419d122955,7cae335f-1193-421e-92f1-8802b4243e93
265,Google Logger,0.7.1,Direct Dependency,Apache License 2.0,PERMISSIVE,NOT_REVIEWED,e773fc8f-987f-4940-b453-339e6babfe4f,48982d15-eead-4cac-a7ea-2175bfc67daf,7cae335f-1193-421e-92f1-8802b4243e93
266,GoogleCloudPlatform/cloudsql-proxy,v1.37.13,Transitive Dependency,Apache License 2.0,PERMISSIVE,NOT_REVIEWED,587b499c-7739-41ea-8c5d-ade065915afc,0899dbed-dc4f-40b7-a610-47cf75c45fca,7cae335f-1193-421e-92f1-8802b4243e93
267,GoogleCloudPlatform/opentelemetry-operations-go,v0.55.0,Transitive Dependency,Apache License 2.0,PERMISSIVE,NOT_REVIEWED,f40d086c-df23-490a-90c3-5749af956f63,0d8482c9-d7aa-468a-855e-5e29985d6fd6,7cae335f-1193-421e-92f1-8802b4243e93
268,GoogleCloudPlatform/opentelemetry-operations-go,v0.59.0,Transitive Dependency,Apache License 2.0,PERMISSIVE,NOT_REVIEWED,f40d086c-df23-490a-90c3-5749af956f63,dc0f6a5c-153a-41f6-8352-ae863118fd6a,7cae335f-1193-421e-92f1-8802b4243e93
269,Googleuuid,v1.6.0,Direct Dependency,"BSD 3-clause ""New"" or ""Revised"" License",PERMISSIVE,NOT_REVIEWED,54fe5fe0-f88f-4c83-988d-59e9fc584133,1a0a8d11-0a35-4597-bf9b-a72841b742b2,3d238144-44e6-450e-b523-3defbdaed9dc
270,Guava InternalFutureFailureAccess and InternalFutures,1.0.2,Direct Dependency,Apache License 2.0,PERMISSIVE,NOT_REVIEWED,71ba0e56-32eb-4c4e-9cdc-c68e4b809911,34a8d904-337a-44f2-b6cd-a873f320dc14,7cae335f-1193-421e-92f1-8802b4243e93
271,Guava InternalFutureFailureAccess and InternalFutures,1.0.3,Direct Dependency,Apache License 2.0,PERMISSIVE,NOT_REVIEWED,71ba0e56-32eb-4c4e-9cdc-c68e4b809911,64bab615-ca93-4c69-a673-83d6c7963ad1,7cae335f-1193-421e-92f1-8802b4243e93
272,Guava ListenableFuture only,9999.0-empty-to-avoid-conflict-with-guava,Direct Dependency,Apache License 2.0,PERMISSIVE,NOT_REVIEWED,a6d54d5e-a933-4b78-8880-f20eebf8eb0d,e094ab0f-0e6c-4477-8177-be5d87619087,7cae335f-1193-421e-92f1-8802b4243e93
273,HK2 API module,2.6.1,Direct Dependency,(GNU General Public License v2.0 w/Classpath exception OR Eclipse Public License 2.0),"WEAK_RECIPROCAL,RECIPROCAL",NOT_REVIEWED,1c428eef-2bb3-4c54-880b-efbf5474fdfa,26a3c407-7060-4b0a-956e-28f7cb48cea0,"9b7eb3ce-d64b-4e3e-a6b7-55d4dc798e68,8f64c451-7777-4762-903b-605797caef38"
274,HK2 Implementation Utilities,2.6.1,Direct Dependency,(GNU General Public License v2.0 w/Classpath exception OR Eclipse Public License 2.0),"WEAK_RECIPROCAL,RECIPROCAL",NOT_REVIEWED,0dc5e579-e778-4aad-8031-cf9be2556964,4b81f46a-c77b-4bb2-9089-d7b65734172b,"9b7eb3ce-d64b-4e3e-a6b7-55d4dc798e68,8f64c451-7777-4762-903b-605797caef38"
275,HTTP functionality for the Reactor Netty library,1.2.18,Direct Dependency,Apache License 2.0,PERMISSIVE,NOT_REVIEWED,58eb157e-4e7c-443c-b14f-14fe53966515,c7298a45-5260-4b7a-b61a-d72347e93082,7cae335f-1193-421e-92f1-8802b4243e93
276,Handy-URI-Templates,2.1.8.redhat-00001,Direct Dependency,Apache License 2.0,PERMISSIVE,NOT_REVIEWED,f9473751-a4ed-4771-a0ba-4125dd046923,5cef23fd-73e7-44e3-86b9-b5666a122c5d,7cae335f-1193-421e-92f1-8802b4243e93
277,HdrHistogram,2.1.12,Direct Dependency,"(BSD 2-clause ""Simplified"" License OR Creative Commons Zero v1.0 Universal OR Public Domain)",PERMISSIVE,NOT_REVIEWED,cb1dd6e6-4d90-4aff-9a45-2b8f6979e7cc,3bc817e9-60e6-449a-b0e4-fc2155157579,"d26bcb7d-5bc8-4f05-8942-a3a42728a2e4,cc875133-df38-4806-9921-473e0ef01a87,a7c69599-62b6-4d06-9ec6-ea688c041c00"
278,HdrHistogram,2.2.2,Direct Dependency,"(BSD 2-clause ""Simplified"" License OR Creative Commons Zero v1.0 Universal OR Public Domain)",PERMISSIVE,NOT_REVIEWED,cb1dd6e6-4d90-4aff-9a45-2b8f6979e7cc,e4483759-fd42-409c-a7a1-32a09b555475,"d26bcb7d-5bc8-4f05-8942-a3a42728a2e4,cc875133-df38-4806-9921-473e0ef01a87,a7c69599-62b6-4d06-9ec6-ea688c041c00"
279,Hive Storage API,2.8.1,Direct Dependency,Apache License 2.0,PERMISSIVE,NOT_REVIEWED,5dd68d03-20f8-4902-9986-2308531519fe,74b88eb1-ee38-42b2-a20a-56eb4dbdcacc,7cae335f-1193-421e-92f1-8802b4243e93
280,IAM Service Account Credentials API v1-rev1-1.18.0-rc,v1-rev20211203-2.0.0,Direct Dependency,Apache License 2.0,PERMISSIVE,NOT_REVIEWED,7887f6e4-653f-4e7d-ad1f-8b6122dabbe8,df9098ca-b9ce-4c2c-bbe7-a781c9046f6c,7cae335f-1193-421e-92f1-8802b4243e93
281,JAXB Runtime,2.3.9,Direct Dependency,Eclipse Distribution License - v 1.0,PERMISSIVE,NOT_REVIEWED,a55eb8af-ba71-4b4b-b282-e07d8a3a818f,367698f0-0166-4126-a304-a7357fb45afd,f6eccc87-62ff-4ffd-9fa7-763d1a436125
282,JAXB isorelax library,20090621,Direct Dependency,MIT License,PERMISSIVE,NOT_REVIEWED,64296ef6-75c9-473b-a6dd-a0c5d9f2ee32,f86f00b9-aa83-4d31-82e8-0709da139d2d,ad705c59-6893-4980-bdbf-0837f1823cc4
283,JCIP Annotations under Apache License,1.0-1,Direct Dependency,Apache License 2.0,PERMISSIVE,NOT_REVIEWED,9a61bffe-87a6-448e-9d0f-f9e77ee37d62,94b60245-81e8-4396-bcff-cee596924934,7cae335f-1193-421e-92f1-8802b4243e93
284,JCTTools,4.0.7,Direct Dependency,Apache License 2.0,PERMISSIVE,NOT_REVIEWED,ed9663f6-217e-4f90-9aa5-c74a02cc964c,0bc24447-c7b1-43da-8c01-2f4af851111f,7cae335f-1193-421e-92f1-8802b4243e93
285,JCTTools,v4.0.5,Direct Dependency,Apache License 2.0,PERMISSIVE,NOT_REVIEWED,ed9663f6-217e-4f90-9aa5-c74a02cc964c,cdcc807d-c440-4739-b3ac-73b38324857e,7cae335f-1193-421e-92f1-8802b4243e93
286,JMES Path Query library,1.12.797,Direct Dependency,Apache License 2.0,PERMISSIVE,NOT_REVIEWED,5feeee13-4500-4c6c-81c4-6811fbb58940,e0d855fb-840f-426e-8d74-e34f33b331f3,7cae335f-1193-421e-92f1-8802b4243e93
287,JSON-java,20240303,Direct Dependency,Public Domain,PERMISSIVE,NOT_REVIEWED,e4ee0bd5-2d0e-494f-b293-22e0314e3acb,9e70d01d-354c-491a-8e23-1e95f58353f9,d26bcb7d-5bc8-4f05-8942-a3a42728a2e4
288,JSpecify annotations,1.0.0,Direct Dependency,Apache License 2.0,PERMISSIVE,NOT_REVIEWED,7e7f9b3b-83a6-4496-8182-b45538f9d5a8,49a188b8-b059-404b-9cab-b27b48e65f06,7cae335f-1193-421e-92f1-8802b4243e93
289,Jackson 2 extensions to the Google APIs Client Library for Java,2.0.1,Direct Dependency,Apache License 2.0,PERMISSIVE,NOT_REVIEWED,886877d2-c100-4457-b8da-b707e9b49492,0f9abb8e-f595-4feb-8769-60c779df7cac,7cae335f-1193-421e-92f1-8802b4243e93
290,Jackson 2 extensions to the Google HTTP Client Library for Java.,2.2.0,Direct Dependency,Apache License 2.0,PERMISSIVE,NOT_REVIEWED,46122256-f4a9-45c9-a091-8ccee2262276,058c1f54-01e7-4990-9927-c3bef0df37af,7cae335f-1193-421e-92f1-8802b4243e93
291,Jackson-Datatype-JSR310,2.22.3,Direct Dependency,Apache License 2.0,PERMISSIVE,NOT_REVIEWED,69a1f40e-2423-412c-98e3-869fa0919e37,868db313-68f3-4e56-a8d6-c5ad267ff7f1,7cae335f-1193-421e-92f1-8802b4243e93
292,Jackson-module-Afterburner,2.21.6,Direct Dependency,Apache License 2.0,PERMISSIVE,NOT_REVIEWED,eea33624-c4cb-4c71-8ef7-767642d1d611,c81c0755-dc00-4023-b71c-e9f8be25ea56,7cae335f-1193-421e-92f1-8802b4243e93
293,Jakarta Activation,1.2.2,Direct Dependency,"BSD 3-clause ""New"" or ""Revised"" License",PERMISSIVE,NOT_REVIEWED,ae579c25-08da-4cb5-91e6-44beb6997979,27b59b5d-8278-4c6e-b809-32e40a816272,3d238144-44e6-450e-b523-3defbdaed9dc
294,Jakarta Activation API,1.2.1,Direct Dependency,"BSD 3-clause ""New"" or ""Revised"" License",PERMISSIVE,NOT_REVIEWED,fcc6905e-b4c4-4e41-ae1e-0ed870ba706b,f3146f1e-1432-41c7-9bb9-9c82375cec5c,3d238144-44e6-450e-b523-3defbdaed9dc
295,Jakarta Annotations API,1.3.5,Direct Dependency,(GNU General Public License v2.0 w/Classpath exception OR Eclipse Public License 2.0),"WEAK_RECIPROCAL,RECIPROCAL",NOT_REVIEWED,4aaf6ea9-170f-4bd1-aba9-54febcb0544e,9b279da0-d8ef-4b03-af41-b63306f4e21f,"9b7eb3ce-d64b-4e3e-a6b7-55d4dc798e68,8f64c451-7777-4762-903b-605797caef38"
296,Jakarta Inject,2.6.1,Direct Dependency,(GNU General Public License v2.0 w/Classpath exception OR Eclipse Public License 2.0),"WEAK_RECIPROCAL,RECIPROCAL",NOT_REVIEWED,45b77d80-8f0c-4e4f-bc13-7ddd079d6503,df37bb85-f78c-4bc7-a60f-78a4ff1b6588,"9b7eb3ce-d64b-4e3e-a6b7-55d4dc798e68,8f64c451-7777-4762-903b-605797caef38"
297,Jakarta XML Binding API,4.0.2,Direct Dependency,Eclipse Distribution License - v 1.0,PERMISSIVE,NOT_REVIEWED,81a47718-8462-469e-94f9-43533fdad5be,4ffa71ef-346f-4b65-8c0a-ed620a783e86,f6eccc87-62ff-4ffd-9fa7-763d1a436125
298,Java Concurrency Tools Core Library,4.0.7,Direct Dependency,Apache License 2.0,PERMISSIVE,NOT_REVIEWED,14e381de-3ef8-40d3-9147-27f8c73547fb,175517d7-4d21-455e-87cd-674ae890db19,7cae335f-1193-421e-92f1-8802b4243e93
299,Java Native Access (JNA),5.13.0,Direct Dependency,(GNU Lesser General Public License v2.1 or later OR Apache License 2.0),"PERMISSIVE,WEAK_RECIPROCAL",NOT_REVIEWED,7e64c5f7-ceb0-4a7c-85e7-d9c840b5ee6e,bc2face3-5a88-42c6-95e0-79936a1c025f,"7cae335f-1193-421e-92f1-8802b4243e93,cff110eb-f85c-445c-9d3b-00a04b7f4cf0"
300,Java Native Access (JNA),5.17.0,Direct Dependency,(GNU Lesser General Public License v2.1 or later OR Apache License 2.0),"PERMISSIVE,WEAK_RECIPROCAL",NOT_REVIEWED,7e64c5f7-ceb0-4a7c-85e7-d9c840b5ee6e,b1e13c9c-da00-42de-8037-03bef992f972,"7cae335f-1193-421e-92f1-8802b4243e93,cff110eb-f85c-445c-9d3b-00a04b7f4cf0"
301,JavaServer Pages(TM) API,2.3.6,Direct Dependency,(GNU General Public License v2.0 w/Classpath exception OR Apache License 2.0 OR Eclipse Public License 2.0),"PERMISSIVE,WEAK_RECIPROCAL,RECIPROCAL",NOT_REVIEWED,06287866-7413-4a37-97bb-4ee05bf6d91e,bb754854-d343-4d65-a3ce-0170c4f93dbf,"9b7eb3ce-d64b-4e3e-a6b7-55d4dc798e68,7cae335f-1193-421e-92f1-8802b4243e93,8f64c451-7777-4762-903b-605797caef38"
302,Javassist,3.30.2,Direct Dependency,(Mozilla Public License 1.1 OR GNU Lesser General Public License v2.1 only OR Apache License 2.0),"PERMISSIVE,WEAK_RECIPROCAL",NOT_REVIEWED,c1ff58fd-778e-41d1-931c-731e2d0298b3,21117e50-9293-42b6-ac11-49794f20ffe8,"d7f120df-c44d-493d-9c5e-03e301e05942,7cae335f-1193-421e-92f1-8802b4243e93,fecf595c-3184-47f4-92f9-1a32ab46a8f1"
303,Jersey,2.46,Direct Dependency,"(GNU General Public License v2.0 w/Classpath exception AND MIT License AND BSD 2-clause ""Simplified"" License AND Eclipse Distribution License - v 1.0 AND Apache License 2.0 AND BSD 3-clause ""New"" or ""Revised"" License AND Public Domain AND Eclipse Public License 2.0 AND W3C Software Notice and License (2002-12-31))","PERMISSIVE,WEAK_RECIPROCAL,RECIPROCAL",NOT_REVIEWED,29b05335-a571-422b-b2f5-85a5e9748540,a99613a6-9e94-4122-84ca-82b34391ea50,"3d238144-44e6-450e-b523-3defbdaed9dc,d26bcb7d-5bc8-4f05-8942-a3a42728a2e4,cc875133-df38-4806-9921-473e0ef01a87,ad705c59-6893-4980-bdbf-0837f1823cc4,f6eccc87-62ff-4ffd-9fa7-763d1a436125,9b7eb3ce-d64b-4e3e-a6b7-55d4dc798e68,7cae335f-1193-421e-92f1-8802b4243e93,a867fb4a-940d-4140-9d05-46d8a28508d1,8f64c451-7777-4762-903b-605797caef38"
304,Jersey Inject HK2,2.46,Direct Dependency,"(GNU General Public License v2.0 w/Classpath exception OR MIT License OR BSD 2-clause ""Simplified"" License OR Eclipse Distribution License - v 1.0 OR Apache License 2.0 OR BSD 3-clause ""New"" or ""Revised"" License OR Public Domain OR Eclipse Public License 2.0 OR W3C Software Notice and License (2002-12-31))","PERMISSIVE,WEAK_RECIPROCAL,RECIPROCAL",NOT_REVIEWED,14f22fd5-7dbf-4881-b0a3-41c76e6584e5,ede715cd-d966-45cb-845e-b6ffa794991a,"3d238144-44e6-450e-b523-3defbdaed9dc,d26bcb7d-5bc8-4f05-8942-a3a42728a2e4,cc875133-df38-4806-9921-473e0ef01a87,ad705c59-6893-4980-bdbf-0837f1823cc4,f6eccc87-62ff-4ffd-9fa7-763d1a436125,9b7eb3ce-d64b-4e3e-a6b7-55d4dc798e68,7cae335f-1193-421e-92f1-8802b4243e93,a867fb4a-940d-4140-9d05-46d8a28508d1,8f64c451-7777-4762-903b-605797caef38"
305,Jetbrains annotations,13.0,Direct Dependency,Apache License 2.0,PERMISSIVE,NOT_REVIEWED,22950adc-2441-4363-8255-c660e82eff79,1a801cdc-2824-4610-a435-892093bc79a9,7cae335f-1193-421e-92f1-8802b4243e93
306,Jettison - Json Stax implementation,1.5.7,Direct Dependency,Apache License 2.0,PERMISSIVE,NOT_REVIEWED,6941b1eb-12eb-4ff5-a537-e24bb8dbb4e7,946f8850-1654-4420-a128-6676aa3d677f,7cae335f-1193-421e-92f1-8802b4243e93
307,"Jetty: Java based HTTP/1.x, HTTP/2, Servlet, WebSocket Server",12.1.14,Direct Dependency,(Apache License 2.0 OR Eclipse Public License 2.0),"PERMISSIVE,WEAK_RECIPROCAL",NOT_REVIEWED,d8221aaa-7d55-4b5a-b3e0-2b5cba26ce60,8b01371b-626a-44fc-b1e5-cf43c2c9c69c,"7cae335f-1193-421e-92f1-8802b4243e93,8f64c451-7777-4762-903b-605797caef38"
308,Jimfs Parent,1.1,Direct Dependency,Apache License 2.0,PERMISSIVE,NOT_REVIEWED,f94df141-4153-4756-bc79-5611128076de,9309aad5-9fb5-44ee-8b69-d9eabfe01809,7cae335f-1193-421e-92f1-8802b4243e93
309,Joda Time,2.12.7,Direct Dependency,Apache License 2.0,PERMISSIVE,NOT_REVIEWED,a67e87fa-f848-40b4-bcf5-2aedb5bc2b31,38b1a572-4e0a-437d-ae54-dee9063006cd,7cae335f-1193-421e-92f1-8802b4243e93
310,Kerby Config,2.0.3,Direct Dependency,Apache License 2.0,PERMISSIVE,NOT_REVIEWED,7104e523-7e17-40ee-bcad-dade93226193,be524318-5059-4f5c-a6d8-ff7b5867c5f3,7cae335f-1193-421e-92f1-8802b4243e93
311,Kerby Util,2.0.3,Direct Dependency,Apache License 2.0,PERMISSIVE,NOT_REVIEWED,0fc213e1-2915-45cc-9e7c-8c450b64b8f7,0cb6372b-06df-4b71-9d4f-1ab6ab841497,7cae335f-1193-421e-92f1-8802b4243e93
312,Kerby-kerb Crypto,2.0.3,Direct Dependency,Apache License 2.0,PERMISSIVE,NOT_REVIEWED,ad7daafc-9c69-40ee-aa3c-4ebd4019ae6f,13a60539-e1d9-431a-ae18-c006de6a083f,7cae335f-1193-421e-92f1-8802b4243e93
313,Kerby-kerb Util,2.0.3,Direct Dependency,Apache License 2.0,PERMISSIVE,NOT_REVIEWED,6d7d4fcf-c6e2-4acf-b894-cf8287cf2944,6a68b028-f5cd-4406-9622-2d27b251c163,7cae335f-1193-421e-92f1-8802b4243e93
314,Kotlin,2.3.20,Direct Dependency,Apache License 2.0,PERMISSIVE,NOT_REVIEWED,ecbf67e0-977b-40dd-830d-42c44c595a57,45fb450f-8e9c-4e17-925d-8feeadf8af87,7cae335f-1193-421e-92f1-8802b4243e93
315,KotlinPoet,2.3.0,Direct Dependency,Apache License 2.0,PERMISSIVE,NOT_REVIEWED,c2b47e40-90d1-4b89-b5ca-d0975e95c674,5c4522e9-5ec9-45f7-b0a6-27b487feb256,7cae335f-1193-421e-92f1-8802b4243e93
316,LatencyUtils,2.0.3,Direct Dependency,"(BSD 2-clause ""Simplified"" License OR Creative Commons Zero v1.0 Universal)",PERMISSIVE,NOT_REVIEWED,874c05c9-ed80-4f4b-a936-f00eb05b72e6,e93456bb-8d51-4be1-a5c0-57af8aaa218c,"cc875133-df38-4806-9921-473e0ef01a87,a7c69599-62b6-4d06-9ec6-ea688c041c00"
317,Lodash,4.18.1,Direct Dependency,MIT License,PERMISSIVE,NOT_REVIEWED,ee7292ee-2e02-42d2-a627-e34cd1a942bb,d6ed50ca-2cee-4dd9-a773-62e14a235034,ad705c59-6893-4980-bdbf-0837f1823cc4
318,Log Redactor,1.0.18,Direct Dependency,Apache License 2.0,PERMISSIVE,NOT_REVIEWED,194cb1ba-38a0-4219-872b-7fad1f022744,ab366546-92be-4d97-be33-e382f341d52d,7cae335f-1193-421e-92f1-8802b4243e93
319,Log Redactor Metrics,1.0.18,Direct Dependency,Apache License 2.0,PERMISSIVE,NOT_REVIEWED,12f00932-37e3-4d22-905f-b365053e972c,f983ab29-03be-4df7-8c3b-e21e1ee0a319,7cae335f-1193-421e-92f1-8802b4243e93
320,Log4J Commons Logging Bridge,2.26.1,Direct Dependency,Apache License 2.0,PERMISSIVE,NOT_REVIEWED,49903db1-49a3-4670-b893-4a3502a0ab5f,a13b9625-89e3-4d38-a0cf-dcd06d292215,7cae335f-1193-421e-92f1-8802b4243e93
321,Log4J Compatibility API,2.26.1,Direct Dependency,Apache License 2.0,PERMISSIVE,NOT_REVIEWED,27abed2e-e4d1-4088-90e7-299dff16a4a1,8cd3be01-4017-43d5-9993-dcf768eeadff,7cae335f-1193-421e-92f1-8802b4243e93
322,Merge-Stream,2.0.0,Transitive Dependency,MIT License,PERMISSIVE,NOT_REVIEWED,4d303b51-21da-45fe-ad69-4985fd638851,19129512-ddc4-4810-bbec-2988eee92717,ad705c59-6893-4980-bdbf-0837f1823cc4
323,Metrics Core,3.2.4,Direct Dependency,Apache License 2.0,PERMISSIVE,NOT_REVIEWED,c55ce524-78b7-48ed-b071-7c6c7c085bae,9dc12686-3367-4488-ba0e-6e44b6841879,7cae335f-1193-421e-92f1-8802b4243e93
324,MicroProfile OpenAPI API,4.1.1,Direct Dependency,Apache License 2.0,PERMISSIVE,NOT_REVIEWED,29783747-3887-4220-a408-273c1db93335,1b8fea2a-13a8-4af7-8b86-df78ec4d3618,7cae335f-1193-421e-92f1-8802b4243e93
325,Microsoft Azure Java JSON Library,1.5.1,Direct Dependency,MIT License,PERMISSIVE,NOT_REVIEWED,0e247ea6-cb6f-4e97-a9f0-27780afe1944,692827cb-7224-42c1-be7d-027bb81ae508,ad705c59-6893-4980-bdbf-0837f1823cc4
326,Microsoft Azure Java XML Library,1.2.1,Direct Dependency,MIT License,PERMISSIVE,NOT_REVIEWED,d2f4722f-f2bc-4570-987e-f8b674886638,7a18154b-77b2-4f6b-86e8-8b0c71293b22,ad705c59-6893-4980-bdbf-0837f1823cc4
327,Microsofttslib,1.11.1,Transitive Dependency,Apache License 2.0,PERMISSIVE,NOT_REVIEWED,ce2319d7-17f0-468b-81de-bb4838847abc,855b90df-e51e-47a3-a215-a6fe7bd7ac70,7cae335f-1193-421e-92f1-8802b4243e93
328,Mongo Java Driver,5.13.0,Direct Dependency,Apache License 2.0,PERMISSIVE,NOT_REVIEWED,4a8c1722-b210-4636-8af0-64e13f9c58ae,da55264e-04fe-4126-8b8d-c0571c2806e4,7cae335f-1193-421e-92f1-8802b4243e93
329,Nessie - Client,0.108.8,Direct Dependency,Apache License 2.0,PERMISSIVE,NOT_REVIEWED,fbc89333-8585-4684-82f9-5829b2700e71,7a49df37-d88a-471f-8914-1c3b03675e80,7cae335f-1193-421e-92f1-8802b4243e93
330,Netty Project,4.1.139.Final,Direct Dependency,Apache License 2.0,PERMISSIVE,NOT_REVIEWED,efd56af9-62c0-430b-84e7-f45fedd08060,59d68bac-e9c2-42be-be82-72bc062eeb3c,7cae335f-1193-421e-92f1-8802b4243e93
331,Netty Project,4.2.18.Final,Direct Dependency,Apache License 2.0,PERMISSIVE,NOT_REVIEWED,efd56af9-62c0-430b-84e7-f45fedd08060,da9d2adf-b8cb-4d55-a7d8-942c89bc339d,7cae335f-1193-421e-92f1-8802b4243e93
332,Netty/Codec/Base,4.2.18.Final,Direct Dependency,Apache License 2.0,PERMISSIVE,NOT_REVIEWED,94f0ecc9-55b5-45c5-b3ca-e2330e2f0ba3,8db16b58-63dc-42dc-bdba-e10e143f18c1,7cae335f-1193-421e-92f1-8802b4243e93
333,Netty/Codec/Compression,4.2.18.Final,Direct Dependency,Apache License 2.0,PERMISSIVE,NOT_REVIEWED,71bad883-4c1d-4b87-99f3-c310af919377,736b32c3-5fdd-4805-b96d-8d0fe1ee1215,7cae335f-1193-421e-92f1-8802b4243e93
334,Netty/Handler/Ssl/Ocsp,4.1.139.Final,Direct Dependency,Apache License 2.0,PERMISSIVE,NOT_REVIEWED,73ee0226-c030-4b80-b697-4dfc9a92188c,d8a099d1-b22f-4771-a0d4-eabd3ba4a45d,7cae335f-1193-421e-92f1-8802b4243e93
335,Netty/TomcatNative [BoringSSL - Static],2.0.84.Final,Direct Dependency,Apache License 2.0,PERMISSIVE,NOT_REVIEWED,cfe4b36a-1001-4b76-accd-6ff0ed3c68ae,5f0fc6c2-e062-4482-a21a-23552b555687,7cae335f-1193-421e-92f1-8802b4243e93
336,Netty/TomcatNative [OpenSSL - Classes],2.0.84.Final,Direct Dependency,Apache License 2.0,PERMISSIVE,NOT_REVIEWED,51ad849f-4561-4fd8-a57a-efecd9590147,dfddbea1-1b21-4469-9fed-807b41d5b308,7cae335f-1193-421e-92f1-8802b4243e93
337,Netty/Transport/Classes/Epoll,4.1.139.Final,Direct Dependency,Apache License 2.0,PERMISSIVE,NOT_REVIEWED,a0caf2bd-5f18-44cf-9878-404b01bcdc3a,6a2b8ff7-44c2-4113-bd75-87c1c3d1ec58,7cae335f-1193-421e-92f1-8802b4243e93
338,Netty/Transport/Classes/Epoll,4.2.18.Final,Direct Dependency,Apache License 2.0,PERMISSIVE,NOT_REVIEWED,a0caf2bd-5f18-44cf-9878-404b01bcdc3a,7077b3c6-72d6-4c40-bb83-03eb9965281d,7cae335f-1193-421e-92f1-8802b4243e93
339,Netty/Transport/Classes/KQueue,4.2.18.Final,Direct Dependency,Apache License 2.0,PERMISSIVE,NOT_REVIEWED,ec669760-7607-4049-917a-f647295609c8,95258396-f8c7-4a6b-b2cd-041dcd95f7c7,7cae335f-1193-421e-92f1-8802b4243e93
340,Netty/Transport/Native/Unix/Common,4.2.18.Final,Direct Dependency,Apache License 2.0,PERMISSIVE,NOT_REVIEWED,1cb09fd1-4c1d-45f5-937a-193e8acbfb88,8770c713-d93c-4e4a-8de9-d7a543088178,7cae335f-1193-421e-92f1-8802b4243e93
341,Nimbus-JOSE-JWT,10.10,Direct Dependency,Apache License 2.0,PERMISSIVE,NOT_REVIEWED,2c2279f6-c9ae-4065-ba0e-affd7aa70321,5e5f0015-0bab-471c-a02a-0a4b6d1eac81,7cae335f-1193-421e-92f1-8802b4243e93
342,ORC Shims,1.9.9,Direct Dependency,Apache License 2.0,PERMISSIVE,NOT_REVIEWED,d3beb160-b195-4213-bc7d-b20355d36cad,f44c4091-7e96-47c2-8b62-de78f37b570e,7cae335f-1193-421e-92f1-8802b4243e93
343,OSGi resource locator bundle,1.0.3,Direct Dependency,(GNU General Public License v2.0 w/Classpath exception OR Eclipse Public License 2.0),"WEAK_RECIPROCAL,RECIPROCAL",NOT_REVIEWED,40813940-c9c7-43ab-907f-d04552ff746a,b0c39c24-3306-4513-9d6b-d52c0448aa6b,"9b7eb3ce-d64b-4e3e-a6b7-55d4dc798e68,8f64c451-7777-4762-903b-605797caef38"
344,OkIO,3.18.2,Direct Dependency,Apache License 2.0,PERMISSIVE,NOT_REVIEWED,92a62dae-28ba-467b-a999-60e889d11a58,074ab791-5b08-4644-8bd9-451d6618d0cb,7cae335f-1193-421e-92f1-8802b4243e93
345,OkIO,3.4.0,Direct Dependency,Apache License 2.0,PERMISSIVE,NOT_REVIEWED,92a62dae-28ba-467b-a999-60e889d11a58,d8871db6-7167-4113-8616-6d1539f30cd3,7cae335f-1193-421e-92f1-8802b4243e93
346,OpenCensus,0.31.1,Direct Dependency,Apache License 2.0,PERMISSIVE,NOT_REVIEWED,855353ba-15df-4316-a1b1-e9e6552bde6b,efc47e72-96eb-4bb1-acc7-4b8e8ac4d1da,7cae335f-1193-421e-92f1-8802b4243e93
347,OpenCensus,0.31.1,Direct Dependency,Apache License 2.0,PERMISSIVE,NOT_REVIEWED,013433d6-35a2-4c13-a9ba-deac1459d3ac,d06aa8e1-1920-46ff-8ed4-2f8955a64089,7cae335f-1193-421e-92f1-8802b4243e93
348,OpenCensus,0.31.1,Direct Dependency,Apache License 2.0,PERMISSIVE,NOT_REVIEWED,6be0603b-408c-4e63-bfcf-7bd94a5558f3,6247de5b-7d6f-4c76-9ada-61afdb3aebbc,7cae335f-1193-421e-92f1-8802b4243e93
349,OpenCensus,0.31.1,Direct Dependency,Apache License 2.0,PERMISSIVE,NOT_REVIEWED,c8e4da14-a9e0-41ec-aa33-c772f83937aa,52f16f00-5dd5-4b66-9ae0-229a1a61f11e,7cae335f-1193-421e-92f1-8802b4243e93
350,OpenCensus,0.31.1,Direct Dependency,Apache License 2.0,PERMISSIVE,NOT_REVIEWED,8ce12de4-e840-474d-813b-e98c5e7b8cb1,38771fa1-566a-4263-a5e9-8948ef6ebac7,7cae335f-1193-421e-92f1-8802b4243e93
351,OpenCensus,0.31.1,Direct Dependency,Apache License 2.0,PERMISSIVE,NOT_REVIEWED,3a13183f-88db-4c07-bc73-e705124fac06,7597efe8-6533-46dd-bac0-3f63168f229c,7cae335f-1193-421e-92f1-8802b4243e93
352,OpenCensus,0.31.1,Direct Dependency,Apache License 2.0,PERMISSIVE,NOT_REVIEWED,b58a7f69-4ac9-46b9-8bf6-d9eb6051e39b,942c3be8-040f-4952-a686-1bd6a0d4a2cf,7cae335f-1193-421e-92f1-8802b4243e93
353,OpenTelemetry,1.66.0,Direct Dependency,Apache License 2.0,PERMISSIVE,NOT_REVIEWED,36fc993c-49f2-4758-83e1-78346922d243,6c1975a4-3822-49da-9b8a-2d0a1f8cf19c,7cae335f-1193-421e-92f1-8802b4243e93
354,OpenTelemetry Java,1.66.0,Direct Dependency,Apache License 2.0,PERMISSIVE,NOT_REVIEWED,05ed4529-aa07-4519-b97d-607759bacad5,5954d18e-4568-44a0-bbb0-0a37ec1a8512,7cae335f-1193-421e-92f1-8802b4243e93
355,OpenTelemetry Java - io.opentelemetry:opentelemetry-sdk-metrics,1.66.0,Direct Dependency,Apache License 2.0,PERMISSIVE,NOT_REVIEWED,7905cd03-8d30-42ac-9f4d-ab87161c8378,4e59bf5e-32cc-43fc-a661-351b97a034aa,7cae335f-1193-421e-92f1-8802b4243e93
356,OpenTelemetry Java Contrib,1.37.0-alpha,Direct Dependency,Apache License 2.0,PERMISSIVE,NOT_REVIEWED,d436d1fe-71f2-4906-96d4-0faf3ad59cff,df7dc829-6390-4478-b60f-d2031e3178e8,7cae335f-1193-421e-92f1-8802b4243e93
357,OpenTelemetry Operations Java,0.33.0,Direct Dependency,Apache License 2.0,PERMISSIVE,NOT_REVIEWED,ad28cec3-0cca-4617-9823-5f9926c6765c,81f032f3-00f4-4e29-b134-53bcb58b3975,7cae335f-1193-421e-92f1-8802b4243e93
358,OpenTelemetry Operations Java,0.33.0,Direct Dependency,Apache License 2.0,PERMISSIVE,NOT_REVIEWED,be4235fd-bf8e-4cde-92d9-efa79764f9a8,b0e41a26-8894-41c0-b25b-29b875b34de7,7cae335f-1193-421e-92f1-8802b4243e93
359,OpenTelemetry Operations Java,0.33.0,Direct Dependency,Apache License 2.0,PERMISSIVE,NOT_REVIEWED,5bb6efb0-d88d-48ac-a1a7-37a39d6477a9,98eced30-e2f5-4d10-8104-af5fcc10e750,7cae335f-1193-421e-92f1-8802b4243e93
360,OpenTelemetry Semantic Conventions Java,1.29.0-alpha,Direct Dependency,Apache License 2.0,PERMISSIVE,NOT_REVIEWED,a309cb37-ef04-4c19-a41f-31ba2091d9a7,c76151e5-befb-4308-8d6f-0aab4eaebda8,7cae335f-1193-421e-92f1-8802b4243e93
361,Prometheus Java Simpleclient,0.16.0,Direct Dependency,Apache License 2.0,PERMISSIVE,NOT_REVIEWED,d1e3f92a-1b37-4aa2-99e9-ee579ecab98f,ce026a03-8c4c-49f8-80c7-64ce508882b0,7cae335f-1193-421e-92f1-8802b4243e93
362,Prometheus Java Span Context Supplier - Common,0.16.0,Direct Dependency,Apache License 2.0,PERMISSIVE,NOT_REVIEWED,3209a9b3-3f2a-48fe-b0b5-8bec69e1414e,22710e70-b92f-456f-962d-40630377c253,7cae335f-1193-421e-92f1-8802b4243e93
363,Prometheus Java Span Context Supplier - OpenTelemetry,0.16.0,Direct Dependency,Apache License 2.0,PERMISSIVE,NOT_REVIEWED,c587b8da-b129-4885-9841-d48b5502c580,bd6f8af3-6551-4366-8af0-def3d62febc1,7cae335f-1193-421e-92f1-8802b4243e93
364,Prometheus Java Span Context Supplier - OpenTelemetry Agent,0.16.0,Direct Dependency,Apache License 2.0,PERMISSIVE,NOT_REVIEWED,b6f4f568-5a8e-4612-8a30-b7cfa9c2aa76,047c7a65-457f-4f9b-9041-5bc85d740b17,7cae335f-1193-421e-92f1-8802b4243e93
365,Proto Google Common Protos,2.48.0,Direct Dependency,Apache License 2.0,PERMISSIVE,NOT_REVIEWED,bcb4fb16-c588-440e-873f-e1fb57f06033,4a479d3c-dc61-4e7d-99cc-faa3eb3ba324,7cae335f-1193-421e-92f1-8802b4243e93
366,Proto Google Common Protos,2.78.0,Direct Dependency,Apache License 2.0,PERMISSIVE,NOT_REVIEWED,bcb4fb16-c588-440e-873f-e1fb57f06033,b1db5282-3994-47d7-bda0-7ca1902a5f4e,7cae335f-1193-421e-92f1-8802b4243e93
367,Protocol Buffer Java Util Package,4.36.2,Direct Dependency,"BSD 3-clause ""New"" or ""Revised"" License",PERMISSIVE,NOT_REVIEWED,eeb69b86-71ee-4578-b82a-15726248b259,d5ce217b-a3d1-478b-84b0-797b37db3912,3d238144-44e6-450e-b523-3defbdaed9dc
368,Punycode.js,2.1.1,Transitive Dependency,MIT License,PERMISSIVE,NOT_REVIEWED,d2a5d612-5215-4b64-a9f3-88b94570677b,06525991-81d6-4c41-82f5-721fa976d19a,ad705c59-6893-4980-bdbf-0837f1823cc4
369,Qix-/color-convert,1.9.3,Transitive Dependency,MIT License,PERMISSIVE,NOT_REVIEWED,ff4d5d00-5591-47da-943d-0e8464d04f31,9392c902-0451-4670-b665-9ea6055dc898,ad705c59-6893-4980-bdbf-0837f1823cc4
370,Qix-/color-convert,2.0.1,Transitive Dependency,MIT License,PERMISSIVE,NOT_REVIEWED,ff4d5d00-5591-47da-943d-0e8464d04f31,a0f27905-8a7d-4579-854e-40a4ce6f3365,ad705c59-6893-4980-bdbf-0837f1823cc4
371,RamdaJs,0.28.0,Direct Dependency,MIT License,PERMISSIVE,NOT_REVIEWED,35601b39-7b72-46ac-ac9a-f69d5ecc94dd,d2d0af72-bc09-411b-93d2-fc28a87ae6c9,ad705c59-6893-4980-bdbf-0837f1823cc4
372,ReactiveX RxJS,6.5.3,Direct Dependency,Apache License 2.0,PERMISSIVE,NOT_REVIEWED,9a6aadcd-4b3a-4623-bfba-ddce2df65985,d52f246a-45b2-4b01-8cba-ebf2f5a0008f,7cae335f-1193-421e-92f1-8802b4243e93
373,Reactor Netty,1.2.18,Direct Dependency,Apache License 2.0,PERMISSIVE,NOT_REVIEWED,a938a9ae-c297-44bd-86cc-3d30748583f1,3430fe71-f2e5-48f2-9692-da1661ffa235,7cae335f-1193-421e-92f1-8802b4243e93
374,RoaringBitmap,1.6.23,Direct Dependency,Apache License 2.0,PERMISSIVE,NOT_REVIEWED,1abe10d9-dd84-46f2-9ff2-e554a1aa47d9,64e0664c-f579-4941-9e65-18091f2e4a7c,7cae335f-1193-421e-92f1-8802b4243e93
375,S3 Analytics Accelerator Library for Amazon S3,1.3.1,Direct Dependency,Apache License 2.0,PERMISSIVE,NOT_REVIEWED,4d694b4e-0a55-4f5b-aba3-b04b40d0d7e4,9f79d831-4324-44ce-b939-6fdb113c6cbe,7cae335f-1193-421e-92f1-8802b4243e93
376,SLF4J API Module,1.7.36,Direct Dependency,MIT License,PERMISSIVE,NOT_REVIEWED,ca782761-ef54-4eb6-b7f0-b9fbb15a0698,1587e123-4c0d-4f25-aa89-32dc78ff0202,ad705c59-6893-4980-bdbf-0837f1823cc4
377,Scala,2.12.20,Direct Dependency,Apache License 2.0,PERMISSIVE,NOT_REVIEWED,5defcec1-ef02-4263-828f-7bb1e139a2af,70caae3d-391c-4025-8af9-ef6a18ed97d8,7cae335f-1193-421e-92f1-8802b4243e93
378,ServiceLocator Default Implementation,2.6.1,Direct Dependency,(GNU General Public License v2.0 w/Classpath exception OR Eclipse Public License 2.0),"WEAK_RECIPROCAL,RECIPROCAL",NOT_REVIEWED,c856c884-f259-4631-882a-817e86927c6e,56350f69-58d5-4c20-ad4f-806e6916c6c3,"9b7eb3ce-d64b-4e3e-a6b7-55d4dc798e68,8f64c451-7777-4762-903b-605797caef38"
379,SnakeYAML,2.6,Direct Dependency,Apache License 2.0,PERMISSIVE,NOT_REVIEWED,7d5b8a95-2ae3-4f89-9b3b-d47c44f9d187,d72da938-f9c6-4745-9de8-73546367cbd0,7cae335f-1193-421e-92f1-8802b4243e93
380,SnakeYAML Engine KMP,4.0.1,Direct Dependency,Apache License 2.0,PERMISSIVE,NOT_REVIEWED,e723df54-9fde-49ee-9864-6a97b2e6916d,90cbe685-faa7-4766-8404-2a5c780fde5b,7cae335f-1193-421e-92f1-8802b4243e93
381,Strip ANSI,5.2.0,Transitive Dependency,MIT License,PERMISSIVE,NOT_REVIEWED,0809e45c-41a9-4f4b-ba9d-1aa51a0c47dc,2d3e699a-232e-43cc-9011-264771c65960,ad705c59-6893-4980-bdbf-0837f1823cc4
382,Strip ANSI,6.0.0,Transitive Dependency,MIT License,PERMISSIVE,NOT_REVIEWED,0809e45c-41a9-4f4b-ba9d-1aa51a0c47dc,8a55a94f-869c-4677-a2c0-f9e84cfa6a84,ad705c59-6893-4980-bdbf-0837f1823cc4
383,Swift Poet,1.6.11,Direct Dependency,Apache License 2.0,PERMISSIVE,NOT_REVIEWED,793928ac-ac83-41b4-8c3e-b509b68bc608,5b6ddada-5b39-4777-b2f5-35c57b7c2257,7cae335f-1193-421e-92f1-8802b4243e93
384,TXW2 Runtime,2.3.9,Direct Dependency,Eclipse Distribution License - v 1.0,PERMISSIVE,NOT_REVIEWED,5bebc4c7-42b8-4542-81be-101a4fc4b402,1e7d849f-a66a-4307-ac34-edaea0164424,f6eccc87-62ff-4ffd-9fa7-763d1a436125
385,ThreeTen backport,1.7.0,Direct Dependency,"BSD 3-clause ""New"" or ""Revised"" License",PERMISSIVE,NOT_REVIEWED,a9e8b388-262e-42fb-802b-6b81b1c64a5d,c3fc6404-b2d2-4782-afd5-f0dbb66d9271,3d238144-44e6-450e-b523-3defbdaed9dc
386,ThreeTen-extra,1.8.0,Direct Dependency,"BSD 3-clause ""New"" or ""Revised"" License",PERMISSIVE,NOT_REVIEWED,88496b6c-e95c-4118-814f-c06a11e30357,1c2dc342-f729-4db8-a938-4cb289b4fdb7,3d238144-44e6-450e-b523-3defbdaed9dc
387,Units of Measurement API,2.1.3,Direct Dependency,"BSD 3-clause ""New"" or ""Revised"" License",PERMISSIVE,NOT_REVIEWED,b2fb11d0-b1fa-429a-88be-7ec74350a469,a6146079-df0f-4dfb-8789-7d7785ed50fa,3d238144-44e6-450e-b523-3defbdaed9dc
388,UrlEncoder for Kotlin Multiplatform,1.6.0,Direct Dependency,Apache License 2.0,PERMISSIVE,NOT_REVIEWED,a7b71b83-09c8-448e-afd5-f4a0110f07bb,01617234-c91f-46a0-8564-7d30039260b3,7cae335f-1193-421e-92f1-8802b4243e93
389,Woodstox,7.3.0,Direct Dependency,Apache License 2.0,PERMISSIVE,NOT_REVIEWED,58c08ffd-a3c5-425b-91d5-1d93f40db5a7,e17840ee-6c27-40c4-9f74-ef01110864e2,7cae335f-1193-421e-92f1-8802b4243e93
390,XSAM/otelsql,v0.41.0,Transitive Dependency,Apache License 2.0,PERMISSIVE,NOT_REVIEWED,24fa6fd1-e013-4c7b-a339-6251b4dfccaa,5243b0bc-a3f1-4401-9fa0-68c868f51693,7cae335f-1193-421e-92f1-8802b4243e93
391,XZ for Java,1.12,Direct Dependency,BSD Zero Clause License,PERMISSIVE,NOT_REVIEWED,d884581a-e30d-4524-8f4c-c428b137a578,5ac11ef3-754b-4322-9364-f2733fc80bda,dd4bebf5-122b-4a8c-8c2a-dc34f0308110
392,Zero-allocation Hashing,0.27ea1,Direct Dependency,Apache License 2.0,PERMISSIVE,NOT_REVIEWED,9a291802-9eb8-43d3-9bf1-5920c0f58d9a,3366168c-fb06-40bb-a5e6-9c6192e79c4a,7cae335f-1193-421e-92f1-8802b4243e93
393,Zone.js,v0.9.1,Direct Dependency,MIT License,PERMISSIVE,NOT_REVIEWED,cdac004d-76d0-4f78-9a5d-8b175f1c556a,7ccc5499-65d4-4535-a64c-0f52b89c9f6f,ad705c59-6893-4980-bdbf-0837f1823cc4
394,abbrev,1.1.1,Transitive Dependency,ISC License,PERMISSIVE,NOT_REVIEWED,2064ca8e-eeaf-4be8-80de-34ef2787a673,db04bcef-4f9f-4196-b8d0-a99e2ad6c5d5,14b0b50b-acd2-4fc8-ac65-3b15f9e58260
395,aggregate-error,3.0.1,Transitive Dependency,MIT License,PERMISSIVE,NOT_REVIEWED,adc1637b-559b-4d2a-b016-e1a26d20114f,bbb5f4e0-0cf7-4c33-bf69-042c3a0fa3ff,ad705c59-6893-4980-bdbf-0837f1823cc4
396,aircompressor,2.0.3,Direct Dependency,Apache License 2.0,PERMISSIVE,NOT_REVIEWED,d7d0404e-2b3b-4620-9983-7aad59adcfe8,80dd811f-d5c3-4318-9f17-7387630903f2,7cae335f-1193-421e-92f1-8802b4243e93
397,ajv,6.12.6,Transitive Dependency,MIT License,PERMISSIVE,NOT_REVIEWED,8e1e6ffd-b90e-4ce0-82ee-124a12e1c60b,d801c4e4-c9aa-47bc-8e22-5184cc792b02,ad705c59-6893-4980-bdbf-0837f1823cc4
398,ajv,v8.6.2,Transitive Dependency,MIT License,PERMISSIVE,NOT_REVIEWED,8e1e6ffd-b90e-4ce0-82ee-124a12e1c60b,fc2dc8dc-83a1-4931-878d-232a9fdffcfd,ad705c59-6893-4980-bdbf-0837f1823cc4
399,alecthomas-kingpin,v2.4.0,Transitive Dependency,MIT License,PERMISSIVE,NOT_REVIEWED,0f73e179-be72-495b-8dc1-ba014f46a87e,f62e9909-1166-4067-9a32-b9d9b180ec9c,ad705c59-6893-4980-bdbf-0837f1823cc4
400,alecthomas-units,20240927-snapshot-0f3dac36,Transitive Dependency,MIT License,PERMISSIVE,NOT_REVIEWED,7ec255eb-d568-4a2f-83f6-b2f3384eb373,85038cb7-7478-44bd-92c0-9e4d532916d8,ad705c59-6893-4980-bdbf-0837f1823cc4
401,angular-hybrid,10.0.1,Direct Dependency,MIT License,PERMISSIVE,NOT_REVIEWED,6421262e-42bb-4305-9977-487ebbc90950,1f98cb43-8e98-437a-985c-a410fe8e2896,ad705c59-6893-4980-bdbf-0837f1823cc4
402,angular-ui-tree,2.22.6,Direct Dependency,MIT License,PERMISSIVE,NOT_REVIEWED,ec4582c5-cdee-492f-b42d-5305712d8eef,bd6c84d6-6e05-4d9d-ae5f-c957b85cffee,ad705c59-6893-4980-bdbf-0837f1823cc4
403,angularjs,1.8.0,Direct Dependency,MIT License,PERMISSIVE,NOT_REVIEWED,75c4153c-9259-496a-9b30-fc61b4972f9e,4992432f-b5b8-46cf-b3c0-dc1e7cfc82cf,ad705c59-6893-4980-bdbf-0837f1823cc4
404,ansi-colors,4.1.1,Transitive Dependency,MIT License,PERMISSIVE,NOT_REVIEWED,f73b8dec-0f8c-47e7-b946-a4d3d9f234ae,d38b0fc3-c0d2-4839-9cc9-b538d3114a59,ad705c59-6893-4980-bdbf-0837f1823cc4
405,ansi-regex,4.1.0,Transitive Dependency,MIT License,PERMISSIVE,NOT_REVIEWED,8d080f9e-677a-4203-b72d-1edf330e5a1c,62f2b37c-220c-405c-8fb1-5fcfc593d3ed,ad705c59-6893-4980-bdbf-0837f1823cc4
406,ansi-regex,5.0.0,Transitive Dependency,MIT License,PERMISSIVE,NOT_REVIEWED,8d080f9e-677a-4203-b72d-1edf330e5a1c,39e0b995-cf35-4213-89e0-77f684912076,ad705c59-6893-4980-bdbf-0837f1823cc4
407,ansi-styles,3.2.1,Transitive Dependency,MIT License,PERMISSIVE,NOT_REVIEWED,076b8cff-cc76-48d5-96f4-e7241d3d29d9,e92505d8-0742-4eb3-a533-2b6b1fc28646,ad705c59-6893-4980-bdbf-0837f1823cc4
408,ansi-styles,4.2.1,Transitive Dependency,MIT License,PERMISSIVE,NOT_REVIEWED,076b8cff-cc76-48d5-96f4-e7241d3d29d9,c2137208-0795-4bb0-9a27-9a0a7d651c81,ad705c59-6893-4980-bdbf-0837f1823cc4
409,ansi-styles,v4.3.0,Transitive Dependency,MIT License,PERMISSIVE,NOT_REVIEWED,076b8cff-cc76-48d5-96f4-e7241d3d29d9,80233df7-5f4d-43c8-986d-dde0eea89bf5,ad705c59-6893-4980-bdbf-0837f1823cc4
410,aproba,1.2.0,Transitive Dependency,ISC License,PERMISSIVE,NOT_REVIEWED,59655838-9403-4286-a1f7-78d9afe63e5e,f02aaf80-a0d7-4d8e-981b-c683e7e3612d,14b0b50b-acd2-4fc8-ac65-3b15f9e58260
411,args4j,2.37,Direct Dependency,MIT License,PERMISSIVE,NOT_REVIEWED,f9cdc2bf-735f-4992-bf68-50b52df8abfd,00de4989-7814-4ba6-a2ad-4b8506ee01ad,ad705c59-6893-4980-bdbf-0837f1823cc4
412,asm-analysis,9.10.1,Direct Dependency,"BSD 3-clause ""New"" or ""Revised"" License",PERMISSIVE,NOT_REVIEWED,7bd332eb-972e-491b-ab9e-02837a4e23e1,a8109218-5f50-44c6-a318-a4884afbf7f0,3d238144-44e6-450e-b523-3defbdaed9dc
413,astral-regex,2.0.0,Transitive Dependency,MIT License,PERMISSIVE,NOT_REVIEWED,b03382da-8793-4e7f-b5ff-0f1fb6c77834,0caddf7c-a42e-474e-9b41-30981c277270,ad705c59-6893-4980-bdbf-0837f1823cc4
414,aws/aws-sdk-go-v2,aws/protocol/eventstream/v1.7.11,Transitive Dependency,Apache License 2.0,PERMISSIVE,NOT_REVIEWED,a3b4b398-8875-452a-b3cd-308d80a1c075,352156d0-df3a-4578-a499-cc9154884c9f,7cae335f-1193-421e-92f1-8802b4243e93
415,aws/aws-sdk-go-v2,aws/protocol/eventstream/v1.7.15,Transitive Dependency,Apache License 2.0,PERMISSIVE,NOT_REVIEWED,a3b4b398-8875-452a-b3cd-308d80a1c075,549b9397-beef-4499-a280-c34d7efbcfa9,7cae335f-1193-421e-92f1-8802b4243e93
416,aws/aws-sdk-go-v2,config/v1.32.32,Direct Dependency,Apache License 2.0,PERMISSIVE,NOT_REVIEWED,a3b4b398-8875-452a-b3cd-308d80a1c075,90babf69-1a90-431b-91f1-0649dafd1407,7cae335f-1193-421e-92f1-8802b4243e93
417,aws/aws-sdk-go-v2,config/v1.33.6,Direct Dependency,Apache License 2.0,PERMISSIVE,NOT_REVIEWED,a3b4b398-8875-452a-b3cd-308d80a1c075,ed9df0a0-6122-4187-96eb-d98825dd14ca,7cae335f-1193-421e-92f1-8802b4243e93
418,aws/aws-sdk-go-v2,credentials/v1.19.31,Direct Dependency,Apache License 2.0,PERMISSIVE,NOT_REVIEWED,a3b4b398-8875-452a-b3cd-308d80a1c075,3cf2c352-a61e-4dfc-8c80-2a0dcd553fbb,7cae335f-1193-421e-92f1-8802b4243e93
419,aws/aws-sdk-go-v2,credentials/v1.20.6,Transitive Dependency,Apache License 2.0,PERMISSIVE,NOT_REVIEWED,a3b4b398-8875-452a-b3cd-308d80a1c075,73f46a90-74f8-4d1f-8cc9-2beac51a3d0f,7cae335f-1193-421e-92f1-8802b4243e93
420,aws/aws-sdk-go-v2,feature/dynamodb/attributevalue/v1.20.35,Transitive Dependency,Apache License 2.0,PERMISSIVE,NOT_REVIEWED,a3b4b398-8875-452a-b3cd-308d80a1c075,5766ff57-62ee-4a87-b663-d96faf0d652f,7cae335f-1193-421e-92f1-8802b4243e93
421,aws/aws-sdk-go-v2,feature/dynamodb/expression/v1.8.35,Transitive Dependency,Apache License 2.0,PERMISSIVE,NOT_REVIEWED,a3b4b398-8875-452a-b3cd-308d80a1c075,b7dadd26-29b2-40bc-b819-c307a39efa65,7cae335f-1193-421e-92f1-8802b4243e93
422,aws/aws-sdk-go-v2,feature/ec2/imds/v1.18.32,Transitive Dependency,Apache License 2.0,PERMISSIVE,NOT_REVIEWED,a3b4b398-8875-452a-b3cd-308d80a1c075,e77d083b-962c-4cb0-8936-0cfde1e029c2,7cae335f-1193-421e-92f1-8802b4243e93
423,aws/aws-sdk-go-v2,feature/ec2/imds/v1.20.1,Direct Dependency,Apache License 2.0,PERMISSIVE,NOT_REVIEWED,a3b4b398-8875-452a-b3cd-308d80a1c075,6ad99c32-54f6-403e-a5ad-42d81e04c317,7cae335f-1193-421e-92f1-8802b4243e93
424,aws/aws-sdk-go-v2,feature/rds/auth/v1.6.20,Transitive Dependency,Apache License 2.0,PERMISSIVE,NOT_REVIEWED,a3b4b398-8875-452a-b3cd-308d80a1c075,0ee2837c-42a8-49ef-9a33-f59abc90ef3b,7cae335f-1193-421e-92f1-8802b4243e93
425,aws/aws-sdk-go-v2,feature/s3/manager/v1.22.36,Direct Dependency,Apache License 2.0,PERMISSIVE,NOT_REVIEWED,a3b4b398-8875-452a-b3cd-308d80a1c075,47e2f6cb-82c7-4a48-b7e9-f4b8387219c4,7cae335f-1193-421e-92f1-8802b4243e93
426,aws/aws-sdk-go-v2,feature/s3/transfermanager/v0.2.3,Transitive Dependency,Apache License 2.0,PERMISSIVE,NOT_REVIEWED,a3b4b398-8875-452a-b3cd-308d80a1c075,9970b76f-4403-4595-bc81-ef791f887ddd,7cae335f-1193-421e-92f1-8802b4243e93
427,aws/aws-sdk-go-v2,internal/configsources/v1.4.32,Transitive Dependency,Apache License 2.0,PERMISSIVE,NOT_REVIEWED,a3b4b398-8875-452a-b3cd-308d80a1c075,88d37964-80bb-47ba-ad39-75b251c434d7,7cae335f-1193-421e-92f1-8802b4243e93
428,aws/aws-sdk-go-v2,internal/configsources/v1.5.4,Transitive Dependency,Apache License 2.0,PERMISSIVE,NOT_REVIEWED,a3b4b398-8875-452a-b3cd-308d80a1c075,92aefb33-628c-4cd4-9212-e478d47cfd5e,7cae335f-1193-421e-92f1-8802b4243e93
429,aws/aws-sdk-go-v2,internal/endpoints/v2.7.32,Transitive Dependency,Apache License 2.0,PERMISSIVE,NOT_REVIEWED,a3b4b398-8875-452a-b3cd-308d80a1c075,2acd1ddb-941d-4122-a739-700cb2780201,7cae335f-1193-421e-92f1-8802b4243e93
430,aws/aws-sdk-go-v2,internal/endpoints/v2.8.4,Transitive Dependency,Apache License 2.0,PERMISSIVE,NOT_REVIEWED,a3b4b398-8875-452a-b3cd-308d80a1c075,409b01ce-b49a-470e-8442-40ae877c05d1,7cae335f-1193-421e-92f1-8802b4243e93
431,aws/aws-sdk-go-v2,internal/v4a/v1.4.33,Transitive Dependency,Apache License 2.0,PERMISSIVE,NOT_REVIEWED,a3b4b398-8875-452a-b3cd-308d80a1c075,afe405fb-de7f-4177-ad40-ba59a6ae2051,7cae335f-1193-421e-92f1-8802b4243e93
432,aws/aws-sdk-go-v2,internal/v4a/v1.5.4,Transitive Dependency,Apache License 2.0,PERMISSIVE,NOT_REVIEWED,a3b4b398-8875-452a-b3cd-308d80a1c075,d09b1e7e-8cbc-4a14-bd08-1df1dc3909d0,7cae335f-1193-421e-92f1-8802b4243e93
433,aws/aws-sdk-go-v2,service/dynamodb/v1.56.2,Transitive Dependency,Apache License 2.0,PERMISSIVE,NOT_REVIEWED,a3b4b398-8875-452a-b3cd-308d80a1c075,c9ab3e3b-c4e4-4261-8819-1e0ca8eae329,7cae335f-1193-421e-92f1-8802b4243e93
434,aws/aws-sdk-go-v2,service/dynamodbstreams/v1.32.13,Transitive Dependency,Apache License 2.0,PERMISSIVE,NOT_REVIEWED,a3b4b398-8875-452a-b3cd-308d80a1c075,32a22ac9-db15-4ca3-bcec-94d2c76e3cb0,7cae335f-1193-421e-92f1-8802b4243e93
435,aws/aws-sdk-go-v2,service/internal/accept-encoding/v1.13.14,Transitive Dependency,Apache License 2.0,PERMISSIVE,NOT_REVIEWED,a3b4b398-8875-452a-b3cd-308d80a1c075,fc618b8f-306b-4ab7-a465-0424c04eb7e9,7cae335f-1193-421e-92f1-8802b4243e93
436,aws/aws-sdk-go-v2,service/internal/accept-encoding/v1.13.19,Transitive Dependency,Apache License 2.0,PERMISSIVE,NOT_REVIEWED,a3b4b398-8875-452a-b3cd-308d80a1c075,97a4eeba-03bf-47bc-a6df-d819cce5c383,7cae335f-1193-421e-92f1-8802b4243e93
437,aws/aws-sdk-go-v2,service/internal/checksum/v1.9.18,Transitive Dependency,Apache License 2.0,PERMISSIVE,NOT_REVIEWED,a3b4b398-8875-452a-b3cd-308d80a1c075,6a373f55-f426-4175-9064-689b4d0684df,7cae335f-1193-421e-92f1-8802b4243e93
438,aws/aws-sdk-go-v2,service/internal/checksum/v1.9.25,Transitive Dependency,Apache License 2.0,PERMISSIVE,NOT_REVIEWED,a3b4b398-8875-452a-b3cd-308d80a1c075,5d99ab60-51f0-4988-9e31-8805accaa263,7cae335f-1193-421e-92f1-8802b4243e93
439,aws/aws-sdk-go-v2,service/internal/endpoint-discovery/v1.11.20,Transitive Dependency,Apache License 2.0,PERMISSIVE,NOT_REVIEWED,a3b4b398-8875-452a-b3cd-308d80a1c075,8118f665-1784-4c07-93c1-b7a07e0fc793,7cae335f-1193-421e-92f1-8802b4243e93
440,aws/aws-sdk-go-v2,service/internal/presigned-url/v1.13.32,Transitive Dependency,Apache License 2.0,PERMISSIVE,NOT_REVIEWED,a3b4b398-8875-452a-b3cd-308d80a1c075,ca96f24b-6891-4627-89a1-4d66509e5ce7,7cae335f-1193-421e-92f1-8802b4243e93
441,aws/aws-sdk-go-v2,service/internal/presigned-url/v1.14.4,Transitive Dependency,Apache License 2.0,PERMISSIVE,NOT_REVIEWED,a3b4b398-8875-452a-b3cd-308d80a1c075,1d11fd1a-6ce6-40e5-82e2-f78bf960dd4b,7cae335f-1193-421e-92f1-8802b4243e93
442,aws/aws-sdk-go-v2,service/internal/s3shared/v1.19.25,Transitive Dependency,Apache License 2.0,PERMISSIVE,NOT_REVIEWED,a3b4b398-8875-452a-b3cd-308d80a1c075,a24c52bc-1db8-4587-9e63-9677ed9545d9,7cae335f-1193-421e-92f1-8802b4243e93
443,aws/aws-sdk-go-v2,service/internal/s3shared/v1.19.33,Transitive Dependency,Apache License 2.0,PERMISSIVE,NOT_REVIEWED,a3b4b398-8875-452a-b3cd-308d80a1c075,8950ecde-6511-4808-b001-34a927b58f2f,7cae335f-1193-421e-92f1-8802b4243e93
444,aws/aws-sdk-go-v2,service/kms/v1.61.1,Transitive Dependency,Apache License 2.0,PERMISSIVE,NOT_REVIEWED,a3b4b398-8875-452a-b3cd-308d80a1c075,fad70848-fb97-4a79-8957-b5300a6d0679,7cae335f-1193-421e-92f1-8802b4243e93
445,aws/aws-sdk-go-v2,service/s3/v1.102.2,Transitive Dependency,Apache License 2.0,PERMISSIVE,NOT_REVIEWED,a3b4b398-8875-452a-b3cd-308d80a1c075,cfe1a993-d1d6-4564-8105-d290a1944c21,7cae335f-1193-421e-92f1-8802b4243e93
446,aws/aws-sdk-go-v2,service/s3/v1.106.1,Direct Dependency,Apache License 2.0,PERMISSIVE,NOT_REVIEWED,a3b4b398-8875-452a-b3cd-308d80a1c075,012b0bb7-726e-44b7-a0ef-39004caea648,7cae335f-1193-421e-92f1-8802b4243e93
447,aws/aws-sdk-go-v2,service/secretsmanager/v1.41.4,Transitive Dependency,Apache License 2.0,PERMISSIVE,NOT_REVIEWED,a3b4b398-8875-452a-b3cd-308d80a1c075,78fa865b-8b43-4629-9c27-93ba8125f15b,7cae335f-1193-421e-92f1-8802b4243e93
448,aws/aws-sdk-go-v2,service/signin/v1.10.1,Transitive Dependency,Apache License 2.0,PERMISSIVE,NOT_REVIEWED,a3b4b398-8875-452a-b3cd-308d80a1c075,043263c4-eb42-4e9d-a83b-e8802d105b0e,7cae335f-1193-421e-92f1-8802b4243e93
449,aws/aws-sdk-go-v2,service/signin/v1.5.1,Transitive Dependency,Apache License 2.0,PERMISSIVE,NOT_REVIEWED,a3b4b398-8875-452a-b3cd-308d80a1c075,85320f99-8db7-442b-81d1-779631592dd8,7cae335f-1193-421e-92f1-8802b4243e93
450,aws/aws-sdk-go-v2,service/sns/v1.39.14,Transitive Dependency,Apache License 2.0,PERMISSIVE,NOT_REVIEWED,a3b4b398-8875-452a-b3cd-308d80a1c075,e58e5125-5b41-4928-b80a-bdc05637252a,7cae335f-1193-421e-92f1-8802b4243e93
451,aws/aws-sdk-go-v2,service/sqs/v1.42.24,Transitive Dependency,Apache License 2.0,PERMISSIVE,NOT_REVIEWED,a3b4b398-8875-452a-b3cd-308d80a1c075,9d88d785-8ac4-496c-804f-82260fdf3939,7cae335f-1193-421e-92f1-8802b4243e93
452,aws/aws-sdk-go-v2,service/ssm/v1.68.3,Transitive Dependency,Apache License 2.0,PERMISSIVE,NOT_REVIEWED,a3b4b398-8875-452a-b3cd-308d80a1c075,df01ab16-94f6-46b4-a58d-08667c9ed9ab,7cae335f-1193-421e-92f1-8802b4243e93
453,aws/aws-sdk-go-v2,service/sso/v1.33.1,Transitive Dependency,Apache License 2.0,PERMISSIVE,NOT_REVIEWED,a3b4b398-8875-452a-b3cd-308d80a1c075,1e99c011-153f-48e0-9a8c-0181c7851acd,7cae335f-1193-421e-92f1-8802b4243e93
454,aws/aws-sdk-go-v2,service/sso/v1.38.1,Transitive Dependency,Apache License 2.0,PERMISSIVE,NOT_REVIEWED,a3b4b398-8875-452a-b3cd-308d80a1c075,4b69b597-ed6d-473a-80de-5cfd79082914,7cae335f-1193-421e-92f1-8802b4243e93
455,aws/aws-sdk-go-v2,service/ssooidc/v1.38.1,Transitive Dependency,Apache License 2.0,PERMISSIVE,NOT_REVIEWED,a3b4b398-8875-452a-b3cd-308d80a1c075,feda6d79-2115-4a77-9e78-3be7747ad09d,7cae335f-1193-421e-92f1-8802b4243e93
456,aws/aws-sdk-go-v2,service/ssooidc/v1.43.1,Transitive Dependency,Apache License 2.0,PERMISSIVE,NOT_REVIEWED,a3b4b398-8875-452a-b3cd-308d80a1c075,d021d6c5-ff3e-491f-b843-c4ac543c5f33,7cae335f-1193-421e-92f1-8802b4243e93
457,aws/aws-sdk-go-v2,service/sts/v1.45.1,Transitive Dependency,Apache License 2.0,PERMISSIVE,NOT_REVIEWED,a3b4b398-8875-452a-b3cd-308d80a1c075,1f2e87d6-6558-474c-9003-7f203dc30a73,7cae335f-1193-421e-92f1-8802b4243e93
458,aws/aws-sdk-go-v2,service/sts/v1.51.1,Transitive Dependency,Apache License 2.0,PERMISSIVE,NOT_REVIEWED,a3b4b398-8875-452a-b3cd-308d80a1c075,d0bbebfc-e522-4026-81ef-bf836dc38c6e,7cae335f-1193-421e-92f1-8802b4243e93
459,aws/aws-sdk-go-v2,v1.43.1,Direct Dependency,Apache License 2.0,PERMISSIVE,NOT_REVIEWED,a3b4b398-8875-452a-b3cd-308d80a1c075,c8bb990f-66ce-40ea-9d79-48c4a51a4ce3,7cae335f-1193-421e-92f1-8802b4243e93
460,aws/aws-sdk-go-v2,v1.47.1,Transitive Dependency,Apache License 2.0,PERMISSIVE,NOT_REVIEWED,a3b4b398-8875-452a-b3cd-308d80a1c075,82e90783-4744-429e-98d7-d9fed2b4754b,7cae335f-1193-421e-92f1-8802b4243e93
461,babel-plugin-dynamic-import-node,2.3.3,Transitive Dependency,MIT License,PERMISSIVE,NOT_REVIEWED,053ebded-a145-4fbb-b1c4-0029413b1db9,090f1be2-e9e4-4e0d-aaa1-f3c973381119,ad705c59-6893-4980-bdbf-0837f1823cc4
462,babel-traverse,7.9.5,Transitive Dependency,MIT License,PERMISSIVE,NOT_REVIEWED,bd2652a3-74ea-44a9-8889-f3e98aa4dfa0,17016c3d-9942-4e2a-b68e-2cd8fd69e9f6,ad705c59-6893-4980-bdbf-0837f1823cc4
463,balanced-match,1.0.2,Transitive Dependency,MIT License,PERMISSIVE,NOT_REVIEWED,1f4b101f-29c7-4b48-afbf-7f0d47927748,738d3ef9-c14b-4d3e-af97-ab46b9983859,ad705c59-6893-4980-bdbf-0837f1823cc4
464,beorn7-perks,v1.0.1,Transitive Dependency,MIT License,PERMISSIVE,NOT_REVIEWED,a160fd2a-ab2a-4d35-8243-5bed42557272,9a891f96-ef74-4ef0-ae30-a33f42945b10,ad705c59-6893-4980-bdbf-0837f1823cc4
465,brace-expansion,2.0.3,Transitive Dependency,MIT License,PERMISSIVE,NOT_REVIEWED,359c18ec-ccec-40f9-8a12-2190783a4e22,5058caa5-2d19-4857-b118-4629d24d9aed,ad705c59-6893-4980-bdbf-0837f1823cc4
466,browserify/resolve,v1.17.0,Transitive Dependency,MIT License,PERMISSIVE,NOT_REVIEWED,8602b937-e64a-4676-8c00-f66111ec2301,163a1ebe-77fb-4e78-b7c8-8bb7dcac1036,ad705c59-6893-4980-bdbf-0837f1823cc4
467,browserslist,4.12.0,Transitive Dependency,MIT License,PERMISSIVE,NOT_REVIEWED,9eea7663-0e97-49ac-be62-3611fae23cf2,3580bf95-2ca2-494c-9728-07c5c8aad2dd,ad705c59-6893-4980-bdbf-0837f1823cc4
468,buffer-from,1.1.1,Transitive Dependency,MIT License,PERMISSIVE,NOT_REVIEWED,09372c9b-0cb9-41df-a007-aea2e31613c2,ddedce78-0cd4-46ed-ac05-32310548beaf,ad705c59-6893-4980-bdbf-0837f1823cc4
469,builtin-modules,3.1.0,Transitive Dependency,MIT License,PERMISSIVE,NOT_REVIEWED,f8fb08e1-b946-4427-aaf1-0e684042bcc4,2ed1fff9-689e-4d38-b179-f241ad49b407,ad705c59-6893-4980-bdbf-0837f1823cc4
470,builtins,1.0.3,Transitive Dependency,MIT License,PERMISSIVE,NOT_REVIEWED,e742292d-48c1-4623-b77e-95549d20f028,f7bdff7f-b2cf-44d4-b64b-d4cbdbc9cf1b,ad705c59-6893-4980-bdbf-0837f1823cc4
471,cacache,15.0.0,Transitive Dependency,ISC License,PERMISSIVE,NOT_REVIEWED,d788f65b-9c15-4e28-ac83-7d75e46827de,2230e899-0379-4325-b053-ad2dd6fadc10,14b0b50b-acd2-4fc8-ac65-3b15f9e58260
472,cacheable-lookup,2.0.1,Transitive Dependency,MIT License,PERMISSIVE,NOT_REVIEWED,009c4e29-dd44-491f-b71b-63f608df476e,09de0fdb-f74c-4b4a-96e4-cadd498a9727,ad705c59-6893-4980-bdbf-0837f1823cc4
473,cacheable-request,7.0.1,Transitive Dependency,MIT License,PERMISSIVE,NOT_REVIEWED,e7b092f0-6bd2-4775-99e1-2a3caadd0900,70df40d9-d9d9-4974-8d43-7c81e3fc6519,ad705c59-6893-4980-bdbf-0837f1823cc4
474,callsites,3.1.0,Transitive Dependency,MIT License,PERMISSIVE,NOT_REVIEWED,4137d1da-aa46-490a-aa4b-8b54603248ee,f1651c75-d57e-4268-ba6e-e06b794c7641,ad705c59-6893-4980-bdbf-0837f1823cc4
475,camelcase,5.3.1,Transitive Dependency,MIT License,PERMISSIVE,NOT_REVIEWED,19360446-2e16-4d8f-b1d0-6c17eae51176,7d2ea25b-3fc4-4cdc-b964-27abc968190c,ad705c59-6893-4980-bdbf-0837f1823cc4
476,caniuse-lite,v1.0.30001048,Transitive Dependency,Creative Commons Attribution 4.0,PERMISSIVE,NOT_REVIEWED,a359727a-7220-4e0d-b819-e1b7f5953e92,b9749126-4d5b-443b-bde0-03aa5d4ce551,27e99305-0410-4234-a7a5-e7efa1801cfd
477,cenkalti/backoff,v5.0.3,Transitive Dependency,MIT License,PERMISSIVE,NOT_REVIEWED,6f94ff16-df86-48dd-82bf-10cbe747809f,91a23895-4a45-4dc0-8221-b3a80115f466,ad705c59-6893-4980-bdbf-0837f1823cc4
478,cespare/xxhash,v2.3.0,Transitive Dependency,MIT License,PERMISSIVE,NOT_REVIEWED,49651356-8651-4b8e-9eba-a245f6d236a9,6f908056-e919-4f42-a240-ec807e6e9a67,ad705c59-6893-4980-bdbf-0837f1823cc4
479,chownr,1.1.4,Transitive Dependency,ISC License,PERMISSIVE,NOT_REVIEWED,a0d5c298-9bcc-43fa-9042-3a6ca1b603e3,3a936687-1172-42ce-8ccf-ba8b42c50f97,14b0b50b-acd2-4fc8-ac65-3b15f9e58260
480,clean-stack,2.2.0,Transitive Dependency,MIT License,PERMISSIVE,NOT_REVIEWED,cf6e64a7-b597-4758-bc79-51aec9e497ce,9ac41c05-3d70-496f-91bc-2f18e16f8339,ad705c59-6893-4980-bdbf-0837f1823cc4
481,cli-cursor,2.1.0,Transitive Dependency,MIT License,PERMISSIVE,NOT_REVIEWED,086f28cb-78b2-4d6b-904e-c917b3980032,61602978-0e64-4f4f-92a1-4acb54d69784,ad705c59-6893-4980-bdbf-0837f1823cc4
482,cli-spinners,2.3.0,Transitive Dependency,MIT License,PERMISSIVE,NOT_REVIEWED,6753bbf0-e082-497c-9c75-7ff571b02351,c5e7356e-ddfb-4472-9e55-07800cfa664a,ad705c59-6893-4980-bdbf-0837f1823cc4
483,client_golang,v1.24.1,Direct Dependency,Apache License 2.0,PERMISSIVE,NOT_REVIEWED,163bec4e-b7f6-4c8a-828d-5ba673aaa72a,15b58c46-2697-4119-953e-2483854f1645,7cae335f-1193-421e-92f1-8802b4243e93
484,clipboard.js,1.5.16,Direct Dependency,MIT License,PERMISSIVE,NOT_REVIEWED,cfe848a9-c397-4dde-bc2f-555377938207,514f60dc-eb1f-4b39-bd79-c4fafa0f5456,ad705c59-6893-4980-bdbf-0837f1823cc4
485,clone-response,1.0.2,Transitive Dependency,MIT License,PERMISSIVE,NOT_REVIEWED,d9ed8ce2-8af0-4b7b-adf7-f40e320631ca,d084a848-1a01-4d5b-b580-c04a296453ba,ad705c59-6893-4980-bdbf-0837f1823cc4
486,color-name,1.1.3,Transitive Dependency,MIT License,PERMISSIVE,NOT_REVIEWED,68b85420-e2ba-4f55-96e5-05836e663a21,6972e2e2-d404-4fed-b39d-aecb4daa490b,ad705c59-6893-4980-bdbf-0837f1823cc4
487,color-name,1.1.4,Transitive Dependency,MIT License,PERMISSIVE,NOT_REVIEWED,68b85420-e2ba-4f55-96e5-05836e663a21,67e179f4-6338-40a8-a485-ef29c6590aef,ad705c59-6893-4980-bdbf-0837f1823cc4
488,com.conversantmedia:disruptor,1.2.21,Direct Dependency,Apache License 2.0,PERMISSIVE,NOT_REVIEWED,d2f52fef-c2e7-4a4c-b234-b06506613d22,914318b4-089a-4c6c-baf5-ea347cb5a2e8,7cae335f-1193-421e-92f1-8802b4243e93
489,com.google.api.grpc:proto-google-cloud-monitoring-v3,3.52.0,Direct Dependency,Apache License 2.0,PERMISSIVE,NOT_REVIEWED,9b4cd5a8-a727-4c68-87e7-7502b28efb2d,94f6731b-411a-4e22-9fb1-d60141c568cc,7cae335f-1193-421e-92f1-8802b4243e93
490,com.google.api.grpc:proto-google-iam-v1,1.73.0,Direct Dependency,Apache License 2.0,PERMISSIVE,NOT_REVIEWED,4f1c0bae-ff98-4d37-a290-c5fbd129af08,8be73956-46c2-409c-a541-5f4c5ba15c31,7cae335f-1193-421e-92f1-8802b4243e93
491,com.google.cloud.bigdataoss:util,2.2.25,Direct Dependency,Apache License 2.0,PERMISSIVE,NOT_REVIEWED,b57b03c5-6939-46fa-9dff-07320ae18729,d90801ce-bbad-4bbf-b7a1-fc6c28cc58f8,7cae335f-1193-421e-92f1-8802b4243e93
492,commons-csv,1.14.1,Direct Dependency,Apache License 2.0,PERMISSIVE,NOT_REVIEWED,4597ae78-7af5-4bed-b688-0eabc0f3b969,62835620-54b4-465e-b87d-c11ab1dae433,7cae335f-1193-421e-92f1-8802b4243e93
493,config-chain,1.1.13,Transitive Dependency,MIT License,PERMISSIVE,NOT_REVIEWED,0bd59f8f-014f-482b-b16a-74a186430142,8a2bbbd5-3b90-4066-b8c8-91c9c4f513a0,ad705c59-6893-4980-bdbf-0837f1823cc4
494,convert-source-map,v1.7.0,Transitive Dependency,MIT License,PERMISSIVE,NOT_REVIEWED,2f734218-c864-404b-897f-0c1fe821610e,af214e32-df02-4284-828e-34f65c38e385,ad705c59-6893-4980-bdbf-0837f1823cc4
495,converter,0.3.0,Direct Dependency,Apache License 2.0,PERMISSIVE,NOT_REVIEWED,b94c518a-b9f6-4988-85c3-4cada133cd52,bf97b2c6-419f-4f93-bae0-12b2598c70b6,7cae335f-1193-421e-92f1-8802b4243e93
496,copy-concurrently,1.0.5,Transitive Dependency,ISC License,PERMISSIVE,NOT_REVIEWED,ee9c2b8d-4135-4a6d-8c4e-a49f2db28c24,784afcf6-f18d-4e4c-86d2-82610a6d9b52,14b0b50b-acd2-4fc8-ac65-3b15f9e58260
497,core,2.3.4,Direct Dependency,Apache License 2.0,PERMISSIVE,NOT_REVIEWED,4ae88cac-44b4-495e-b1f6-67a51f860f5d,dce75428-a27d-4de3-b387-92914c0470cf,7cae335f-1193-421e-92f1-8802b4243e93
498,core-js,3.6.5,Transitive Dependency,MIT License,PERMISSIVE,NOT_REVIEWED,8156d24b-34f2-47c8-b635-dcbccc6d2aad,696efd9a-24dc-4404-9aaf-ed79573bb7ad,ad705c59-6893-4980-bdbf-0837f1823cc4
499,core-util-is,1.0.2,Transitive Dependency,MIT License,PERMISSIVE,NOT_REVIEWED,f9c417d0-ee42-4ede-8217-39abbd04a2cf,051ae347-bee9-4065-b1f2-5c0677cba538,ad705c59-6893-4980-bdbf-0837f1823cc4
500,cosmiconfig,6.0.0,Transitive Dependency,MIT License,PERMISSIVE,NOT_REVIEWED,365924d9-4ccd-45c9-b9c3-92a5e3c40ebf,b86d46ac-9942-4346-96b3-46c3b792356a,ad705c59-6893-4980-bdbf-0837f1823cc4
501,couchbase platform,v8.0.1,"Exact,Files Modified",Business Source License 1.1,RESTRICTED_PROPRIETARY,NOT_REVIEWED,d2078ea0-f517-4018-ae55-dffade0594bb,4a6c46e2-414f-4a17-90ad-fd2f73fa6d7b,dde70004-f23f-437a-8982-c1aca19e3165
502,couchbase-cbauth,,Transitive Dependency,Apache License 2.0,PERMISSIVE,NOT_REVIEWED,5b25999a-cdba-4002-98e4-5ef9b60f408a,,7cae335f-1193-421e-92f1-8802b4243e93
503,couchbase-cbauth,v0.1.13,Transitive Dependency,Apache License 2.0,PERMISSIVE,NOT_REVIEWED,5b25999a-cdba-4002-98e4-5ef9b60f408a,d1ca1c43-3564-4451-a8f7-aa01e39a694c,7cae335f-1193-421e-92f1-8802b4243e93
504,couchbase-cbauth,v0.1.14,"Files Added/Deleted,Exact",Apache License 2.0,PERMISSIVE,NOT_REVIEWED,5b25999a-cdba-4002-98e4-5ef9b60f408a,0783a2d4-60a2-4d82-8a27-581f953edcfa,7cae335f-1193-421e-92f1-8802b4243e93
505,couchbase-clog,v0.1.0,Direct Dependency,Business Source License 1.1,RESTRICTED_PROPRIETARY,NOT_REVIEWED,e248af4e-cbf9-4a59-8270-d078d55fa7e3,bc38ba64-e528-4774-9913-7223a6c23791,dde70004-f23f-437a-8982-c1aca19e3165
506,couchbase-go-couchbase,v0.1.1,Direct Dependency,MIT License,PERMISSIVE,NOT_REVIEWED,28cd6692-6f63-4375-82b8-c699bb41e1fa,f5f3aaea-1352-4717-ba8d-f71af8db7644,ad705c59-6893-4980-bdbf-0837f1823cc4
507,couchbase-gomemcached,v0.2.1,Direct Dependency,MIT License,PERMISSIVE,NOT_REVIEWED,d56f2d33-f6c1-4183-8f79-b98b55cfed9a,07b33f7b-721f-4b08-9561-ab363440907f,ad705c59-6893-4980-bdbf-0837f1823cc4
508,couchbase-gomemcached,v0.3.3,Transitive Dependency,MIT License,PERMISSIVE,NOT_REVIEWED,d56f2d33-f6c1-4183-8f79-b98b55cfed9a,e908d658-8f67-47e5-bc98-96cb9a714267,ad705c59-6893-4980-bdbf-0837f1823cc4
509,couchbase-gomemcached,v0.3.4,Transitive Dependency,MIT License,PERMISSIVE,NOT_REVIEWED,d56f2d33-f6c1-4183-8f79-b98b55cfed9a,270497d5-dd28-4159-9ab5-bf380558b120,ad705c59-6893-4980-bdbf-0837f1823cc4
510,couchbase-goutils,v0.2.0,Files Modified,Apache License 2.0,PERMISSIVE,NOT_REVIEWED,4ac8a2b3-4807-4dff-907c-05fc8ffe6d4e,62520e09-cd52-44a5-9ada-5eb103853efe,7cae335f-1193-421e-92f1-8802b4243e93
511,couchbase-goutils,v0.3.0,Direct Dependency,Apache License 2.0,PERMISSIVE,NOT_REVIEWED,4ac8a2b3-4807-4dff-907c-05fc8ffe6d4e,f927374a-c63b-4c55-ac08-42e8a42b3547,7cae335f-1193-421e-92f1-8802b4243e93
512,couchbase/cbsummary,20250314-snapshot-4b185fb7,Exact,Unknown License,UNKNOWN,NOT_REVIEWED,51114fed-7c28-48b6-b2ab-55ffe514d938,d60c35af-b60c-462e-af86-62bd05fd3e6c,00000000-0010-0000-0000-000000000000
513,couchbase/couchstore,v8.0.1-MP1,Exact,Apache License 2.0,PERMISSIVE,NOT_REVIEWED,07948525-444c-4890-a093-7c3fd095a696,917a125d-eb6c-4666-b035-c5a518a03923,7cae335f-1193-421e-92f1-8802b4243e93
514,couchbase/go_json,20250803-snapshot-4641f4ef,Direct Dependency,Unknown License,UNKNOWN,NOT_REVIEWED,b8d43d2e-a23f-415b-97a5-444977e75e72,cfeae4e1-bd7f-41d8-bad0-16a3836190ad,00000000-0010-0000-0000-000000000000
515,couchbase/phosphor,v8.0.0,Exact,Apache License 2.0,PERMISSIVE,NOT_REVIEWED,bb67dc00-250c-45b5-8af4-24bb398d6e60,04d3b80f-b317-4f72-a7e7-5cb9f036c951,7cae335f-1193-421e-92f1-8802b4243e93
516,couchbase/query-ui,20260814-snapshot-d91e036e,Exact,Unknown License,UNKNOWN,NOT_REVIEWED,2dbe94f7-872f-4bab-bbdd-04d7575be94d,a26f031a-5535-4d39-9163-6d70f366f243,00000000-0010-0000-0000-000000000000
517,couchbase/subjson,v8.0.2,Exact,Apache License 2.0,PERMISSIVE,NOT_REVIEWED,9b8e28d2-78a8-494c-aa8a-01cc0380acef,34780cc4-7f31-4add-8bd3-09b89ef5022e,7cae335f-1193-421e-92f1-8802b4243e93
518,cramjam,2.12.0,Direct Dependency,MIT License,PERMISSIVE,NOT_REVIEWED,090d70d1-aa8f-46f2-9e13-6a3d31250fed,3fec862d-2560-4374-9cb3-b84be3fbf35b,ad705c59-6893-4980-bdbf-0837f1823cc4
519,d3-array,2.4.0,Direct Dependency,"BSD 3-clause ""New"" or ""Revised"" License",PERMISSIVE,NOT_REVIEWED,68d72be0-f915-4ab5-a215-4b14c2667777,2b59fd62-f2c1-4971-b23f-001a897c20f1,3d238144-44e6-450e-b523-3defbdaed9dc
520,d3-axis,1.0.12,Direct Dependency,"BSD 3-clause ""New"" or ""Revised"" License",PERMISSIVE,NOT_REVIEWED,3e92695e-f074-4eb5-992f-0c6d8fb877b9,095c4dc4-f39a-41ae-b38f-882aa813483d,3d238144-44e6-450e-b523-3defbdaed9dc
521,d3-brush,1.1.5,Direct Dependency,"BSD 3-clause ""New"" or ""Revised"" License",PERMISSIVE,NOT_REVIEWED,f5d09e35-b5b3-4b23-88bd-96fe4097914c,4150d4e0-530d-41c8-ae1a-ec02aa0af9fd,3d238144-44e6-450e-b523-3defbdaed9dc
522,d3-collection,1.0.7,Direct Dependency,"BSD 3-clause ""New"" or ""Revised"" License",PERMISSIVE,NOT_REVIEWED,f49996a2-ca4e-43fc-8abc-af749a4a042b,0f57c328-6e48-428a-ba7e-ceb2bbff461d,3d238144-44e6-450e-b523-3defbdaed9dc
523,d3-color,1.4.1,Transitive Dependency,"BSD 3-clause ""New"" or ""Revised"" License",PERMISSIVE,NOT_REVIEWED,61f1fd04-a644-400c-b0d0-1c1da3b15217,db5224b9-8942-4ffd-ab3d-cb50b7cfb50d,3d238144-44e6-450e-b523-3defbdaed9dc
524,d3-dispatch,1.0.6,Transitive Dependency,"BSD 3-clause ""New"" or ""Revised"" License",PERMISSIVE,NOT_REVIEWED,f3551852-c261-4118-bc57-92788c2e0700,d038529e-9ac8-4b1e-bfcb-1208f3a0241b,3d238144-44e6-450e-b523-3defbdaed9dc
525,d3-drag,1.2.5,Transitive Dependency,"BSD 3-clause ""New"" or ""Revised"" License",PERMISSIVE,NOT_REVIEWED,ac36c466-5d28-4d88-aacc-9f91570e1ca0,269aebd5-28d7-449c-a13c-82e441fde4c4,3d238144-44e6-450e-b523-3defbdaed9dc
526,d3-dsv,2.0.0,Direct Dependency,"BSD 3-clause ""New"" or ""Revised"" License",PERMISSIVE,NOT_REVIEWED,a11ab95f-5fcf-4260-8d5f-d51ef141bfb3,9d358dc3-37d5-441c-8a40-04caa25e4202,3d238144-44e6-450e-b523-3defbdaed9dc
527,d3-ease,1.0.6,Transitive Dependency,"BSD 3-clause ""New"" or ""Revised"" License",PERMISSIVE,NOT_REVIEWED,99d74b57-6049-4e63-8f53-afb5b2ef8460,caccb964-963d-41e4-b138-613938fcfcc0,3d238144-44e6-450e-b523-3defbdaed9dc
528,d3-format,1.4.3,Direct Dependency,"BSD 3-clause ""New"" or ""Revised"" License",PERMISSIVE,NOT_REVIEWED,ba3bcca9-9d89-4287-88f3-26f250170986,d9b049a9-d22f-41ac-b078-8a28a8aeb011,3d238144-44e6-450e-b523-3defbdaed9dc
529,d3-hierarchy,1.1.9,Direct Dependency,"BSD 3-clause ""New"" or ""Revised"" License",PERMISSIVE,NOT_REVIEWED,48788cf0-39c4-4e04-a8d7-576dd20bbb71,cf91029b-e255-4753-ad64-6ee6fee03698,3d238144-44e6-450e-b523-3defbdaed9dc
530,d3-interpolate,1.4.0,Direct Dependency,"BSD 3-clause ""New"" or ""Revised"" License",PERMISSIVE,NOT_REVIEWED,ea3a8295-16dc-46b3-96aa-c4a2748fbcc4,c9dcaa10-9bb3-4868-bdb8-bfb5b7a2296f,3d238144-44e6-450e-b523-3defbdaed9dc
531,d3-path,1.0.9,Transitive Dependency,"BSD 3-clause ""New"" or ""Revised"" License",PERMISSIVE,NOT_REVIEWED,42e02186-5d32-47a9-8688-a761de61fae2,26b5c588-3347-4b65-8fa6-6c24d85ec476,3d238144-44e6-450e-b523-3defbdaed9dc
532,d3-scale,3.2.1,Direct Dependency,"BSD 3-clause ""New"" or ""Revised"" License",PERMISSIVE,NOT_REVIEWED,dcab803c-bb28-440e-9298-d4194b3cce15,3461a71a-e906-4b5e-9189-919a207cac11,3d238144-44e6-450e-b523-3defbdaed9dc
533,d3-scale-chromatic,1.5.0,Direct Dependency,"BSD 3-clause ""New"" or ""Revised"" License",PERMISSIVE,NOT_REVIEWED,33726d3e-0c2a-4618-952b-6ab8d8332756,cc980ab5-e521-4c79-a416-edacd5430924,3d238144-44e6-450e-b523-3defbdaed9dc
534,d3-selection,v1.4.1,Direct Dependency,"BSD 3-clause ""New"" or ""Revised"" License",PERMISSIVE,NOT_REVIEWED,2caa6fae-651b-458f-9826-f056fbb8ed6a,55099a18-3662-4659-92ac-b679db847154,3d238144-44e6-450e-b523-3defbdaed9dc
535,d3-shape,v1.3.7,Direct Dependency,"BSD 3-clause ""New"" or ""Revised"" License",PERMISSIVE,NOT_REVIEWED,6a864b1c-cc56-40d8-bddb-505691ad907c,5de7cbd5-abf3-4268-8d4a-a5aabc5586a9,3d238144-44e6-450e-b523-3defbdaed9dc
536,d3-time,1.1.0,Direct Dependency,"BSD 3-clause ""New"" or ""Revised"" License",PERMISSIVE,NOT_REVIEWED,92e8b0fe-3365-4340-a3f9-e50b67f10497,5e315190-4918-4c77-a535-7846c4387103,3d238144-44e6-450e-b523-3defbdaed9dc
537,d3-time-format,2.2.3,Direct Dependency,"BSD 3-clause ""New"" or ""Revised"" License",PERMISSIVE,NOT_REVIEWED,0547aa21-02d1-43a8-b695-d3dc595601d6,b91bad55-a764-4a8f-a907-325a22840897,3d238144-44e6-450e-b523-3defbdaed9dc
538,d3-timer,v1.0.10,Transitive Dependency,"BSD 3-clause ""New"" or ""Revised"" License",PERMISSIVE,NOT_REVIEWED,1403fd28-c0c9-44b3-88f8-b7836b157af7,99e6a6a9-619d-4e84-a211-d109aaeb72cc,3d238144-44e6-450e-b523-3defbdaed9dc
539,d3-transition,v1.3.2,Direct Dependency,"BSD 3-clause ""New"" or ""Revised"" License",PERMISSIVE,NOT_REVIEWED,ece8e263-0474-4362-825c-dce1af9226e7,5d9d1c03-207d-4a5b-a047-fbacc394b234,3d238144-44e6-450e-b523-3defbdaed9dc
540,d3-zoom,1.8.3,Direct Dependency,"BSD 3-clause ""New"" or ""Revised"" License",PERMISSIVE,NOT_REVIEWED,74f398bc-70e9-43ba-a560-5538353834ce,c3744f83-5fe1-4061-a091-7892da24cd01,3d238144-44e6-450e-b523-3defbdaed9dc
541,debug-js/debug,4.1.1,Transitive Dependency,MIT License,PERMISSIVE,NOT_REVIEWED,311cd3ac-8ee5-4020-af4d-ac4aa070b4fa,7e4a1400-d258-41de-81ac-fe182a1ddb90,ad705c59-6893-4980-bdbf-0837f1823cc4
542,decompress-response,5.0.0,Transitive Dependency,MIT License,PERMISSIVE,NOT_REVIEWED,b4b46bee-b2c0-4441-ad9f-2ea385dc170a,aa163b0f-5e17-44ca-b413-e83f7cd2aeef,ad705c59-6893-4980-bdbf-0837f1823cc4
543,deep-is,0.1.3,Transitive Dependency,MIT License,PERMISSIVE,NOT_REVIEWED,0b10c2e7-aee6-462a-b2ed-dd9e4089bf83,f04a6221-707c-4eb2-ad16-4650fb5c2ba4,ad705c59-6893-4980-bdbf-0837f1823cc4
544,deepmerge,4.2.2,Transitive Dependency,MIT License,PERMISSIVE,NOT_REVIEWED,9ec4adfa-7ccb-4ddf-9108-86d86de008af,a769eba9-e4cd-400a-9296-a4b2b7899cff,ad705c59-6893-4980-bdbf-0837f1823cc4
545,defaults,1.0.3,Transitive Dependency,MIT License,PERMISSIVE,NOT_REVIEWED,a60ae305-91be-4045-9b8f-77363853767c,3c043c4c-4f35-4fe0-8c4a-74ccb4893fc5,ad705c59-6893-4980-bdbf-0837f1823cc4
546,defer-to-connect,2.0.0,Transitive Dependency,MIT License,PERMISSIVE,NOT_REVIEWED,3e9e7561-a239-4893-8b94-3fbfafa05ea5,56dee867-a49b-4b7f-8ea1-b4e71723dccd,ad705c59-6893-4980-bdbf-0837f1823cc4
547,define-properties,v1.1.3,Transitive Dependency,MIT License,PERMISSIVE,NOT_REVIEWED,7cbbff68-4aeb-4428-a33a-f7f85a58543c,828f2be1-de89-4c1e-a61a-29fc7498197c,ad705c59-6893-4980-bdbf-0837f1823cc4
548,delegate,3.2.0,Transitive Dependency,MIT License,PERMISSIVE,NOT_REVIEWED,4c7366d5-9e6c-4083-9391-a3f17dd099e3,399aaa52-a0c3-4032-b457-01d123f8d8eb,ad705c59-6893-4980-bdbf-0837f1823cc4
549,delta-kernel-api,4.0.1,Direct Dependency,Apache License 2.0,PERMISSIVE,NOT_REVIEWED,b880e658-a661-4c66-94e5-15a631c614dd,535ffab4-8d99-4c58-af82-a11e7e5593ba,7cae335f-1193-421e-92f1-8802b4243e93
550,delta-kernel-defaults,4.0.1,Direct Dependency,Apache License 2.0,PERMISSIVE,NOT_REVIEWED,8c6425e4-4902-45d2-8846-5410fbf958fb,67895c6e-078c-4bab-b9c5-a5093a699b47,7cae335f-1193-421e-92f1-8802b4243e93
551,delta-standalone,3.3.3,Direct Dependency,Apache License 2.0,PERMISSIVE,NOT_REVIEWED,7d9585e4-df5f-4ef1-a458-534690eafb27,48b943de-ea39-4129-b938-f667bb61a2a9,7cae335f-1193-421e-92f1-8802b4243e93
552,delta-storage,4.0.1,Direct Dependency,Apache License 2.0,PERMISSIVE,NOT_REVIEWED,4f97fec6-f15f-4544-a120-fc29172ea1df,5d10c11e-3453-4c34-b89b-2dfcd1d4cafa,7cae335f-1193-421e-92f1-8802b4243e93
553,dnsjava,3.6.0,Direct Dependency,"BSD 3-clause ""New"" or ""Revised"" License",PERMISSIVE,NOT_REVIEWED,8113f295-865c-433c-b675-e76ecb5137f1,786fa73d-c510-41f9-b02e-16a009c72508,3d238144-44e6-450e-b523-3defbdaed9dc
554,doctrine,v3.0.0,Transitive Dependency,Apache License 2.0,PERMISSIVE,NOT_REVIEWED,25573d53-4f14-4be5-8894-a4913001008f,8c06704a-403f-42d6-914d-fd86bed9bbf1,7cae335f-1193-421e-92f1-8802b4243e93
555,duplexer3,0.1.4,Transitive Dependency,"BSD 3-clause ""New"" or ""Revised"" License",PERMISSIVE,NOT_REVIEWED,587275a5-75c7-4448-93be-b8ce08aa6a30,22416b7a-48a3-41a5-a812-8f42db546527,3d238144-44e6-450e-b523-3defbdaed9dc
556,editorconfig-core-c,0.15.3,Transitive Dependency,MIT License,PERMISSIVE,NOT_REVIEWED,a81bcd90-2fb9-4de5-b57d-84bdc8f15a40,b446e05c-1235-4bf6-b8da-a38e86dd05b0,ad705c59-6893-4980-bdbf-0837f1823cc4
557,electron-to-chromium,1.3.418,Transitive Dependency,ISC License,PERMISSIVE,NOT_REVIEWED,9d1bff91-b783-4d5d-bd14-66f29c62159e,f8eb7a5c-7e9e-4539-a633-1102ee0d7bb1,14b0b50b-acd2-4fc8-ac65-3b15f9e58260
558,emoji-regex,v8.0.0,Transitive Dependency,MIT License,PERMISSIVE,NOT_REVIEWED,149d48ae-40a2-4e45-a0a5-f0ba3d7db32b,c0b8399a-ed6b-4d06-a0db-8d359038b041,ad705c59-6893-4980-bdbf-0837f1823cc4
559,end-of-stream,1.4.4,Transitive Dependency,MIT License,PERMISSIVE,NOT_REVIEWED,1ca0931e-0100-4e89-8b83-47a0a49574c2,822b5458-2b72-442f-a97b-4621933c5639,ad705c59-6893-4980-bdbf-0837f1823cc4
560,enhanced-resolve,4.1.1,Transitive Dependency,MIT License,PERMISSIVE,NOT_REVIEWED,8865ea31-0089-4215-81cd-b251d6ebbd30,dc014ea0-83a7-4570-bfb4-e982af231a19,ad705c59-6893-4980-bdbf-0837f1823cc4
561,enquirer,2.3.6,Transitive Dependency,MIT License,PERMISSIVE,NOT_REVIEWED,87e3c7e8-b793-42aa-abfc-e58101602c2b,391cccda-b004-4c68-9f25-9b7927a5a710,ad705c59-6893-4980-bdbf-0837f1823cc4
562,envoyproxy/go-control-plane,envoy/v1.37.0,Transitive Dependency,Apache License 2.0,PERMISSIVE,NOT_REVIEWED,50ef9d89-08b8-46cd-83d3-cd903c23cd4e,29a3c15c-cc78-4cdf-a600-e3528ad674b2,7cae335f-1193-421e-92f1-8802b4243e93
563,envoyproxy/go-control-plane,ratelimit/v0.1.0,Transitive Dependency,Apache License 2.0,PERMISSIVE,NOT_REVIEWED,50ef9d89-08b8-46cd-83d3-cd903c23cd4e,ce907287-57e7-49c8-a9d7-81fc862f0d3e,7cae335f-1193-421e-92f1-8802b4243e93
564,envoyproxy/go-control-plane,v0.14.0,Transitive Dependency,Apache License 2.0,PERMISSIVE,NOT_REVIEWED,50ef9d89-08b8-46cd-83d3-cd903c23cd4e,10fbd59c-8558-42ac-966f-49da7d08bdf9,7cae335f-1193-421e-92f1-8802b4243e93
565,envoyproxy/protoc-gen-validate,1.3.3,Transitive Dependency,Apache License 2.0,PERMISSIVE,NOT_REVIEWED,9ffb648d-8e4b-4b64-97c6-776b71fa4e29,d2a4ae24-3b79-4cec-a3bf-9c711341043a,7cae335f-1193-421e-92f1-8802b4243e93
566,erlang-lhttpc,1.3.0,Files Modified,"BSD 3-clause ""New"" or ""Revised"" License",PERMISSIVE,NOT_REVIEWED,58c2aaa5-c226-4f62-b217-6d7c1ce535be,218a7e04-1e71-4d90-a1ce-5eafa711204f,3d238144-44e6-450e-b523-3defbdaed9dc
567,errno,0.1.7,Transitive Dependency,MIT License,PERMISSIVE,NOT_REVIEWED,ba7ed82f-97e8-4656-be26-0aac7dfaf568,affa7cc7-4a0f-4c59-9f2f-8a08eff42c28,ad705c59-6893-4980-bdbf-0837f1823cc4
568,error-prone annotations,2.36.0,Direct Dependency,Apache License 2.0,PERMISSIVE,NOT_REVIEWED,40efa0ac-10f0-46c5-a8a8-6f627b3fd59c,529201ac-4e85-442b-b788-ae04cbf960b5,7cae335f-1193-421e-92f1-8802b4243e93
569,error-prone annotations,2.41.0,Direct Dependency,Apache License 2.0,PERMISSIVE,NOT_REVIEWED,40efa0ac-10f0-46c5-a8a8-6f627b3fd59c,e33a7026-c61d-4d05-83d3-148a4a184639,7cae335f-1193-421e-92f1-8802b4243e93
570,es-module-lexer,0.3.18,Transitive Dependency,MIT License,PERMISSIVE,NOT_REVIEWED,05b1cce6-dc2c-4d4f-b087-daa8bebee57f,550fdb47-6823-4e81-9eda-5ccdf1448cd4,ad705c59-6893-4980-bdbf-0837f1823cc4
571,esbuild,0.13.13,Direct Dependency,MIT License,PERMISSIVE,NOT_REVIEWED,4a85e55b-9018-4216-a6ca-02e33c1ed640,d5924d90-248c-4688-859f-ebd4af051349,ad705c59-6893-4980-bdbf-0837f1823cc4
572,escape-string-regexp,1.0.5,Transitive Dependency,MIT License,PERMISSIVE,NOT_REVIEWED,806418ca-31d7-4c4a-b894-e3b3b9b562bc,5f524fe7-bd01-47bc-b98c-92a281d2f2a9,ad705c59-6893-4980-bdbf-0837f1823cc4
573,escape-string-regexp,v4.0.0,Transitive Dependency,MIT License,PERMISSIVE,NOT_REVIEWED,806418ca-31d7-4c4a-b894-e3b3b9b562bc,ec641e02-373b-4a54-b61e-c93f62e3c7db,ad705c59-6893-4980-bdbf-0837f1823cc4
574,eslint-scope,v5.1.1,Transitive Dependency,"BSD 2-clause ""Simplified"" License",PERMISSIVE,NOT_REVIEWED,cb933033-43fc-4674-84fc-c8d62ca22ef4,a1624cf6-7bbc-47a6-8b0a-31a95c49a767,cc875133-df38-4806-9921-473e0ef01a87
575,eslint-utils,v2.1.0,Transitive Dependency,MIT License,PERMISSIVE,NOT_REVIEWED,8e5bdef1-6adb-4740-ad2c-4acf0c0c3c0d,2099a595-0418-4c94-b308-cdf353aa604e,ad705c59-6893-4980-bdbf-0837f1823cc4
576,eslint-visitor-keys,1.3.0,Transitive Dependency,Apache License 2.0,PERMISSIVE,NOT_REVIEWED,e55e8790-716c-4c1c-85a8-5829e350eb32,300dc406-90ae-44e0-8e02-22e325d6977d,7cae335f-1193-421e-92f1-8802b4243e93
577,eslint-visitor-keys,2.1.0,Transitive Dependency,Apache License 2.0,PERMISSIVE,NOT_REVIEWED,e55e8790-716c-4c1c-85a8-5829e350eb32,76f239bd-bd9b-4552-b335-481a10428f12,7cae335f-1193-421e-92f1-8802b4243e93
578,espree,7.3.1,Transitive Dependency,"BSD 2-clause ""Simplified"" License",PERMISSIVE,NOT_REVIEWED,17a1a9ec-e4ed-42d1-804f-b380372c3a8c,19a0dc48-6e64-47df-956a-4bf22d758a73,cc875133-df38-4806-9921-473e0ef01a87
579,esquery,1.4.0,Transitive Dependency,"BSD 3-clause ""New"" or ""Revised"" License",PERMISSIVE,NOT_REVIEWED,afec24fb-866e-48df-91f7-f2ff2a670b8b,c039ddee-b604-4bd8-81dc-603d1631f6ab,3d238144-44e6-450e-b523-3defbdaed9dc
580,esrecurse,v4.3.0,Transitive Dependency,"BSD 2-clause ""Simplified"" License",PERMISSIVE,NOT_REVIEWED,5f071575-fe4f-4548-8a81-8794482c83b4,585c05bf-cee8-4d98-9dba-8982ec9475c4,cc875133-df38-4806-9921-473e0ef01a87
581,estraverse,5.2.0,Transitive Dependency,"BSD 2-clause ""Simplified"" License",PERMISSIVE,NOT_REVIEWED,9d73c140-8cfb-4a09-9d87-48865d8a04cf,b3b3b9f6-c70d-47c1-b41b-0858897f369f,cc875133-df38-4806-9921-473e0ef01a87
582,estraverse,v4.3.0,Transitive Dependency,"BSD 2-clause ""Simplified"" License",PERMISSIVE,NOT_REVIEWED,9d73c140-8cfb-4a09-9d87-48865d8a04cf,56f0b205-9fdd-44da-ba73-dbf455296429,cc875133-df38-4806-9921-473e0ef01a87
583,estree-walker,0.6.1,Transitive Dependency,MIT License,PERMISSIVE,NOT_REVIEWED,02fafc17-0823-41cf-966a-19711772a8a8,827d20c0-8a42-42ec-9c21-6d7a17cfc4aa,ad705c59-6893-4980-bdbf-0837f1823cc4
584,estree-walker,1.0.1,Transitive Dependency,MIT License,PERMISSIVE,NOT_REVIEWED,02fafc17-0823-41cf-966a-19711772a8a8,37ae748f-f070-4615-b2b4-71986c2549c3,ad705c59-6893-4980-bdbf-0837f1823cc4
585,esutils,2.0.3,Transitive Dependency,"BSD 2-clause ""Simplified"" License",PERMISSIVE,NOT_REVIEWED,0d9abaa9-c25c-4a65-ab30-3ba244d532b6,d412a0c0-53dc-4858-b1c8-3a7249e5690f,cc875133-df38-4806-9921-473e0ef01a87
586,eventemitter3,4.0.0,Transitive Dependency,MIT License,PERMISSIVE,NOT_REVIEWED,cd5abc5f-ddb6-45b9-839f-573e8adcbf20,30551595-52b5-4d54-895c-bdb399520b2a,ad705c59-6893-4980-bdbf-0837f1823cc4
587,everit-json-schema,1.14.5,Direct Dependency,Apache License 2.0,PERMISSIVE,NOT_REVIEWED,3ffc4dde-1362-4269-850f-f89ed92931a3,07a6a3a9-f505-4cb9-8775-d953df1eddc8,7cae335f-1193-421e-92f1-8802b4243e93
588,fast-deep-equal,v3.1.3,Transitive Dependency,MIT License,PERMISSIVE,NOT_REVIEWED,3375adc9-4144-4bc7-89f3-4278c65ad336,2af34950-03c4-4e8f-be36-2d301b2f33ab,ad705c59-6893-4980-bdbf-0837f1823cc4
589,fast-json-stable-stringify,2.1.0,Transitive Dependency,MIT License,PERMISSIVE,NOT_REVIEWED,ffa6e05c-21eb-40a5-9027-dffc5322b4dc,04b8616f-efb6-4262-b7de-d8fc9ac60ab7,ad705c59-6893-4980-bdbf-0837f1823cc4
590,fast-levenshtein,2.0.6,Transitive Dependency,MIT License,PERMISSIVE,NOT_REVIEWED,8790e074-52f9-48ae-997b-9831933af540,34ac2ad3-a20e-433a-b1cd-ed8e1c12a973,ad705c59-6893-4980-bdbf-0837f1823cc4
591,fastutil,8.5.19,Direct Dependency,Apache License 2.0,PERMISSIVE,NOT_REVIEWED,ea5d138d-e0ff-4399-b539-839ea47a564b,057d0a4f-713d-4b68-834a-bc8cde253ed1,7cae335f-1193-421e-92f1-8802b4243e93
592,felixge/httpsnoop,v1.1.0,Transitive Dependency,MIT License,PERMISSIVE,NOT_REVIEWED,32482d3b-4a3a-4189-9286-e2be4ef8e40c,4aab0643-746f-404c-97b5-0aa870b35dfc,ad705c59-6893-4980-bdbf-0837f1823cc4
593,file-entry-cache,6.0.1,Transitive Dependency,MIT License,PERMISSIVE,NOT_REVIEWED,5ff724d2-846b-4089-a9fa-255327af9e4a,eef7ee2e-62fa-4e00-8f0b-2c523e142436,ad705c59-6893-4980-bdbf-0837f1823cc4
594,filippo.io/edwards25519,v1.2.0,Transitive Dependency,"BSD 3-clause ""New"" or ""Revised"" License",PERMISSIVE,NOT_REVIEWED,e996ec6d-3baf-4c13-9848-d8a344440b92,dd1c478f-1829-4f87-af85-f55da63b84ae,3d238144-44e6-450e-b523-3defbdaed9dc
595,fill-range,7.0.1,Transitive Dependency,MIT License,PERMISSIVE,NOT_REVIEWED,5a4dc4ef-962f-40e7-9ec2-34f999771171,c312373f-d092-4999-bdce-ae6db8d51b70,ad705c59-6893-4980-bdbf-0837f1823cc4
596,find-package-json,1.2.0,Transitive Dependency,MIT License,PERMISSIVE,NOT_REVIEWED,e6430f47-153d-4524-a0de-c402d15561c3,c009eeb5-254b-4ee2-bd26-0a24aeff8eca,ad705c59-6893-4980-bdbf-0837f1823cc4
597,find-up,2.1.0,Transitive Dependency,MIT License,PERMISSIVE,NOT_REVIEWED,ec9013c8-794f-4830-a1c2-408d1da4dd03,87eecdb7-d106-4113-af71-d9ab7ca9c41e,ad705c59-6893-4980-bdbf-0837f1823cc4
598,flat-cache,3.0.4,Transitive Dependency,MIT License,PERMISSIVE,NOT_REVIEWED,4759d644-37f8-4d88-af93-26762ba35e73,5b3628b6-b03b-4737-87a7-b5c3761ae9e6,ad705c59-6893-4980-bdbf-0837f1823cc4
599,flatted,3.2.2,Transitive Dependency,ISC License,PERMISSIVE,NOT_REVIEWED,55c5b3ff-878f-4f29-8966-eead637de1be,aec06715-7be1-409c-a92f-a17844c691f6,14b0b50b-acd2-4fc8-ac65-3b15f9e58260
600,fs-minipass,v2.1.0,Transitive Dependency,ISC License,PERMISSIVE,NOT_REVIEWED,3db153eb-f99b-4b76-96ad-cb614c2980aa,974b140e-4df4-4120-bd25-98cb939e1159,14b0b50b-acd2-4fc8-ac65-3b15f9e58260
601,fs-write-stream-atomic,1.0.10,Transitive Dependency,ISC License,PERMISSIVE,NOT_REVIEWED,0d37f6e6-0310-4d3d-b0a5-620291df5756,2513a905-622e-47eb-ba71-a29b89335dfa,14b0b50b-acd2-4fc8-ac65-3b15f9e58260
602,fs.realpath,1.0.0,Transitive Dependency,ISC License,PERMISSIVE,NOT_REVIEWED,c50c565d-0ac6-476b-b40d-42a67f727f65,6c68e74e-a273-40ae-9a77-ff7872fe45f4,14b0b50b-acd2-4fc8-ac65-3b15f9e58260
603,fsnotify-fsnotify,v1.9.0,Transitive Dependency,"BSD 3-clause ""New"" or ""Revised"" License",PERMISSIVE,NOT_REVIEWED,0904bfe8-1407-4e70-b859-69165bd444b1,03774bfd-b448-454b-9560-4e441489c6de,3d238144-44e6-450e-b523-3defbdaed9dc
604,function-bind,1.1.1,Transitive Dependency,MIT License,PERMISSIVE,NOT_REVIEWED,14d73ddd-01dc-4a56-89cb-9bd8629119bb,85614d8b-5787-4f66-a9af-33531c533fb6,ad705c59-6893-4980-bdbf-0837f1823cc4
605,functional-red-black-tree,1.0.1,Transitive Dependency,MIT License,PERMISSIVE,NOT_REVIEWED,3852b65a-438c-45cc-838f-7c48c739b5f3,e2739fdc-e121-4de9-b0dd-575cc42aa16c,ad705c59-6893-4980-bdbf-0837f1823cc4
606,gajus/table,v6.7.1,Transitive Dependency,"BSD 3-clause ""New"" or ""Revised"" License",PERMISSIVE,NOT_REVIEWED,9f950dfc-6afb-4af2-a7b8-898a11ca8e70,aeabc0c9-d0a9-483c-b1be-1949b2de6065,3d238144-44e6-450e-b523-3defbdaed9dc
607,gapic-google-cloud-storage-v2,2.75.0,Direct Dependency,Apache License 2.0,PERMISSIVE,NOT_REVIEWED,084fd37e-3252-46bd-a280-0fab769a1a95,df4d9221-ab14-42ea-af9d-f4bf3c60a11a,7cae335f-1193-421e-92f1-8802b4243e93
608,gcs-connector.jar,hadoop3-2.2.25,Direct Dependency,Apache License 2.0,PERMISSIVE,NOT_REVIEWED,ea4fd653-5ea6-46c4-9d4e-083b106e2ec9,a9571f97-1afc-4236-a239-7163e7702bfe,7cae335f-1193-421e-92f1-8802b4243e93
609,gcsio.jar,2.2.25,Direct Dependency,Apache License 2.0,PERMISSIVE,NOT_REVIEWED,273c6279-b9af-4807-b6dd-e8e745d6a838,7875563c-8dbc-4d49-87ae-eb05cd9e8ee7,7cae335f-1193-421e-92f1-8802b4243e93
610,gensync,1.0.0-beta.1,Transitive Dependency,MIT License,PERMISSIVE,NOT_REVIEWED,9dca671b-63b0-4322-b40f-284505c570de,5476e078-2b69-451f-bea3-12330e1b919e,ad705c59-6893-4980-bdbf-0837f1823cc4
611,get-stream,5.1.0,Transitive Dependency,MIT License,PERMISSIVE,NOT_REVIEWED,86119d37-521a-4de9-8ddf-d29be4766a15,b27d5d87-0b0c-485d-887d-49042419c5c0,ad705c59-6893-4980-bdbf-0837f1823cc4
612,github.com/aws/smithy-go,v1.27.5,Direct Dependency,Apache License 2.0,PERMISSIVE,NOT_REVIEWED,630838fb-c9bc-4165-8d81-49635d2e7374,65de49ff-50ef-455e-9416-ede357256bc4,7cae335f-1193-421e-92f1-8802b4243e93
613,github.com/aws/smithy-go,v1.28.2,Transitive Dependency,Apache License 2.0,PERMISSIVE,NOT_REVIEWED,630838fb-c9bc-4165-8d81-49635d2e7374,20092767-251e-4bc1-8945-7528dea6e364,7cae335f-1193-421e-92f1-8802b4243e93
614,github.com/cncf/xds,20260202-snapshot-dba9d589,Transitive Dependency,Apache License 2.0,PERMISSIVE,NOT_REVIEWED,6f614a26-e346-4ba0-9ff4-ca0adcc5396e,70fdc9af-db3a-4f83-bd71-6b24d9ca33c3,7cae335f-1193-421e-92f1-8802b4243e93
615,github.com/google/cel-spec,v0.25.2,Transitive Dependency,Apache License 2.0,PERMISSIVE,NOT_REVIEWED,21e338ba-c80f-4c2d-bf8c-7141b53cbe3b,518e24d8-75df-477e-8a6e-3f9a182a3e08,7cae335f-1193-421e-92f1-8802b4243e93
616,github.com/munnerz/goautoneg,20191010-snapshot-a7dc8b61,Transitive Dependency,"BSD 3-clause ""New"" or ""Revised"" License",PERMISSIVE,NOT_REVIEWED,c2aa130b-0092-4037-addc-fd1fe1ad68ea,919c470c-9f6a-4eca-a5a5-520eb702ef5d,3d238144-44e6-450e-b523-3defbdaed9dc
617,github.com/planetscale/vtprotobuf,20240319-snapshot-0393e58b,Transitive Dependency,"BSD 3-clause ""New"" or ""Revised"" License",PERMISSIVE,NOT_REVIEWED,bd82a328-dd27-41ca-a44a-7a2de1f074eb,ff24351c-2fc9-43d7-9d13-e951cb4fde47,3d238144-44e6-450e-b523-3defbdaed9dc
618,glob-parent,5.1.2,Transitive Dependency,ISC License,PERMISSIVE,NOT_REVIEWED,f10c3953-445e-4dce-a5e1-8f5b1934fb6d,0f76bad1-affe-4037-8ff3-e4d68e08abae,14b0b50b-acd2-4fc8-ac65-3b15f9e58260
619,go-check-check,20201130-snapshot-10cb9826,Transitive Dependency,"BSD 2-clause ""Simplified"" License",PERMISSIVE,NOT_REVIEWED,5a28cde9-50e3-4c05-a3f7-257c6d69cb3c,717a42b2-a32b-4c4d-8a9a-b558567f7fab,cc875133-df38-4806-9921-473e0ef01a87
620,go-jose,v4.1.4,Transitive Dependency,Apache License 2.0,PERMISSIVE,NOT_REVIEWED,2dc7da6d-7851-4609-b0ea-893d0b2de776,11a75cf7-3a5c-4296-a49d-9da672b7925e,7cae335f-1193-421e-92f1-8802b4243e93
621,go-logr/logr,v1.4.4,Transitive Dependency,Apache License 2.0,PERMISSIVE,NOT_REVIEWED,4e2d3ed6-968b-4f3e-b6f0-2d8ce12c1cef,a854195b-abca-4f4a-a722-5ccec251f57c,7cae335f-1193-421e-92f1-8802b4243e93
622,go-logr/stdr,v1.2.2,Transitive Dependency,Apache License 2.0,PERMISSIVE,NOT_REVIEWED,6fc73b30-33a9-4bed-a350-c5ad1fab9fcd,a77050ff-3955-424d-a285-90c6a0989899,7cae335f-1193-421e-92f1-8802b4243e93
623,go-spew,20180930-snapshot-d8f796af,Transitive Dependency,ISC License,PERMISSIVE,NOT_REVIEWED,02a60272-a845-4ff3-abee-9e6034969db2,68469cd5-292e-45a4-81aa-741f29f41d9d,14b0b50b-acd2-4fc8-ac65-3b15f9e58260
624,go-spew,v1.1.1,Transitive Dependency,ISC License,PERMISSIVE,NOT_REVIEWED,02a60272-a845-4ff3-abee-9e6034969db2,d9b00cb4-7486-4427-9912-2a1045eef9ac,14b0b50b-acd2-4fc8-ac65-3b15f9e58260
625,go-sql-driver,v1.9.3,Transitive Dependency,Mozilla Public License 2.0,WEAK_RECIPROCAL,NOT_REVIEWED,85d738d8-9ac6-4da0-8702-87aeec3a8897,2e302034-854e-466c-bbb9-7ea35db3956a,ce3dd63e-c569-4cea-986a-46bc5efe9896
626,go-zap,v1.27.1,Transitive Dependency,MIT License,PERMISSIVE,NOT_REVIEWED,2cae3977-12c3-4a7c-aea8-0e4290e514d1,feaac6d1-2154-4a4e-9def-e5336b3e6b13,ad705c59-6893-4980-bdbf-0837f1823cc4
627,go.opentelemetry.io/proto,otlp/v1.10.0,Transitive Dependency,Apache License 2.0,PERMISSIVE,NOT_REVIEWED,526e072b-6d98-490a-ac45-133d51df8ab9,7dbb8f0d-43cd-45a8-947f-1b294a32bd78,7cae335f-1193-421e-92f1-8802b4243e93
628,go.opentelemetry.io/proto,otlp/v1.9.0,Transitive Dependency,Apache License 2.0,PERMISSIVE,NOT_REVIEWED,526e072b-6d98-490a-ac45-133d51df8ab9,f01c8b18-d28d-408d-9804-67e8a1895a35,7cae335f-1193-421e-92f1-8802b4243e93
629,go.uber.org/goleak,v1.3.0,Transitive Dependency,MIT License,PERMISSIVE,NOT_REVIEWED,8df599ac-6772-4a5d-97c5-193b6773d855,363ee877-5f69-482c-aa4f-43c070f15b9e,ad705c59-6893-4980-bdbf-0837f1823cc4
630,go.uber.org/multierr,v1.11.0,Transitive Dependency,MIT License,PERMISSIVE,NOT_REVIEWED,2aea5277-bf2d-4cd6-b47c-dc19ae3ebf1d,9f39e91b-7b6b-4f33-b633-7c5e94d8fefb,ad705c59-6893-4980-bdbf-0837f1823cc4
631,go.yaml.in/yaml/v2,v2.4.4,Transitive Dependency,Apache License 2.0,PERMISSIVE,NOT_REVIEWED,0f9cced4-b4d5-48ed-9d5e-cbb93c013e11,67500aaa-a39c-4f51-ab5d-bf6ad253ea08,7cae335f-1193-421e-92f1-8802b4243e93
632,go.yaml.in/yaml/v2,v3.0.5,Transitive Dependency,Apache License 2.0,PERMISSIVE,NOT_REVIEWED,0f9cced4-b4d5-48ed-9d5e-cbb93c013e11,a09b7939-b945-4e9d-8745-30382135d1a6,7cae335f-1193-421e-92f1-8802b4243e93
633,godebug,v1.1.0,Transitive Dependency,Apache License 2.0,PERMISSIVE,NOT_REVIEWED,ce5cf31e-a962-46f6-a762-f24c5ebe130c,2f24b50d-8fc7-488f-8972-9c6db9d4bac6,7cae335f-1193-421e-92f1-8802b4243e93
634,golang-jwt/jwt,v5.3.1,Transitive Dependency,MIT License,PERMISSIVE,NOT_REVIEWED,ab1a8f19-d8cb-458f-b205-a989662d7406,06b3aee1-c120-43b6-af0b-460cad82036f,ad705c59-6893-4980-bdbf-0837f1823cc4
635,golang-snappy-go-dev,v0.0.4,Transitive Dependency,"BSD 3-clause ""New"" or ""Revised"" License",PERMISSIVE,NOT_REVIEWED,b4466511-21ef-4990-bddb-70fdbe9cddc1,4b9a206a-fa2d-40d2-829e-e5172c46e8e9,3d238144-44e6-450e-b523-3defbdaed9dc
636,golang-stats,v0.7.0,Transitive Dependency,MIT License,PERMISSIVE,NOT_REVIEWED,baa52cef-cd22-41d8-8155-5b26d67cb94a,59f6c69a-594f-46e3-ac1c-0406b1d38aef,ad705c59-6893-4980-bdbf-0837f1823cc4
637,golang.org/x/crypto,v0.46.0,Transitive Dependency,"BSD 3-clause ""New"" or ""Revised"" License",PERMISSIVE,NOT_REVIEWED,f70a2589-da78-4d33-bc69-7a92c6b4eb4c,9bdeaddd-ad31-4393-acd8-85249d9eada5,3d238144-44e6-450e-b523-3defbdaed9dc
638,golang.org/x/crypto,v0.55.0,Transitive Dependency,"BSD 3-clause ""New"" or ""Revised"" License",PERMISSIVE,NOT_REVIEWED,f70a2589-da78-4d33-bc69-7a92c6b4eb4c,730160ce-8655-45d3-9598-a8aeb2516a34,3d238144-44e6-450e-b523-3defbdaed9dc
639,golang.org/x/crypto,v0.57.0,Direct Dependency,"BSD 3-clause ""New"" or ""Revised"" License",PERMISSIVE,NOT_REVIEWED,f70a2589-da78-4d33-bc69-7a92c6b4eb4c,22b91e2f-5f2a-43d0-acdc-120221b3cd1d,3d238144-44e6-450e-b523-3defbdaed9dc
640,golang.org/x/mod,v0.38.0,Transitive Dependency,"BSD 3-clause ""New"" or ""Revised"" License",PERMISSIVE,NOT_REVIEWED,67e4942e-545c-4ba1-a91d-a56b64c32b70,369b9dd9-1ff9-4144-9703-7052b1b3f30f,3d238144-44e6-450e-b523-3defbdaed9dc
641,golang.org/x/mod,v0.41.0,Transitive Dependency,"BSD 3-clause ""New"" or ""Revised"" License",PERMISSIVE,NOT_REVIEWED,67e4942e-545c-4ba1-a91d-a56b64c32b70,b0dca572-58ad-4e93-a482-06aa7fd173cb,3d238144-44e6-450e-b523-3defbdaed9dc
642,golang.org/x/sys,v0.39.0,Transitive Dependency,"BSD 3-clause ""New"" or ""Revised"" License",PERMISSIVE,NOT_REVIEWED,0faf96d2-f25b-44c9-ada2-54a9140e3569,4bd47472-38e1-4b87-abed-767ea88422d6,3d238144-44e6-450e-b523-3defbdaed9dc
643,golang.org/x/sys,v0.47.0,Transitive Dependency,"BSD 3-clause ""New"" or ""Revised"" License",PERMISSIVE,NOT_REVIEWED,0faf96d2-f25b-44c9-ada2-54a9140e3569,662b3c64-f04b-45f6-8ade-9d6eeca86181,3d238144-44e6-450e-b523-3defbdaed9dc
644,golang.org/x/sys,v0.48.0,Transitive Dependency,"BSD 3-clause ""New"" or ""Revised"" License",PERMISSIVE,NOT_REVIEWED,0faf96d2-f25b-44c9-ada2-54a9140e3569,63955d41-ddad-4108-8d99-7b2fa200b137,3d238144-44e6-450e-b523-3defbdaed9dc
645,golang.org/x/term,v0.38.0,Transitive Dependency,"BSD 3-clause ""New"" or ""Revised"" License",PERMISSIVE,NOT_REVIEWED,92e824e9-7afe-43dd-82c6-ed0defe6816c,68179275-8420-4b4d-bd0c-502a0e1f250c,3d238144-44e6-450e-b523-3defbdaed9dc
646,golang.org/x/term,v0.45.0,Transitive Dependency,"BSD 3-clause ""New"" or ""Revised"" License",PERMISSIVE,NOT_REVIEWED,92e824e9-7afe-43dd-82c6-ed0defe6816c,bbf08920-f861-4f91-8ed4-0120c43a69f4,3d238144-44e6-450e-b523-3defbdaed9dc
647,golang.org/x/term,v0.46.0,Transitive Dependency,"BSD 3-clause ""New"" or ""Revised"" License",PERMISSIVE,NOT_REVIEWED,92e824e9-7afe-43dd-82c6-ed0defe6816c,95b15e2c-8c65-4bd8-afb0-cc09045efeff,3d238144-44e6-450e-b523-3defbdaed9dc
648,golang.org/x/time,v0.15.0,Transitive Dependency,"BSD 3-clause ""New"" or ""Revised"" License",PERMISSIVE,NOT_REVIEWED,c4b7d4ea-b69e-41cd-8158-8f370c2195ad,37f28a23-01d6-4d05-864b-e809171a8321,3d238144-44e6-450e-b523-3defbdaed9dc
649,golang.org/x/time,v0.16.0,Transitive Dependency,"BSD 3-clause ""New"" or ""Revised"" License",PERMISSIVE,NOT_REVIEWED,c4b7d4ea-b69e-41cd-8158-8f370c2195ad,73c02713-617b-47d7-87e2-cb3b88eec55d,3d238144-44e6-450e-b523-3defbdaed9dc
650,golang.org/x/tools,v0.48.0,Transitive Dependency,"BSD 3-clause ""New"" or ""Revised"" License",PERMISSIVE,NOT_REVIEWED,14a2ff4c-2279-4fef-b1aa-dca342e85a02,eaf49818-e0e3-4ade-8d93-a8e33b5441fc,3d238144-44e6-450e-b523-3defbdaed9dc
651,golang.org/x/tools,v0.49.0,Transitive Dependency,"BSD 3-clause ""New"" or ""Revised"" License",PERMISSIVE,NOT_REVIEWED,14a2ff4c-2279-4fef-b1aa-dca342e85a02,a0c7a56f-9264-4a77-bb66-74c62007f1f5,3d238144-44e6-450e-b523-3defbdaed9dc
652,golang.org/x/xerrors,20190516-snapshot-a985d340,Direct Dependency,"BSD 3-clause ""New"" or ""Revised"" License",PERMISSIVE,NOT_REVIEWED,c0c23a48-16d3-4f0c-a040-30a60b2592b2,a67956e4-bfbd-4af3-8509-b9e6eb3b5053,3d238144-44e6-450e-b523-3defbdaed9dc
653,golang.org/x/xerrors,20240902-snapshot-7835f813,Transitive Dependency,"BSD 3-clause ""New"" or ""Revised"" License",PERMISSIVE,NOT_REVIEWED,c0c23a48-16d3-4f0c-a040-30a60b2592b2,f00469db-cb8c-43ae-85db-e46a5a9b3d0f,3d238144-44e6-450e-b523-3defbdaed9dc
654,golang/appengine,v1.6.8,Transitive Dependency,Apache License 2.0,PERMISSIVE,NOT_REVIEWED,2c771167-95ec-4d9a-91ae-a08f7da10f1b,aa8284b2-5041-4989-9403-4cf4c3c46f64,7cae335f-1193-421e-92f1-8802b4243e93
655,golang/glog,v1.2.5,Transitive Dependency,Apache License 2.0,PERMISSIVE,NOT_REVIEWED,f74465ca-426f-4b1d-af72-f56e276c4c59,c3b4bad2-1c93-4cd1-8d5d-700f3c13faf8,7cae335f-1193-421e-92f1-8802b4243e93
656,golang/net,v0.47.0,Transitive Dependency,"BSD 3-clause ""New"" or ""Revised"" License",PERMISSIVE,NOT_REVIEWED,f9578cfe-b575-44ea-a33e-2a594aba92b0,3493908a-ee28-4f23-a587-3a69e19bcf37,3d238144-44e6-450e-b523-3defbdaed9dc
657,golang/net,v0.57.0,Transitive Dependency,"BSD 3-clause ""New"" or ""Revised"" License",PERMISSIVE,NOT_REVIEWED,f9578cfe-b575-44ea-a33e-2a594aba92b0,7155fcf4-79f9-4b74-aa6e-751d9599b8df,3d238144-44e6-450e-b523-3defbdaed9dc
658,golang/net,v0.59.0,Transitive Dependency,"BSD 3-clause ""New"" or ""Revised"" License",PERMISSIVE,NOT_REVIEWED,f9578cfe-b575-44ea-a33e-2a594aba92b0,6f2a4c95-69ea-405d-bd1e-fe6ec8146ac5,3d238144-44e6-450e-b523-3defbdaed9dc
659,golang/oauth2,v0.36.0,Transitive Dependency,"BSD 3-clause ""New"" or ""Revised"" License",PERMISSIVE,NOT_REVIEWED,c4a9b525-ee65-4862-b197-b3386c84c2ae,60478fa7-e4ea-4d09-9cc3-dac083a4ffd7,3d238144-44e6-450e-b523-3defbdaed9dc
660,golang/oauth2,v0.37.0,Transitive Dependency,"BSD 3-clause ""New"" or ""Revised"" License",PERMISSIVE,NOT_REVIEWED,c4a9b525-ee65-4862-b197-b3386c84c2ae,d11baabf-daa2-40ee-b675-3e7a1f8da193,3d238144-44e6-450e-b523-3defbdaed9dc
661,golang/sync,v0.22.0,Transitive Dependency,"BSD 3-clause ""New"" or ""Revised"" License",PERMISSIVE,NOT_REVIEWED,ffd9a8bc-14e6-49b6-bf3a-ab778af14f59,68bc86bf-7923-48f5-bf53-bbdff934a359,3d238144-44e6-450e-b523-3defbdaed9dc
662,golang/sync,v0.23.0,Transitive Dependency,"BSD 3-clause ""New"" or ""Revised"" License",PERMISSIVE,NOT_REVIEWED,ffd9a8bc-14e6-49b6-bf3a-ab778af14f59,63e422f1-b2fa-4ba6-9200-e4265678e8a3,3d238144-44e6-450e-b523-3defbdaed9dc
663,golang/telemetry,20240226-snapshot-f48c80bd,Direct Dependency,"BSD 3-clause ""New"" or ""Revised"" License",PERMISSIVE,NOT_REVIEWED,20c70c5d-740d-4786-864c-5ca2d04bc820,be91b971-2069-40fb-b245-9ccbaffceb00,3d238144-44e6-450e-b523-3defbdaed9dc
664,golang/text,v0.32.0,Transitive Dependency,"BSD 3-clause ""New"" or ""Revised"" License",PERMISSIVE,NOT_REVIEWED,1566e7c5-6837-4b8b-bb4c-f53079002207,d9f96108-2147-40ec-a4b4-8cb938617bf0,3d238144-44e6-450e-b523-3defbdaed9dc
665,golang/text,v0.41.0,Transitive Dependency,"BSD 3-clause ""New"" or ""Revised"" License",PERMISSIVE,NOT_REVIEWED,1566e7c5-6837-4b8b-bb4c-f53079002207,3cfd8d30-4b32-4aa7-8729-b103ad9a1c08,3d238144-44e6-450e-b523-3defbdaed9dc
666,golang/text,v0.42.0,Transitive Dependency,"BSD 3-clause ""New"" or ""Revised"" License",PERMISSIVE,NOT_REVIEWED,1566e7c5-6837-4b8b-bb4c-f53079002207,45505177-73a6-4b99-a701-22623c3ee523,3d238144-44e6-450e-b523-3defbdaed9dc
667,good-listener,1.2.2,Transitive Dependency,MIT License,PERMISSIVE,NOT_REVIEWED,d1805a8f-bb6a-4328-899f-51326bfd2b68,91f8bb56-4ad0-4d3a-b54b-a70c335ed09a,ad705c59-6893-4980-bdbf-0837f1823cc4
668,google-cloud-go,accessapproval/v1.13.0,Transitive Dependency,Apache License 2.0,PERMISSIVE,NOT_REVIEWED,75aa5805-4a94-48f0-8b30-76abb0d2828c,1108251c-eee4-481f-8795-189adb84dc4e,7cae335f-1193-421e-92f1-8802b4243e93
669,google-cloud-go,accesscontextmanager/v1.15.0,Transitive Dependency,Apache License 2.0,PERMISSIVE,NOT_REVIEWED,75aa5805-4a94-48f0-8b30-76abb0d2828c,5905bd87-4d61-4e4d-a3ff-bec5e6141086,7cae335f-1193-421e-92f1-8802b4243e93
670,google-cloud-go,aiplatform/v1.126.0,Transitive Dependency,Apache License 2.0,PERMISSIVE,NOT_REVIEWED,75aa5805-4a94-48f0-8b30-76abb0d2828c,60d13ebc-6a09-4e62-9427-592c4c6e9812,7cae335f-1193-421e-92f1-8802b4243e93
671,google-cloud-go,analytics/v0.35.0,Transitive Dependency,Apache License 2.0,PERMISSIVE,NOT_REVIEWED,75aa5805-4a94-48f0-8b30-76abb0d2828c,2d82988f-7496-4a4f-82b4-c4e2205b3bec,7cae335f-1193-421e-92f1-8802b4243e93
672,google-cloud-go,apigateway/v1.13.0,Transitive Dependency,Apache License 2.0,PERMISSIVE,NOT_REVIEWED,75aa5805-4a94-48f0-8b30-76abb0d2828c,19387dd2-6e62-4e1b-b52d-d02e6468246f,7cae335f-1193-421e-92f1-8802b4243e93
673,google-cloud-go,apigeeconnect/v1.12.0,Transitive Dependency,Apache License 2.0,PERMISSIVE,NOT_REVIEWED,75aa5805-4a94-48f0-8b30-76abb0d2828c,ee24d4ed-abcd-4ecc-9086-14557fcbd11c,7cae335f-1193-421e-92f1-8802b4243e93
674,google-cloud-go,apigeeregistry/v1.1.0,Transitive Dependency,Apache License 2.0,PERMISSIVE,NOT_REVIEWED,75aa5805-4a94-48f0-8b30-76abb0d2828c,81f26648-9950-44fd-b7e9-dfdd2966d42d,7cae335f-1193-421e-92f1-8802b4243e93
675,google-cloud-go,appengine/v1.15.0,Transitive Dependency,Apache License 2.0,PERMISSIVE,NOT_REVIEWED,75aa5805-4a94-48f0-8b30-76abb0d2828c,299bd9b8-2ced-4fbe-8ba6-be1d75f2ec50,7cae335f-1193-421e-92f1-8802b4243e93
676,google-cloud-go,area120/v0.15.0,Transitive Dependency,Apache License 2.0,PERMISSIVE,NOT_REVIEWED,75aa5805-4a94-48f0-8b30-76abb0d2828c,f756bdd2-8efd-4e30-8537-3167c8095808,7cae335f-1193-421e-92f1-8802b4243e93
677,google-cloud-go,artifactregistry/v1.26.0,Transitive Dependency,Apache License 2.0,PERMISSIVE,NOT_REVIEWED,75aa5805-4a94-48f0-8b30-76abb0d2828c,539d14de-eb35-47ed-a8d1-b3da90963b32,7cae335f-1193-421e-92f1-8802b4243e93
678,google-cloud-go,asset/v1.28.0,Transitive Dependency,Apache License 2.0,PERMISSIVE,NOT_REVIEWED,75aa5805-4a94-48f0-8b30-76abb0d2828c,411c81f3-e9b6-4704-a18c-81475f521e6e,7cae335f-1193-421e-92f1-8802b4243e93
679,google-cloud-go,assuredworkloads/v1.19.0,Transitive Dependency,Apache License 2.0,PERMISSIVE,NOT_REVIEWED,75aa5805-4a94-48f0-8b30-76abb0d2828c,b1ca9623-ca11-4c6c-ae93-a1271c29c3c6,7cae335f-1193-421e-92f1-8802b4243e93
680,google-cloud-go,auth/oauth2adapt/v0.2.8,Transitive Dependency,Apache License 2.0,PERMISSIVE,NOT_REVIEWED,75aa5805-4a94-48f0-8b30-76abb0d2828c,d739ff9a-a84e-4851-b1f4-57191f6024a3,7cae335f-1193-421e-92f1-8802b4243e93
681,google-cloud-go,auth/oauth2adapt/v0.3.0,Transitive Dependency,Apache License 2.0,PERMISSIVE,NOT_REVIEWED,75aa5805-4a94-48f0-8b30-76abb0d2828c,b56482f3-0c8d-46e7-abf8-253dcf7be2c2,7cae335f-1193-421e-92f1-8802b4243e93
682,google-cloud-go,auth/v0.22.0,Transitive Dependency,Apache License 2.0,PERMISSIVE,NOT_REVIEWED,75aa5805-4a94-48f0-8b30-76abb0d2828c,6818f07b-8f0f-4665-ab4b-f61c1db899b4,7cae335f-1193-421e-92f1-8802b4243e93
683,google-cloud-go,auth/v0.24.0,Transitive Dependency,Apache License 2.0,PERMISSIVE,NOT_REVIEWED,75aa5805-4a94-48f0-8b30-76abb0d2828c,938ed922-9807-44c2-a842-78eb7385733e,7cae335f-1193-421e-92f1-8802b4243e93
684,google-cloud-go,automl/v1.21.0,Transitive Dependency,Apache License 2.0,PERMISSIVE,NOT_REVIEWED,75aa5805-4a94-48f0-8b30-76abb0d2828c,77080353-8036-4e80-aa49-49a903bc3798,7cae335f-1193-421e-92f1-8802b4243e93
685,google-cloud-go,baremetalsolution/v1.10.0,Transitive Dependency,Apache License 2.0,PERMISSIVE,NOT_REVIEWED,75aa5805-4a94-48f0-8b30-76abb0d2828c,fc3a9abf-c3d1-44ed-b651-c219f6846486,7cae335f-1193-421e-92f1-8802b4243e93
686,google-cloud-go,batch/v1.20.0,Transitive Dependency,Apache License 2.0,PERMISSIVE,NOT_REVIEWED,75aa5805-4a94-48f0-8b30-76abb0d2828c,ad53dd6c-7523-4cd1-bf63-0cb1d426ccb9,7cae335f-1193-421e-92f1-8802b4243e93
687,google-cloud-go,beyondcorp/v1.8.0,Transitive Dependency,Apache License 2.0,PERMISSIVE,NOT_REVIEWED,75aa5805-4a94-48f0-8b30-76abb0d2828c,3c4e4e06-b287-4e8a-a39a-7fe6ac71716e,7cae335f-1193-421e-92f1-8802b4243e93
688,google-cloud-go,bigquery/v1.79.0,Transitive Dependency,Apache License 2.0,PERMISSIVE,NOT_REVIEWED,75aa5805-4a94-48f0-8b30-76abb0d2828c,a2dadc5a-c5b4-437a-be45-e08d90257ea2,7cae335f-1193-421e-92f1-8802b4243e93
689,google-cloud-go,billing/v1.26.0,Transitive Dependency,Apache License 2.0,PERMISSIVE,NOT_REVIEWED,75aa5805-4a94-48f0-8b30-76abb0d2828c,b940e091-4c04-46fc-ac30-cbe6558dc75c,7cae335f-1193-421e-92f1-8802b4243e93
690,google-cloud-go,binaryauthorization/v1.16.0,Transitive Dependency,Apache License 2.0,PERMISSIVE,NOT_REVIEWED,75aa5805-4a94-48f0-8b30-76abb0d2828c,dfe2499b-ace9-47d2-a9bc-dc6c61efd148,7cae335f-1193-421e-92f1-8802b4243e93
691,google-cloud-go,certificatemanager/v1.15.0,Transitive Dependency,Apache License 2.0,PERMISSIVE,NOT_REVIEWED,75aa5805-4a94-48f0-8b30-76abb0d2828c,b63fd000-16b5-4cee-9d5b-04966fc0a10d,7cae335f-1193-421e-92f1-8802b4243e93
692,google-cloud-go,channel/v1.27.0,Transitive Dependency,Apache License 2.0,PERMISSIVE,NOT_REVIEWED,75aa5805-4a94-48f0-8b30-76abb0d2828c,162474b8-d96c-47ce-a14f-902aa26f38a4,7cae335f-1193-421e-92f1-8802b4243e93
693,google-cloud-go,cloudbuild/v1.32.0,Transitive Dependency,Apache License 2.0,PERMISSIVE,NOT_REVIEWED,75aa5805-4a94-48f0-8b30-76abb0d2828c,f0200054-7281-4a0e-9757-cc5763c51afd,7cae335f-1193-421e-92f1-8802b4243e93
694,google-cloud-go,clouddms/v1.14.0,Transitive Dependency,Apache License 2.0,PERMISSIVE,NOT_REVIEWED,75aa5805-4a94-48f0-8b30-76abb0d2828c,796268c2-cab9-4b13-905d-47fb0c9b3601,7cae335f-1193-421e-92f1-8802b4243e93
695,google-cloud-go,cloudtasks/v1.18.0,Transitive Dependency,Apache License 2.0,PERMISSIVE,NOT_REVIEWED,75aa5805-4a94-48f0-8b30-76abb0d2828c,6e7758af-d29c-4588-af63-547585782275,7cae335f-1193-421e-92f1-8802b4243e93
696,google-cloud-go,compute/metadata/v0.10.0,Transitive Dependency,Apache License 2.0,PERMISSIVE,NOT_REVIEWED,75aa5805-4a94-48f0-8b30-76abb0d2828c,871eead1-0b0e-4050-9bd7-4613d45d2ed6,7cae335f-1193-421e-92f1-8802b4243e93
697,google-cloud-go,compute/metadata/v0.9.0,Transitive Dependency,Apache License 2.0,PERMISSIVE,NOT_REVIEWED,75aa5805-4a94-48f0-8b30-76abb0d2828c,72bd4b2b-ff55-4044-afb3-ab19b5425b88,7cae335f-1193-421e-92f1-8802b4243e93
698,google-cloud-go,compute/v1.62.0,Transitive Dependency,Apache License 2.0,PERMISSIVE,NOT_REVIEWED,75aa5805-4a94-48f0-8b30-76abb0d2828c,bfe5c449-f3c6-4c14-b2ca-1161dbe5ebbe,7cae335f-1193-421e-92f1-8802b4243e93
699,google-cloud-go,contactcenterinsights/v1.23.0,Transitive Dependency,Apache License 2.0,PERMISSIVE,NOT_REVIEWED,75aa5805-4a94-48f0-8b30-76abb0d2828c,e4090d93-65ce-4ad5-86fe-0be512c5c95c,7cae335f-1193-421e-92f1-8802b4243e93
700,google-cloud-go,container/v1.51.0,Transitive Dependency,Apache License 2.0,PERMISSIVE,NOT_REVIEWED,75aa5805-4a94-48f0-8b30-76abb0d2828c,cc49ffb7-8c87-4ca3-80e3-da8595ae905e,7cae335f-1193-421e-92f1-8802b4243e93
701,google-cloud-go,containeranalysis/v0.19.0,Transitive Dependency,Apache License 2.0,PERMISSIVE,NOT_REVIEWED,75aa5805-4a94-48f0-8b30-76abb0d2828c,44883123-9beb-417f-bc72-21ec3518a9a3,7cae335f-1193-421e-92f1-8802b4243e93
702,google-cloud-go,datacatalog/v1.33.0,Transitive Dependency,Apache License 2.0,PERMISSIVE,NOT_REVIEWED,75aa5805-4a94-48f0-8b30-76abb0d2828c,0e523503-9633-411f-a113-605b0fb5a8b4,7cae335f-1193-421e-92f1-8802b4243e93
703,google-cloud-go,dataflow/v0.16.0,Transitive Dependency,Apache License 2.0,PERMISSIVE,NOT_REVIEWED,75aa5805-4a94-48f0-8b30-76abb0d2828c,83f8ea93-cf52-43a2-9234-38e81656d5e7,7cae335f-1193-421e-92f1-8802b4243e93
704,google-cloud-go,dataform/v1.2.0,Transitive Dependency,Apache License 2.0,PERMISSIVE,NOT_REVIEWED,75aa5805-4a94-48f0-8b30-76abb0d2828c,d2f4f23b-d953-429b-9462-fb6ced7e6d11,7cae335f-1193-421e-92f1-8802b4243e93
705,google-cloud-go,datafusion/v1.14.0,Transitive Dependency,Apache License 2.0,PERMISSIVE,NOT_REVIEWED,75aa5805-4a94-48f0-8b30-76abb0d2828c,36805d18-6845-4449-8055-aba47f2121d6,7cae335f-1193-421e-92f1-8802b4243e93
706,google-cloud-go,datalabeling/v0.15.0,Transitive Dependency,Apache License 2.0,PERMISSIVE,NOT_REVIEWED,75aa5805-4a94-48f0-8b30-76abb0d2828c,e093dfce-a430-4e49-a651-ebc27c412f1b,7cae335f-1193-421e-92f1-8802b4243e93
707,google-cloud-go,dataplex/v1.36.0,Transitive Dependency,Apache License 2.0,PERMISSIVE,NOT_REVIEWED,75aa5805-4a94-48f0-8b30-76abb0d2828c,04f16a7b-6453-47fc-84eb-8548d1562c29,7cae335f-1193-421e-92f1-8802b4243e93
708,google-cloud-go,dataproc/v2.25.0,Transitive Dependency,Apache License 2.0,PERMISSIVE,NOT_REVIEWED,75aa5805-4a94-48f0-8b30-76abb0d2828c,57101e26-333b-4bf5-b994-e65c1cb18c34,7cae335f-1193-421e-92f1-8802b4243e93
709,google-cloud-go,dataqna/v0.13.0,Transitive Dependency,Apache License 2.0,PERMISSIVE,NOT_REVIEWED,75aa5805-4a94-48f0-8b30-76abb0d2828c,2248926a-473a-4a5a-974b-c1a6320f8a77,7cae335f-1193-421e-92f1-8802b4243e93
710,google-cloud-go,datastream/v1.21.0,Transitive Dependency,Apache License 2.0,PERMISSIVE,NOT_REVIEWED,75aa5805-4a94-48f0-8b30-76abb0d2828c,940c69e5-1b56-4e46-a6a2-a8f7d9fbd9ed,7cae335f-1193-421e-92f1-8802b4243e93
711,google-cloud-go,deploy/v1.33.0,Transitive Dependency,Apache License 2.0,PERMISSIVE,NOT_REVIEWED,75aa5805-4a94-48f0-8b30-76abb0d2828c,4b997fbd-0a68-4e04-bd2d-ed45775cdff9,7cae335f-1193-421e-92f1-8802b4243e93
712,google-cloud-go,dialogflow/v1.84.0,Transitive Dependency,Apache License 2.0,PERMISSIVE,NOT_REVIEWED,75aa5805-4a94-48f0-8b30-76abb0d2828c,3ea64f1d-b72f-4da6-9df1-36b4116d5dda,7cae335f-1193-421e-92f1-8802b4243e93
713,google-cloud-go,dlp/v1.34.0,Transitive Dependency,Apache License 2.0,PERMISSIVE,NOT_REVIEWED,75aa5805-4a94-48f0-8b30-76abb0d2828c,84f2fdfe-e564-4923-9f8d-31735a30beb9,7cae335f-1193-421e-92f1-8802b4243e93
714,google-cloud-go,documentai/v1.49.0,Transitive Dependency,Apache License 2.0,PERMISSIVE,NOT_REVIEWED,75aa5805-4a94-48f0-8b30-76abb0d2828c,5e6448d0-d693-441b-9c60-1ec75dda43ab,7cae335f-1193-421e-92f1-8802b4243e93
715,google-cloud-go,domains/v0.16.0,Transitive Dependency,Apache License 2.0,PERMISSIVE,NOT_REVIEWED,75aa5805-4a94-48f0-8b30-76abb0d2828c,1f1776c9-75b3-4bb6-8242-2ad5556a6619,7cae335f-1193-421e-92f1-8802b4243e93
716,google-cloud-go,edgecontainer/v1.10.0,Transitive Dependency,Apache License 2.0,PERMISSIVE,NOT_REVIEWED,75aa5805-4a94-48f0-8b30-76abb0d2828c,dd58d1f6-3fb7-4ed2-93c4-9a1ef843f92d,7cae335f-1193-421e-92f1-8802b4243e93
717,google-cloud-go,errorreporting/v0.9.0,Transitive Dependency,Apache License 2.0,PERMISSIVE,NOT_REVIEWED,75aa5805-4a94-48f0-8b30-76abb0d2828c,c3c8d7c5-8efd-4f12-a7df-af8af5e62602,7cae335f-1193-421e-92f1-8802b4243e93
718,google-cloud-go,essentialcontacts/v1.12.0,Transitive Dependency,Apache License 2.0,PERMISSIVE,NOT_REVIEWED,75aa5805-4a94-48f0-8b30-76abb0d2828c,2b863330-15f8-46e8-bf00-3e3e06934562,7cae335f-1193-421e-92f1-8802b4243e93
719,google-cloud-go,eventarc/v1.25.0,Transitive Dependency,Apache License 2.0,PERMISSIVE,NOT_REVIEWED,75aa5805-4a94-48f0-8b30-76abb0d2828c,f27e1da1-4633-4345-bbf8-c094b99e8023,7cae335f-1193-421e-92f1-8802b4243e93
720,google-cloud-go,filestore/v1.16.0,Transitive Dependency,Apache License 2.0,PERMISSIVE,NOT_REVIEWED,75aa5805-4a94-48f0-8b30-76abb0d2828c,cd1c5683-d538-412c-af54-a1f365b5874f,7cae335f-1193-421e-92f1-8802b4243e93
721,google-cloud-go,firestore/v1.21.0,Transitive Dependency,Apache License 2.0,PERMISSIVE,NOT_REVIEWED,75aa5805-4a94-48f0-8b30-76abb0d2828c,8b6c1ca2-085a-44c0-9885-693f3f74e9b3,7cae335f-1193-421e-92f1-8802b4243e93
722,google-cloud-go,functions/v1.25.0,Transitive Dependency,Apache License 2.0,PERMISSIVE,NOT_REVIEWED,75aa5805-4a94-48f0-8b30-76abb0d2828c,c717aa23-92bc-47de-87f2-7f01842407ff,7cae335f-1193-421e-92f1-8802b4243e93
723,google-cloud-go,gkebackup/v1.14.0,Transitive Dependency,Apache License 2.0,PERMISSIVE,NOT_REVIEWED,75aa5805-4a94-48f0-8b30-76abb0d2828c,4f01cfc1-9b7e-42f6-9a0d-e32294b23050,7cae335f-1193-421e-92f1-8802b4243e93
724,google-cloud-go,gkeconnect/v1.0.0,Transitive Dependency,Apache License 2.0,PERMISSIVE,NOT_REVIEWED,75aa5805-4a94-48f0-8b30-76abb0d2828c,1fed2d43-948b-42b1-9441-1e06f6a1ae24,7cae335f-1193-421e-92f1-8802b4243e93
725,google-cloud-go,gkehub/v0.22.0,Transitive Dependency,Apache License 2.0,PERMISSIVE,NOT_REVIEWED,75aa5805-4a94-48f0-8b30-76abb0d2828c,09298230-43c5-4ced-9661-0645d351e066,7cae335f-1193-421e-92f1-8802b4243e93
726,google-cloud-go,gkemulticloud/v1.12.0,Transitive Dependency,Apache License 2.0,PERMISSIVE,NOT_REVIEWED,75aa5805-4a94-48f0-8b30-76abb0d2828c,47c383bc-626b-4a74-892a-d92a0084becf,7cae335f-1193-421e-92f1-8802b4243e93
727,google-cloud-go,gsuiteaddons/v1.12.0,Transitive Dependency,Apache License 2.0,PERMISSIVE,NOT_REVIEWED,75aa5805-4a94-48f0-8b30-76abb0d2828c,98d972a8-3f39-4d3e-be47-1494f3b1c2a7,7cae335f-1193-421e-92f1-8802b4243e93
728,google-cloud-go,iam/v1.12.0,Transitive Dependency,Apache License 2.0,PERMISSIVE,NOT_REVIEWED,75aa5805-4a94-48f0-8b30-76abb0d2828c,628f29e1-107c-4e56-ac2b-78f86bdf88f0,7cae335f-1193-421e-92f1-8802b4243e93
729,google-cloud-go,iam/v1.5.3,Transitive Dependency,Apache License 2.0,PERMISSIVE,NOT_REVIEWED,75aa5805-4a94-48f0-8b30-76abb0d2828c,0ac8aa63-0a91-4f67-94da-d53a0e76bfcc,7cae335f-1193-421e-92f1-8802b4243e93
730,google-cloud-go,iap/v1.17.0,Transitive Dependency,Apache License 2.0,PERMISSIVE,NOT_REVIEWED,75aa5805-4a94-48f0-8b30-76abb0d2828c,e2cb3145-d301-485f-8743-ae5f78ce3e8b,7cae335f-1193-421e-92f1-8802b4243e93
731,google-cloud-go,ids/v1.11.0,Transitive Dependency,Apache License 2.0,PERMISSIVE,NOT_REVIEWED,75aa5805-4a94-48f0-8b30-76abb0d2828c,a6a36a04-b840-46fe-8c1c-2f8086ec401a,7cae335f-1193-421e-92f1-8802b4243e93
732,google-cloud-go,iot/v1.13.0,Transitive Dependency,Apache License 2.0,PERMISSIVE,NOT_REVIEWED,75aa5805-4a94-48f0-8b30-76abb0d2828c,a264efb8-2904-48be-b48f-3cdddbe82df2,7cae335f-1193-421e-92f1-8802b4243e93
733,google-cloud-go,kms/v1.26.0,Transitive Dependency,Apache License 2.0,PERMISSIVE,NOT_REVIEWED,75aa5805-4a94-48f0-8b30-76abb0d2828c,93e92a6d-9daa-4165-9adf-292e18b09165,7cae335f-1193-421e-92f1-8802b4243e93
734,google-cloud-go,kms/v1.32.0,Transitive Dependency,Apache License 2.0,PERMISSIVE,NOT_REVIEWED,75aa5805-4a94-48f0-8b30-76abb0d2828c,ed888efe-a6da-4165-b4b5-d4795d7e731e,7cae335f-1193-421e-92f1-8802b4243e93
735,google-cloud-go,language/v1.18.0,Transitive Dependency,Apache License 2.0,PERMISSIVE,NOT_REVIEWED,75aa5805-4a94-48f0-8b30-76abb0d2828c,1f9944b9-5098-4f26-b9fe-67f648241857,7cae335f-1193-421e-92f1-8802b4243e93
736,google-cloud-go,lifesciences/v0.16.0,Transitive Dependency,Apache License 2.0,PERMISSIVE,NOT_REVIEWED,75aa5805-4a94-48f0-8b30-76abb0d2828c,28d70b65-853c-4ef7-83d4-04eedfab4cc7,7cae335f-1193-421e-92f1-8802b4243e93
737,google-cloud-go,logging/v1.19.0,Transitive Dependency,Apache License 2.0,PERMISSIVE,NOT_REVIEWED,75aa5805-4a94-48f0-8b30-76abb0d2828c,ae79ff36-2c17-4201-89ee-ae5e4559bb1f,7cae335f-1193-421e-92f1-8802b4243e93
738,google-cloud-go,longrunning/v0.8.0,Transitive Dependency,Apache License 2.0,PERMISSIVE,NOT_REVIEWED,75aa5805-4a94-48f0-8b30-76abb0d2828c,6230c0bd-32b1-4e3c-b5e4-b1aa3b6cc058,7cae335f-1193-421e-92f1-8802b4243e93
739,google-cloud-go,longrunning/v1.2.0,Transitive Dependency,Apache License 2.0,PERMISSIVE,NOT_REVIEWED,75aa5805-4a94-48f0-8b30-76abb0d2828c,73afaac8-c3ea-4746-8193-9efd3e4260e4,7cae335f-1193-421e-92f1-8802b4243e93
740,google-cloud-go,managedidentities/v1.13.0,Transitive Dependency,Apache License 2.0,PERMISSIVE,NOT_REVIEWED,75aa5805-4a94-48f0-8b30-76abb0d2828c,5901183b-c46e-4d44-a36d-e102fa6321af,7cae335f-1193-421e-92f1-8802b4243e93
741,google-cloud-go,maps/v1.37.0,Transitive Dependency,Apache License 2.0,PERMISSIVE,NOT_REVIEWED,75aa5805-4a94-48f0-8b30-76abb0d2828c,0f65efb9-6f2a-4faf-9a1e-1654f17bab6a,7cae335f-1193-421e-92f1-8802b4243e93
742,google-cloud-go,mediatranslation/v0.13.0,Transitive Dependency,Apache License 2.0,PERMISSIVE,NOT_REVIEWED,75aa5805-4a94-48f0-8b30-76abb0d2828c,f3f00452-be70-4f60-b66e-feefc6952dcd,7cae335f-1193-421e-92f1-8802b4243e93
743,google-cloud-go,memcache/v1.17.0,Transitive Dependency,Apache License 2.0,PERMISSIVE,NOT_REVIEWED,75aa5805-4a94-48f0-8b30-76abb0d2828c,03befff6-badf-4c5a-bbb4-0a6f9c3093cb,7cae335f-1193-421e-92f1-8802b4243e93
744,google-cloud-go,metastore/v1.20.0,Transitive Dependency,Apache License 2.0,PERMISSIVE,NOT_REVIEWED,75aa5805-4a94-48f0-8b30-76abb0d2828c,6b1804e5-a188-475a-a1d0-8478b73e0d1c,7cae335f-1193-421e-92f1-8802b4243e93
745,google-cloud-go,monitoring/v1.24.3,Transitive Dependency,Apache License 2.0,PERMISSIVE,NOT_REVIEWED,75aa5805-4a94-48f0-8b30-76abb0d2828c,e7f70776-ca29-4632-a68d-58803b759eb4,7cae335f-1193-421e-92f1-8802b4243e93
746,google-cloud-go,monitoring/v1.30.0,Transitive Dependency,Apache License 2.0,PERMISSIVE,NOT_REVIEWED,75aa5805-4a94-48f0-8b30-76abb0d2828c,f9b09b93-2193-4691-9034-30076ea2426f,7cae335f-1193-421e-92f1-8802b4243e93
747,google-cloud-go,networkconnectivity/v1.27.0,Transitive Dependency,Apache License 2.0,PERMISSIVE,NOT_REVIEWED,75aa5805-4a94-48f0-8b30-76abb0d2828c,1955d17b-0005-44fe-aa05-8653f968377d,7cae335f-1193-421e-92f1-8802b4243e93
748,google-cloud-go,networkmanagement/v1.30.0,Transitive Dependency,Apache License 2.0,PERMISSIVE,NOT_REVIEWED,75aa5805-4a94-48f0-8b30-76abb0d2828c,600e435f-6ad9-4671-a79e-e01cee976ffc,7cae335f-1193-421e-92f1-8802b4243e93
749,google-cloud-go,networksecurity/v0.19.0,Transitive Dependency,Apache License 2.0,PERMISSIVE,NOT_REVIEWED,75aa5805-4a94-48f0-8b30-76abb0d2828c,10ed3ead-c314-4890-adfb-46a05f2bc558,7cae335f-1193-421e-92f1-8802b4243e93
750,google-cloud-go,notebooks/v1.18.0,Transitive Dependency,Apache License 2.0,PERMISSIVE,NOT_REVIEWED,75aa5805-4a94-48f0-8b30-76abb0d2828c,9b9ac033-f685-400f-a092-6a81e90ff1ed,7cae335f-1193-421e-92f1-8802b4243e93
751,google-cloud-go,optimization/v1.12.0,Transitive Dependency,Apache License 2.0,PERMISSIVE,NOT_REVIEWED,75aa5805-4a94-48f0-8b30-76abb0d2828c,251ac6bf-79ac-4c28-90b8-2ae34788bce5,7cae335f-1193-421e-92f1-8802b4243e93
752,google-cloud-go,orchestration/v1.17.0,Transitive Dependency,Apache License 2.0,PERMISSIVE,NOT_REVIEWED,75aa5805-4a94-48f0-8b30-76abb0d2828c,9ce08af5-66db-436e-8692-7eb14bd9dd75,7cae335f-1193-421e-92f1-8802b4243e93
753,google-cloud-go,orgpolicy/v1.20.0,Transitive Dependency,Apache License 2.0,PERMISSIVE,NOT_REVIEWED,75aa5805-4a94-48f0-8b30-76abb0d2828c,8cccda41-b03c-43e4-a002-cbc8693752cc,7cae335f-1193-421e-92f1-8802b4243e93
754,google-cloud-go,osconfig/v1.22.0,Transitive Dependency,Apache License 2.0,PERMISSIVE,NOT_REVIEWED,75aa5805-4a94-48f0-8b30-76abb0d2828c,105d0f3a-c935-4eef-a53e-55051ddcc390,7cae335f-1193-421e-92f1-8802b4243e93
755,google-cloud-go,oslogin/v1.18.0,Transitive Dependency,Apache License 2.0,PERMISSIVE,NOT_REVIEWED,75aa5805-4a94-48f0-8b30-76abb0d2828c,b23e1539-4168-4da9-9bc4-fd15b2a5d800,7cae335f-1193-421e-92f1-8802b4243e93
756,google-cloud-go,phishingprotection/v0.13.0,Transitive Dependency,Apache License 2.0,PERMISSIVE,NOT_REVIEWED,75aa5805-4a94-48f0-8b30-76abb0d2828c,3318e16f-18c5-43c3-98fa-bc40d8983b7e,7cae335f-1193-421e-92f1-8802b4243e93
757,google-cloud-go,policytroubleshooter/v1.16.0,Transitive Dependency,Apache License 2.0,PERMISSIVE,NOT_REVIEWED,75aa5805-4a94-48f0-8b30-76abb0d2828c,5dd81c44-eaf1-4d37-892b-e5a08472b2fe,7cae335f-1193-421e-92f1-8802b4243e93
758,google-cloud-go,privatecatalog/v0.16.0,Transitive Dependency,Apache License 2.0,PERMISSIVE,NOT_REVIEWED,75aa5805-4a94-48f0-8b30-76abb0d2828c,65664d01-18c5-4437-afa6-2536152594d5,7cae335f-1193-421e-92f1-8802b4243e93
759,google-cloud-go,pubsub/v1.50.1,Transitive Dependency,Apache License 2.0,PERMISSIVE,NOT_REVIEWED,75aa5805-4a94-48f0-8b30-76abb0d2828c,a038b509-e211-426a-bec5-53d858d29602,7cae335f-1193-421e-92f1-8802b4243e93
760,google-cloud-go,pubsub/v2.4.0,Transitive Dependency,Apache License 2.0,PERMISSIVE,NOT_REVIEWED,75aa5805-4a94-48f0-8b30-76abb0d2828c,de9149e3-3596-447b-ad0d-47cb8fc9229d,7cae335f-1193-421e-92f1-8802b4243e93
761,google-cloud-go,pubsublite/v1.10.0,Transitive Dependency,Apache License 2.0,PERMISSIVE,NOT_REVIEWED,75aa5805-4a94-48f0-8b30-76abb0d2828c,7f5dff72-5efe-4774-ac57-09ba17475029,7cae335f-1193-421e-92f1-8802b4243e93
762,google-cloud-go,recaptchaenterprise/v2.26.0,Transitive Dependency,Apache License 2.0,PERMISSIVE,NOT_REVIEWED,75aa5805-4a94-48f0-8b30-76abb0d2828c,43ddf84c-6db3-442b-99b6-46f01a38bfe4,7cae335f-1193-421e-92f1-8802b4243e93
763,google-cloud-go,recommendationengine/v0.15.0,Transitive Dependency,Apache License 2.0,PERMISSIVE,NOT_REVIEWED,75aa5805-4a94-48f0-8b30-76abb0d2828c,9d43e793-1bc8-43ff-8fc6-3f12e748a162,7cae335f-1193-421e-92f1-8802b4243e93
764,google-cloud-go,recommender/v1.19.0,Transitive Dependency,Apache License 2.0,PERMISSIVE,NOT_REVIEWED,75aa5805-4a94-48f0-8b30-76abb0d2828c,135e2b84-e91d-4ffa-9aeb-890f9a1595ba,7cae335f-1193-421e-92f1-8802b4243e93
765,google-cloud-go,redis/v1.24.0,Transitive Dependency,Apache License 2.0,PERMISSIVE,NOT_REVIEWED,75aa5805-4a94-48f0-8b30-76abb0d2828c,4d0410b3-431a-416f-9500-d31da7e0c8f7,7cae335f-1193-421e-92f1-8802b4243e93
766,google-cloud-go,resourcemanager/v1.16.0,Transitive Dependency,Apache License 2.0,PERMISSIVE,NOT_REVIEWED,75aa5805-4a94-48f0-8b30-76abb0d2828c,9a4b936c-1a4d-4967-94e1-e088f2a07b4a,7cae335f-1193-421e-92f1-8802b4243e93
767,google-cloud-go,resourcesettings/v1.8.3,Transitive Dependency,Apache License 2.0,PERMISSIVE,NOT_REVIEWED,75aa5805-4a94-48f0-8b30-76abb0d2828c,34fe8c15-7fea-403b-be58-067422fc2865,7cae335f-1193-421e-92f1-8802b4243e93
768,google-cloud-go,retail/v1.32.0,Transitive Dependency,Apache License 2.0,PERMISSIVE,NOT_REVIEWED,75aa5805-4a94-48f0-8b30-76abb0d2828c,b9fcb165-4d85-45e0-8fdf-9b3163c1a1f6,7cae335f-1193-421e-92f1-8802b4243e93
769,google-cloud-go,run/v1.22.0,Transitive Dependency,Apache License 2.0,PERMISSIVE,NOT_REVIEWED,75aa5805-4a94-48f0-8b30-76abb0d2828c,51bd3764-d9f7-4291-ba41-71831f983f6a,7cae335f-1193-421e-92f1-8802b4243e93
770,google-cloud-go,scheduler/v1.16.0,Transitive Dependency,Apache License 2.0,PERMISSIVE,NOT_REVIEWED,75aa5805-4a94-48f0-8b30-76abb0d2828c,02cdde51-efcf-4dce-b108-9342f6eee32d,7cae335f-1193-421e-92f1-8802b4243e93
771,google-cloud-go,secretmanager/v1.16.0,Transitive Dependency,Apache License 2.0,PERMISSIVE,NOT_REVIEWED,75aa5805-4a94-48f0-8b30-76abb0d2828c,ec14e15f-7b45-42b7-9efa-699c81956ab6,7cae335f-1193-421e-92f1-8802b4243e93
772,google-cloud-go,secretmanager/v1.20.0,Transitive Dependency,Apache License 2.0,PERMISSIVE,NOT_REVIEWED,75aa5805-4a94-48f0-8b30-76abb0d2828c,b7ee1b6c-b5f1-42c2-b970-a39dd26cdbd6,7cae335f-1193-421e-92f1-8802b4243e93
773,google-cloud-go,security/v1.26.0,Transitive Dependency,Apache License 2.0,PERMISSIVE,NOT_REVIEWED,75aa5805-4a94-48f0-8b30-76abb0d2828c,64a00fc3-cfd1-42e0-a9bf-ba7760f3ee68,7cae335f-1193-421e-92f1-8802b4243e93
774,google-cloud-go,securitycenter/v1.45.0,Transitive Dependency,Apache License 2.0,PERMISSIVE,NOT_REVIEWED,75aa5805-4a94-48f0-8b30-76abb0d2828c,996b6f3b-856a-49f4-88e8-7ff9d1f216c9,7cae335f-1193-421e-92f1-8802b4243e93
775,google-cloud-go,servicedirectory/v1.17.0,Transitive Dependency,Apache License 2.0,PERMISSIVE,NOT_REVIEWED,75aa5805-4a94-48f0-8b30-76abb0d2828c,2702318e-602a-467a-be44-a8b3b47f0fff,7cae335f-1193-421e-92f1-8802b4243e93
776,google-cloud-go,shell/v1.13.0,Transitive Dependency,Apache License 2.0,PERMISSIVE,NOT_REVIEWED,75aa5805-4a94-48f0-8b30-76abb0d2828c,8cbfba39-75a1-42b4-a781-beaeed38e718,7cae335f-1193-421e-92f1-8802b4243e93
777,google-cloud-go,speech/v1.36.0,Transitive Dependency,Apache License 2.0,PERMISSIVE,NOT_REVIEWED,75aa5805-4a94-48f0-8b30-76abb0d2828c,13a45dfa-eb02-4fb3-9afc-4cda286a6e82,7cae335f-1193-421e-92f1-8802b4243e93
778,google-cloud-go,storage/v1.61.3,Transitive Dependency,Apache License 2.0,PERMISSIVE,NOT_REVIEWED,75aa5805-4a94-48f0-8b30-76abb0d2828c,8c322ec2-7e1c-4bfa-81a0-c8aa3970efc2,7cae335f-1193-421e-92f1-8802b4243e93
779,google-cloud-go,storage/v1.64.0,Direct Dependency,Apache License 2.0,PERMISSIVE,NOT_REVIEWED,75aa5805-4a94-48f0-8b30-76abb0d2828c,5dfd34ac-a062-4e46-a5f3-9a92da5c639d,7cae335f-1193-421e-92f1-8802b4243e93
780,google-cloud-go,storagetransfer/v1.19.0,Transitive Dependency,Apache License 2.0,PERMISSIVE,NOT_REVIEWED,75aa5805-4a94-48f0-8b30-76abb0d2828c,15fa99d1-8614-475b-8ee3-c8bc81cc6be0,7cae335f-1193-421e-92f1-8802b4243e93
781,google-cloud-go,talent/v1.14.0,Transitive Dependency,Apache License 2.0,PERMISSIVE,NOT_REVIEWED,75aa5805-4a94-48f0-8b30-76abb0d2828c,c49ef41e-4190-432b-9630-6f594886cc18,7cae335f-1193-421e-92f1-8802b4243e93
782,google-cloud-go,texttospeech/v1.22.0,Transitive Dependency,Apache License 2.0,PERMISSIVE,NOT_REVIEWED,75aa5805-4a94-48f0-8b30-76abb0d2828c,13722bdb-3f0c-4656-bdf9-38981d8fd06d,7cae335f-1193-421e-92f1-8802b4243e93
783,google-cloud-go,tpu/v1.14.0,Transitive Dependency,Apache License 2.0,PERMISSIVE,NOT_REVIEWED,75aa5805-4a94-48f0-8b30-76abb0d2828c,b401fdc9-9f97-447f-b135-8cf14159b530,7cae335f-1193-421e-92f1-8802b4243e93
784,google-cloud-go,trace/v1.11.7,Transitive Dependency,Apache License 2.0,PERMISSIVE,NOT_REVIEWED,75aa5805-4a94-48f0-8b30-76abb0d2828c,94ae428c-0e71-4455-8a3b-0efc5b18653d,7cae335f-1193-421e-92f1-8802b4243e93
785,google-cloud-go,trace/v1.16.0,Transitive Dependency,Apache License 2.0,PERMISSIVE,NOT_REVIEWED,75aa5805-4a94-48f0-8b30-76abb0d2828c,51fc53f8-2885-4d93-8e43-151e99d6ec0c,7cae335f-1193-421e-92f1-8802b4243e93
786,google-cloud-go,translate/v1.18.0,Transitive Dependency,Apache License 2.0,PERMISSIVE,NOT_REVIEWED,75aa5805-4a94-48f0-8b30-76abb0d2828c,16ab99c3-ed62-423d-995f-73579e16e11d,7cae335f-1193-421e-92f1-8802b4243e93
787,google-cloud-go,v0.123.0,Transitive Dependency,Apache License 2.0,PERMISSIVE,NOT_REVIEWED,75aa5805-4a94-48f0-8b30-76abb0d2828c,19cac200-3520-41ed-a996-0517f8a9583c,7cae335f-1193-421e-92f1-8802b4243e93
788,google-cloud-go,video/v1.33.0,Transitive Dependency,Apache License 2.0,PERMISSIVE,NOT_REVIEWED,75aa5805-4a94-48f0-8b30-76abb0d2828c,7d3a7e48-76b7-4f2a-8f58-279e2e257ccc,7cae335f-1193-421e-92f1-8802b4243e93
789,google-cloud-go,videointelligence/v1.17.0,Transitive Dependency,Apache License 2.0,PERMISSIVE,NOT_REVIEWED,75aa5805-4a94-48f0-8b30-76abb0d2828c,31bc00b7-97fd-4f9e-9af3-8fea4a6ff2fe,7cae335f-1193-421e-92f1-8802b4243e93
790,google-cloud-go,vision/v2.15.0,Transitive Dependency,Apache License 2.0,PERMISSIVE,NOT_REVIEWED,75aa5805-4a94-48f0-8b30-76abb0d2828c,62ec6ca6-a79a-4930-aa32-b6d92e8e7fbe,7cae335f-1193-421e-92f1-8802b4243e93
791,google-cloud-go,vmmigration/v1.16.0,Transitive Dependency,Apache License 2.0,PERMISSIVE,NOT_REVIEWED,75aa5805-4a94-48f0-8b30-76abb0d2828c,57f0f6b7-b84f-49e1-a7ac-79cc14a24394,7cae335f-1193-421e-92f1-8802b4243e93
792,google-cloud-go,vmwareengine/v1.9.0,Transitive Dependency,Apache License 2.0,PERMISSIVE,NOT_REVIEWED,75aa5805-4a94-48f0-8b30-76abb0d2828c,dc5eb779-6402-4670-bf16-cce2cd759800,7cae335f-1193-421e-92f1-8802b4243e93
793,google-cloud-go,vpcaccess/v1.14.0,Transitive Dependency,Apache License 2.0,PERMISSIVE,NOT_REVIEWED,75aa5805-4a94-48f0-8b30-76abb0d2828c,03e72a22-d676-4c1f-a8d0-c5f5f1ca4ffe,7cae335f-1193-421e-92f1-8802b4243e93
794,google-cloud-go,webrisk/v1.17.0,Transitive Dependency,Apache License 2.0,PERMISSIVE,NOT_REVIEWED,75aa5805-4a94-48f0-8b30-76abb0d2828c,9a23c0a9-cbc2-4b12-8f27-17460c76cac8,7cae335f-1193-421e-92f1-8802b4243e93
795,google-cloud-go,websecurityscanner/v1.12.0,Transitive Dependency,Apache License 2.0,PERMISSIVE,NOT_REVIEWED,75aa5805-4a94-48f0-8b30-76abb0d2828c,9d5a195b-fe95-48f9-8f97-f5f02fbf8ca1,7cae335f-1193-421e-92f1-8802b4243e93
796,google-cloud-go,workflows/v1.20.0,Transitive Dependency,Apache License 2.0,PERMISSIVE,NOT_REVIEWED,75aa5805-4a94-48f0-8b30-76abb0d2828c,337d4f49-5b0f-4b84-bce7-055e320ecaae,7cae335f-1193-421e-92f1-8802b4243e93
797,google-cloud-storage-control,2.39.0-beta,Direct Dependency,Apache License 2.0,PERMISSIVE,NOT_REVIEWED,c0914920-9246-4102-879b-b657a1e9bccd,98a7d65c-7d0c-4086-8959-d85c6bb9391b,7cae335f-1193-421e-92f1-8802b4243e93
798,google-oauth-java-client,1.39.0,Direct Dependency,Apache License 2.0,PERMISSIVE,NOT_REVIEWED,0faacbf4-87e6-4ae8-b80d-961ca4b0fba4,778fec3b-3881-4d71-b81b-1ad1ba5b7c58,7cae335f-1193-421e-92f1-8802b4243e93
799,google/go-cloud,v0.46.0,Direct Dependency,Apache License 2.0,PERMISSIVE,NOT_REVIEWED,c7ac5867-5950-41a1-8b22-92b9487d7c98,bcfb2478-935d-478d-857c-1da5b41a8478,7cae335f-1193-421e-92f1-8802b4243e93
800,google/go-cmp,v0.7.0,Transitive Dependency,"BSD 3-clause ""New"" or ""Revised"" License",PERMISSIVE,NOT_REVIEWED,458e027c-e2ba-49eb-b32e-654a62244631,aa529b89-4f6a-4dad-a683-9aafd72c434c,3d238144-44e6-450e-b523-3defbdaed9dc
801,google/go-pkcs11,v0.3.0,Transitive Dependency,Apache License 2.0,PERMISSIVE,NOT_REVIEWED,5b4dab18-5dce-4636-835a-ae418ba41aaa,f73ec7f3-796f-4323-b6ca-042b7b74c48b,7cae335f-1193-421e-92f1-8802b4243e93
802,google/go-replayers,grpcreplay/v1.3.0,Transitive Dependency,Apache License 2.0,PERMISSIVE,NOT_REVIEWED,6c781e85-ccf9-4c2c-8e08-88ca60fe7eff,c9c8a4d0-3dae-48b4-8abf-655c64d77875,7cae335f-1193-421e-92f1-8802b4243e93
803,google/go-replayers,httpreplay/v1.2.0,Transitive Dependency,Apache License 2.0,PERMISSIVE,NOT_REVIEWED,6c781e85-ccf9-4c2c-8e08-88ca60fe7eff,7259432f-421c-4d42-9024-115bf1c753a1,7cae335f-1193-421e-92f1-8802b4243e93
804,google/s2a-go,v0.1.10,Transitive Dependency,Apache License 2.0,PERMISSIVE,NOT_REVIEWED,d2298889-2e00-4963-91c6-9778f9d5aa97,7b9f038b-fc0e-4506-94b0-b8fa4207e91d,7cae335f-1193-421e-92f1-8802b4243e93
805,google/s2a-go,v0.1.9,Transitive Dependency,Apache License 2.0,PERMISSIVE,NOT_REVIEWED,d2298889-2e00-4963-91c6-9778f9d5aa97,e4723961-5c61-46d7-a5d3-073f1455a08f,7cae335f-1193-421e-92f1-8802b4243e93
806,google/subcommands,1.2.0,Transitive Dependency,Apache License 2.0,PERMISSIVE,NOT_REVIEWED,e64b82c3-960a-4eea-ba28-0812b33135b6,85b8122e-9d28-4919-b1b2-6b921a53b91d,7cae335f-1193-421e-92f1-8802b4243e93
807,google/wire,0.7.0,Transitive Dependency,Apache License 2.0,PERMISSIVE,NOT_REVIEWED,06b7cc7e-f4ee-44bb-9dac-a4e5ffeb20fe,03fbeb86-3b51-4f1c-995a-b656c9c46752,7cae335f-1193-421e-92f1-8802b4243e93
808,googleapis/enterprise-certificate-proxy,v0.3.19,Transitive Dependency,Apache License 2.0,PERMISSIVE,NOT_REVIEWED,ebe5eddb-f86d-4c41-ad9f-2085ec9ae054,61b3d80f-de81-4d52-ae96-d4a964cd232c,7cae335f-1193-421e-92f1-8802b4243e93
809,googleapis/enterprise-certificate-proxy,v0.3.22,Transitive Dependency,Apache License 2.0,PERMISSIVE,NOT_REVIEWED,ebe5eddb-f86d-4c41-ad9f-2085ec9ae054,7594dd36-2e01-4380-9dc9-e2a5ac81071f,7cae335f-1193-421e-92f1-8802b4243e93
810,googleapis/gax-go,v2.23.0,Transitive Dependency,"BSD 3-clause ""New"" or ""Revised"" License",PERMISSIVE,NOT_REVIEWED,059871d2-6cd1-426a-ac38-0ba7e18668da,d9ad79be-65f8-4249-a526-405780a27c08,3d238144-44e6-450e-b523-3defbdaed9dc
811,googleapis/gax-go,v2.26.2,Transitive Dependency,"BSD 3-clause ""New"" or ""Revised"" License",PERMISSIVE,NOT_REVIEWED,059871d2-6cd1-426a-ac38-0ba7e18668da,026c7f34-168d-42a1-9e77-81b12cc0df97,3d238144-44e6-450e-b523-3defbdaed9dc
812,googleapis/go-genproto,20260706-snapshot-f0a92134,Transitive Dependency,Apache License 2.0,PERMISSIVE,NOT_REVIEWED,b1e6bf42-b243-4385-a118-af40bba11ff3,8db92757-506a-462b-b690-83c0b9c12263,7cae335f-1193-421e-92f1-8802b4243e93
813,googleapis/go-genproto,20260715-snapshot-e75dac1f,Transitive Dependency,Apache License 2.0,PERMISSIVE,NOT_REVIEWED,b1e6bf42-b243-4385-a118-af40bba11ff3,44385338-6a00-4cfd-b5a5-44e5d3e3bad7,7cae335f-1193-421e-92f1-8802b4243e93
814,googleapis/go-genproto,20260727-snapshot-6c54dddc,Transitive Dependency,Apache License 2.0,PERMISSIVE,NOT_REVIEWED,b1e6bf42-b243-4385-a118-af40bba11ff3,d5d48a61-95b6-47fd-b7ce-6b3b86e65c71,7cae335f-1193-421e-92f1-8802b4243e93
815,googleapis/go-genproto,20260921-snapshot-b1422766,Transitive Dependency,Apache License 2.0,PERMISSIVE,NOT_REVIEWED,b1e6bf42-b243-4385-a118-af40bba11ff3,21893e87-f7eb-444c-a4b1-6ca5838d21ba,7cae335f-1193-421e-92f1-8802b4243e93
816,googleapis/go-genproto,20261005-snapshot-fad41139,Transitive Dependency,Apache License 2.0,PERMISSIVE,NOT_REVIEWED,b1e6bf42-b243-4385-a118-af40bba11ff3,12c66445-8cce-4f55-b9dd-7325eeeaf983,7cae335f-1193-421e-92f1-8802b4243e93
817,googleapis/google-api-go-client,v0.290.0,Direct Dependency,"BSD 3-clause ""New"" or ""Revised"" License",PERMISSIVE,NOT_REVIEWED,515827f6-5ef8-4b0d-ae66-54ec92ed549e,54826486-4aac-45ed-97f5-4c7032ebedd1,3d238144-44e6-450e-b523-3defbdaed9dc
818,googleapis/google-api-go-client,v0.300.0,Transitive Dependency,"BSD 3-clause ""New"" or ""Revised"" License",PERMISSIVE,NOT_REVIEWED,515827f6-5ef8-4b0d-ae66-54ec92ed549e,d025bf91-31d1-4e84-b5b2-b1cf25b6f59f,3d238144-44e6-450e-b523-3defbdaed9dc
819,googleapis/google-cloud-java,2.77.0,Direct Dependency,Apache License 2.0,PERMISSIVE,NOT_REVIEWED,ee79b996-82a4-484d-b04b-9ee685adde56,df6ed836-6d6c-4a20-b2a1-97ddd17717e6,7cae335f-1193-421e-92f1-8802b4243e93
820,googlegson,2.13.1,Direct Dependency,Apache License 2.0,PERMISSIVE,NOT_REVIEWED,5268f229-3e37-4068-ad3a-18f0bfbf8b34,808dafac-5c1f-432a-ade2-36c7cb112e8a,7cae335f-1193-421e-92f1-8802b4243e93
821,googlegson,2.14.0,Direct Dependency,Apache License 2.0,PERMISSIVE,NOT_REVIEWED,5268f229-3e37-4068-ad3a-18f0bfbf8b34,2435665c-bd74-4e0d-819e-0d79e506e3a5,7cae335f-1193-421e-92f1-8802b4243e93
822,googleguava,33.4.0-jre,Direct Dependency,Apache License 2.0,PERMISSIVE,NOT_REVIEWED,2f0a32a0-f5c6-45d7-858c-b8a5d922633d,27f4c71c-4174-4154-a76c-87ba4a7e4b63,7cae335f-1193-421e-92f1-8802b4243e93
823,googleguava,33.4.8-jre,Direct Dependency,Apache License 2.0,PERMISSIVE,NOT_REVIEWED,2f0a32a0-f5c6-45d7-858c-b8a5d922633d,c70aa678-15e2-4e3c-911f-0286678defa7,7cae335f-1193-421e-92f1-8802b4243e93
824,googleguava,33.5.0-jre,Direct Dependency,Apache License 2.0,PERMISSIVE,NOT_REVIEWED,2f0a32a0-f5c6-45d7-858c-b8a5d922633d,f4391b0a-4e7a-42fa-a0b2-131226549a52,7cae335f-1193-421e-92f1-8802b4243e93
825,googleguava,33.7.1-jre,Direct Dependency,Apache License 2.0,PERMISSIVE,NOT_REVIEWED,2f0a32a0-f5c6-45d7-858c-b8a5d922633d,a67aa82b-7801-4127-841c-31e928e7baa6,7cae335f-1193-421e-92f1-8802b4243e93
826,gorilla/mux,v1.8.1,Direct Dependency,"BSD 3-clause ""New"" or ""Revised"" License",PERMISSIVE,NOT_REVIEWED,9d91c5e4-2751-443d-8282-9d399dbb578e,3c4120cd-0416-4b50-a7ba-f23fcb3162b3,3d238144-44e6-450e-b523-3defbdaed9dc
827,groupcache,20210331-snapshot-41bb18bf,Transitive Dependency,Apache License 2.0,PERMISSIVE,NOT_REVIEWED,8aac6968-bb3d-4a2f-bbc0-ace502f6983f,9c9a8acd-076f-47c1-a54a-19ec7e34b0b5,7cae335f-1193-421e-92f1-8802b4243e93
828,grpc-gateway,v2.28.0,Transitive Dependency,"BSD 3-clause ""New"" or ""Revised"" License",PERMISSIVE,NOT_REVIEWED,470ec045-d07d-4722-961d-ebfe2ddb12aa,d6268562-7665-4706-a27e-a47cc58319cf,3d238144-44e6-450e-b523-3defbdaed9dc
829,grpc-go,20250407-snapshot-b368379e,Transitive Dependency,Apache License 2.0,PERMISSIVE,NOT_REVIEWED,dd4726fa-fe56-484c-95c8-14a2ca3431ad,65093ce1-430f-41a3-8cf8-c820ee4b3a94,7cae335f-1193-421e-92f1-8802b4243e93
830,grpc-go,v1.82.1,Transitive Dependency,Apache License 2.0,PERMISSIVE,NOT_REVIEWED,dd4726fa-fe56-484c-95c8-14a2ca3431ad,7eea9d0e-ec61-4da5-acbc-9a85a0bb093a,7cae335f-1193-421e-92f1-8802b4243e93
831,grpc-go,v1.84.0,Transitive Dependency,Apache License 2.0,PERMISSIVE,NOT_REVIEWED,dd4726fa-fe56-484c-95c8-14a2ca3431ad,06acfd93-2cfa-42bd-a55e-67c2fb29e07b,7cae335f-1193-421e-92f1-8802b4243e93
832,grpc-google-cloud-storage-v2,2.75.0,Direct Dependency,Apache License 2.0,PERMISSIVE,NOT_REVIEWED,8986d58a-5e41-4189-ab78-fcc05c7df940,ab7bda1c-fa8c-47f9-b201-54f868587afa,7cae335f-1193-421e-92f1-8802b4243e93
833,grpc-java,1.84.0,Direct Dependency,Apache License 2.0,PERMISSIVE,NOT_REVIEWED,5dab2ab0-845f-4be6-889e-f9af5c5f7de9,fa7f40d5-21bc-4af2-96f5-a78be5dcc78e,7cae335f-1193-421e-92f1-8802b4243e93
834,gsl-lite/gsl-lite,v0.38.1,Exact,MIT License,PERMISSIVE,NOT_REVIEWED,d9a41bb7-6983-4776-9790-e463815597ed,fa801117-d1dc-4ca0-b17b-0e8e8b2c1409,ad705c59-6893-4980-bdbf-0837f1823cc4
835,hadoop-mapreduce-client-core,3.5.0,Direct Dependency,Apache License 2.0,PERMISSIVE,NOT_REVIEWED,a91d5910-e300-4302-ba7b-6f56477acebd,9d79e8e1-9368-4787-a966-e43f50f489db,7cae335f-1193-421e-92f1-8802b4243e93
836,has-flag,3.0.0,Transitive Dependency,MIT License,PERMISSIVE,NOT_REVIEWED,ff2c2781-36ea-4b99-9bb4-2442db6dd405,92fa8316-a2de-4d51-8403-aba59b638507,ad705c59-6893-4980-bdbf-0837f1823cc4
837,has-flag,4.0.0,Transitive Dependency,MIT License,PERMISSIVE,NOT_REVIEWED,ff2c2781-36ea-4b99-9bb4-2442db6dd405,f22d04c5-af6c-4286-a2b7-5a23eefd6feb,ad705c59-6893-4980-bdbf-0837f1823cc4
838,has-symbols,1.0.1,Transitive Dependency,MIT License,PERMISSIVE,NOT_REVIEWED,1e845348-6d04-4aa1-844b-f6615379eb7a,80757b03-a7c9-4c83-9de5-250ce305f9e2,ad705c59-6893-4980-bdbf-0837f1823cc4
839,hasha,5.2.0,Transitive Dependency,MIT License,PERMISSIVE,NOT_REVIEWED,231a2014-5667-4f10-8404-37faf359c562,100c827a-200f-43b1-bf6a-cae16c9e9fbb,ad705c59-6893-4980-bdbf-0837f1823cc4
840,http-cache-semantics,4.1.0,Transitive Dependency,"BSD 2-clause ""Simplified"" License",PERMISSIVE,NOT_REVIEWED,8b04ec04-a74e-45b9-9178-bb192e84e09a,7930583a-4404-4e3d-91bc-d2b22c6e0998,cc875133-df38-4806-9921-473e0ef01a87
841,iancoleman/strcase,v0.3.0,Transitive Dependency,MIT License,PERMISSIVE,NOT_REVIEWED,85e45396-d5d2-4c46-b816-4cd2635e1954,7b158d11-5a23-41f4-a853-0b76e3c0069c,ad705c59-6893-4980-bdbf-0837f1823cc4
842,iconv-lite,v0.4.24,Transitive Dependency,MIT License,PERMISSIVE,NOT_REVIEWED,94bfe3df-c0a0-4b94-8834-4e3557203750,695f3fe6-949e-4584-a724-0d0e1e3492cc,ad705c59-6893-4980-bdbf-0837f1823cc4
843,idna,3.19,Direct Dependency,"BSD 3-clause ""New"" or ""Revised"" License",PERMISSIVE,NOT_REVIEWED,a072b9e7-c0a3-447b-abe6-fa74c8869fb1,021094cc-9e93-4e25-9ec8-e24a35d2a5dc,3d238144-44e6-450e-b523-3defbdaed9dc
844,iferr,0.1.5,Transitive Dependency,MIT License,PERMISSIVE,NOT_REVIEWED,de360d0b-ea26-4fe6-9f6a-0c68096f2d6e,47d904cd-c6a1-43f2-a17b-9859461b6a45,ad705c59-6893-4980-bdbf-0837f1823cc4
845,import-fresh,3.2.1,Transitive Dependency,MIT License,PERMISSIVE,NOT_REVIEWED,5c5b9a2d-d142-40a8-a27f-14060e70247c,b6bc0645-7d62-4088-848a-cec62bbdfdc8,ad705c59-6893-4980-bdbf-0837f1823cc4
846,imurmurhash,0.1.4,Transitive Dependency,MIT License,PERMISSIVE,NOT_REVIEWED,09279b44-9071-4bad-9976-78188ce16d2c,c4ff4116-2f7f-4dac-b4a0-37fe55009a6d,ad705c59-6893-4980-bdbf-0837f1823cc4
847,indent-string,v4.0.0,Transitive Dependency,MIT License,PERMISSIVE,NOT_REVIEWED,fadf4f80-0e5f-416a-81eb-e477af37ff49,08b52e2e-6ddc-4b5c-b7b4-c50be30693b4,ad705c59-6893-4980-bdbf-0837f1823cc4
848,infer-owner,1.0.4,Transitive Dependency,ISC License,PERMISSIVE,NOT_REVIEWED,65fa8ac9-dc57-426f-b203-da7b82d9bc01,0a6d5ad6-3a15-48d1-965c-811764c3848c,14b0b50b-acd2-4fc8-ac65-3b15f9e58260
849,inflight,1.0.6,Transitive Dependency,ISC License,PERMISSIVE,NOT_REVIEWED,218fdc6e-6401-4a1a-b468-044c596c1553,38fd1035-bad6-49d6-902a-0e440aab7999,14b0b50b-acd2-4fc8-ac65-3b15f9e58260
850,inherits,v2.0.4,Transitive Dependency,ISC License,PERMISSIVE,NOT_REVIEWED,d481a553-a8e0-47ec-8c86-268ef4d2ac6f,9cfcbde0-8633-45b6-8339-62d8018f985e,14b0b50b-acd2-4fc8-ac65-3b15f9e58260
851,invariant,2.2.4,Transitive Dependency,MIT License,PERMISSIVE,NOT_REVIEWED,fdcfa95d-0e0c-4d4e-aa72-e45bffe8b89b,1cf2ccff-3b33-4a58-8838-adefc9a1c7f0,ad705c59-6893-4980-bdbf-0837f1823cc4
852,io.grpc:grpc-alts,1.84.0,Direct Dependency,Apache License 2.0,PERMISSIVE,NOT_REVIEWED,38f841c8-6409-4c74-9ec9-0c1b632d3793,965aea49-5eb1-41f0-a434-c4ac72461c99,7cae335f-1193-421e-92f1-8802b4243e93
853,io.grpc:grpc-auth,1.84.0,Direct Dependency,Apache License 2.0,PERMISSIVE,NOT_REVIEWED,544d1e2f-bea1-4ab2-bfd5-0e958f12e984,c53ac7c9-d4b1-4476-ad2b-771c37a0ce6b,7cae335f-1193-421e-92f1-8802b4243e93
854,io.grpc:grpc-census,1.84.0,Direct Dependency,Apache License 2.0,PERMISSIVE,NOT_REVIEWED,d7c56e85-8a98-4e6c-9ec6-8821213a945d,5aaae3a6-21b9-4d1d-8257-7e039a179ccf,7cae335f-1193-421e-92f1-8802b4243e93
855,io.grpc:grpc-context,1.84.0,Direct Dependency,Apache License 2.0,PERMISSIVE,NOT_REVIEWED,f2ab73b5-26ac-46a1-b92d-9be2ff333fe9,b38feb17-bfdb-428e-b33a-7a78d50b1bf2,7cae335f-1193-421e-92f1-8802b4243e93
856,io.grpc:grpc-googleapis,1.84.0,Direct Dependency,Apache License 2.0,PERMISSIVE,NOT_REVIEWED,7ccbfcc7-4a3c-44e9-bb84-e2a28bd8f813,41dedb26-c6fb-4aec-abc3-eb0f1aea933c,7cae335f-1193-421e-92f1-8802b4243e93
857,io.grpc:grpc-grpclb,1.84.0,Direct Dependency,Apache License 2.0,PERMISSIVE,NOT_REVIEWED,32462075-c3e4-4283-a3e8-bfb508ea33ac,d066c41f-4cf8-43f3-b0ce-b6d30781ebd1,7cae335f-1193-421e-92f1-8802b4243e93
858,io.grpc:grpc-inprocess,1.84.0,Direct Dependency,Apache License 2.0,PERMISSIVE,NOT_REVIEWED,dd7f692d-c705-4008-95c8-de1f28643cbc,c62f2f4e-6e6b-47a1-a4e4-a0944ccebc1d,7cae335f-1193-421e-92f1-8802b4243e93
859,io.grpc:grpc-netty,1.84.0,Direct Dependency,Apache License 2.0,PERMISSIVE,NOT_REVIEWED,12bd7d33-0674-4ef8-8f13-993c2d2df5a1,44207592-eda4-4806-87e9-645299fc7f1d,7cae335f-1193-421e-92f1-8802b4243e93
860,io.grpc:grpc-opentelemetry,1.84.0,Direct Dependency,Apache License 2.0,PERMISSIVE,NOT_REVIEWED,f0fae99c-3170-4051-bfe0-1d1a34b7ccc6,497e95db-9bc7-4461-a457-8778655b283a,7cae335f-1193-421e-92f1-8802b4243e93
861,io.grpc:grpc-protobuf-lite,1.84.0,Direct Dependency,Apache License 2.0,PERMISSIVE,NOT_REVIEWED,30b551b8-5ad8-4b20-b3b2-cddf3ae2ec17,89ebce37-81e3-43e9-83f5-950c6337ed07,7cae335f-1193-421e-92f1-8802b4243e93
862,io.grpc:grpc-rls,1.84.0,Direct Dependency,Apache License 2.0,PERMISSIVE,NOT_REVIEWED,01b77817-24a7-4a12-bdfd-3d133b9a2869,54a4f986-94e6-4051-8571-df63e2e5d61b,7cae335f-1193-421e-92f1-8802b4243e93
863,io.grpc:grpc-services,1.84.0,Direct Dependency,Apache License 2.0,PERMISSIVE,NOT_REVIEWED,f3d8f9f6-5557-4523-b6dc-4ac9c5e2e3dd,6dce91f0-35d0-467d-aeaa-3d7cdaa812a8,7cae335f-1193-421e-92f1-8802b4243e93
864,io.grpc:grpc-stub,1.84.0,Direct Dependency,Apache License 2.0,PERMISSIVE,NOT_REVIEWED,5c46d8c5-43d4-4e35-8087-7a5bfbea89a6,b3855a95-a950-4e54-a208-2e3a33042789,7cae335f-1193-421e-92f1-8802b4243e93
865,io.grpc:grpc-util,1.84.0,Direct Dependency,Apache License 2.0,PERMISSIVE,NOT_REVIEWED,47c10de0-ca43-4304-bc62-5781c9274d86,bf09999e-378c-4d99-87f2-e69286c1df46,7cae335f-1193-421e-92f1-8802b4243e93
866,io.grpc:grpc-xds,1.84.0,Direct Dependency,Apache License 2.0,PERMISSIVE,NOT_REVIEWED,619be8d5-0ff6-44dd-a135-6fb212ffbc41,82306313-9882-4e3f-8059-75f48c5529cf,7cae335f-1193-421e-92f1-8802b4243e93
867,is-arrayish,0.2.1,Transitive Dependency,MIT License,PERMISSIVE,NOT_REVIEWED,439a3fc5-3b7b-4997-9f73-e757b09fc594,440f7406-3850-4639-bb0d-51805a77ce23,ad705c59-6893-4980-bdbf-0837f1823cc4
868,is-builtin-module,3.0.0,Transitive Dependency,MIT License,PERMISSIVE,NOT_REVIEWED,70383a75-1df9-4d4f-a62f-53ab8784026b,9058af76-305c-4cfe-9548-a54eb82215a5,ad705c59-6893-4980-bdbf-0837f1823cc4
869,is-extglob,2.1.1,Transitive Dependency,MIT License,PERMISSIVE,NOT_REVIEWED,278a98fa-7281-4d56-9f5c-f5655bafcd94,2c69b1ed-d9d3-4841-9d1a-e4db0911990f,ad705c59-6893-4980-bdbf-0837f1823cc4
870,is-fullwidth-code-point,3.0.0,Transitive Dependency,MIT License,PERMISSIVE,NOT_REVIEWED,f8a45f88-ec55-4c05-9218-1e828ef4406e,31f5afe1-673d-4f25-b9fc-0172b5a4d8bd,ad705c59-6893-4980-bdbf-0837f1823cc4
871,is-glob,4.0.1,Transitive Dependency,MIT License,PERMISSIVE,NOT_REVIEWED,405afd31-f732-46c4-9c0c-0672a1fb1dcd,bab48a23-61e6-435d-b027-0e2cba2edad9,ad705c59-6893-4980-bdbf-0837f1823cc4
872,is-module,1.0.0,Transitive Dependency,MIT License,PERMISSIVE,NOT_REVIEWED,bdee68c5-c2cd-4d6e-8469-105753cce059,7b389278-622b-4ee7-b686-ab2fed9575f9,ad705c59-6893-4980-bdbf-0837f1823cc4
873,is-number,7.0.0,Transitive Dependency,MIT License,PERMISSIVE,NOT_REVIEWED,464f1ad5-5e53-4827-aea5-78b651105f4d,b06dfc37-9482-41f2-bb94-6f22b4b8dc40,ad705c59-6893-4980-bdbf-0837f1823cc4
874,is-reference,v1.1.4,Transitive Dependency,MIT License,PERMISSIVE,NOT_REVIEWED,d1bb5611-f721-4178-b01c-46e046e027ce,99fe11f6-bad4-408c-8b43-1b2c63e46326,ad705c59-6893-4980-bdbf-0837f1823cc4
875,is-stream,v2.0.0,Transitive Dependency,MIT License,PERMISSIVE,NOT_REVIEWED,b587a2b0-a85e-403f-bcfd-ff03a49779af,d1dae75c-4d44-4f67-bedd-ccffe74d08a8,ad705c59-6893-4980-bdbf-0837f1823cc4
876,isaacs/once,1.4.0,Transitive Dependency,ISC License,PERMISSIVE,NOT_REVIEWED,a7fabb15-7ef2-4d0b-886f-4910b22076c3,3d55bdee-4a21-4564-a945-be545f62532e,14b0b50b-acd2-4fc8-ac65-3b15f9e58260
877,isaacs_node-tar,v6.0.1,Transitive Dependency,ISC License,PERMISSIVE,NOT_REVIEWED,76fdd28b-3699-4874-8487-07334d337826,73c29349-93dc-4b84-9bd7-2d6355cc4389,14b0b50b-acd2-4fc8-ac65-3b15f9e58260
878,isarray,1.0.0,Transitive Dependency,MIT License,PERMISSIVE,NOT_REVIEWED,69e0c288-eb3b-4f1c-aef8-69b003dbeece,0ec1c2bf-655e-4015-98d2-803a128a12ea,ad705c59-6893-4980-bdbf-0837f1823cc4
879,isexe,2.0.0,Transitive Dependency,ISC License,PERMISSIVE,NOT_REVIEWED,3eccd11b-b6b1-40a6-a4ad-0c6f6d8f403d,b3472695-668e-4d1b-ae10-79cea52ab922,14b0b50b-acd2-4fc8-ac65-3b15f9e58260
880,istack common utility code runtime,3.0.12,Direct Dependency,Eclipse Distribution License - v 1.0,PERMISSIVE,NOT_REVIEWED,de5dd7b9-a257-4302-8ec8-796d438e4aa9,9996038a-6054-476f-9f46-aff3285251f9,f6eccc87-62ff-4ffd-9fa7-763d1a436125
881,j2objc - Java to IOS,3.0.0,Direct Dependency,Apache License 2.0,PERMISSIVE,NOT_REVIEWED,19b828de-583f-4919-9492-c356603985e1,660f9efe-f9be-4469-a4a0-cd8ce94b70c5,7cae335f-1193-421e-92f1-8802b4243e93
882,j2objc - Java to IOS,3.1,Direct Dependency,Apache License 2.0,PERMISSIVE,NOT_REVIEWED,19b828de-583f-4919-9492-c356603985e1,b268945b-e6e9-428a-b1f5-c99b0c9d31ce,7cae335f-1193-421e-92f1-8802b4243e93
883,jackson-annotations,2.21,Direct Dependency,Apache License 2.0,PERMISSIVE,NOT_REVIEWED,d5b90213-52f8-4429-b3c7-ed582af929d2,3fe8426d-3814-4d68-b9f0-e24ff4e3a0be,7cae335f-1193-421e-92f1-8802b4243e93
884,jackson-annotations,2.22,Direct Dependency,Apache License 2.0,PERMISSIVE,NOT_REVIEWED,d5b90213-52f8-4429-b3c7-ed582af929d2,d9510484-06bc-445a-9425-d0a50a26122c,7cae335f-1193-421e-92f1-8802b4243e93
885,jackson-core,1.9.14-atlassian-6,Direct Dependency,(GNU Lesser General Public License v2.1 or later OR Apache License 2.0),"PERMISSIVE,WEAK_RECIPROCAL",NOT_REVIEWED,4c08d575-40e5-4778-acd6-b76230f3a895,8176df46-d301-4cb9-a771-0aa5a80d32ba,"7cae335f-1193-421e-92f1-8802b4243e93,cff110eb-f85c-445c-9d3b-00a04b7f4cf0"
886,jackson-core,2.21.6,Direct Dependency,Apache License 2.0,PERMISSIVE,NOT_REVIEWED,4c08d575-40e5-4778-acd6-b76230f3a895,438ec01a-47cb-427a-a73a-1f807a04a6e4,7cae335f-1193-421e-92f1-8802b4243e93
887,jackson-core,2.22.3,Direct Dependency,Apache License 2.0,PERMISSIVE,NOT_REVIEWED,4c08d575-40e5-4778-acd6-b76230f3a895,557cfd83-e7a1-4055-86c6-79deeeae6f18,7cae335f-1193-421e-92f1-8802b4243e93
888,jackson-databind,2.21.6,Direct Dependency,Apache License 2.0,PERMISSIVE,NOT_REVIEWED,ce7ad18a-6e02-4565-a51c-4fc2c5bc7c47,0284f997-72c8-43ef-bf04-57bcc7c03f10,7cae335f-1193-421e-92f1-8802b4243e93
889,jackson-databind,2.22.3,Direct Dependency,Apache License 2.0,PERMISSIVE,NOT_REVIEWED,ce7ad18a-6e02-4565-a51c-4fc2c5bc7c47,70c203c7-9571-4659-ad6b-3311e02b9143,7cae335f-1193-421e-92f1-8802b4243e93
890,jackson-dataformat-binary,2.22.3,Direct Dependency,Apache License 2.0,PERMISSIVE,NOT_REVIEWED,d216126e-9670-4663-9027-49bc98e24754,ae6ec556-d766-42bf-8188-4ff1e5463db1,7cae335f-1193-421e-92f1-8802b4243e93
891,jackson-dataformat-csv,2.22.3,Direct Dependency,Apache License 2.0,PERMISSIVE,NOT_REVIEWED,9b61106e-aeec-4de8-835b-be842f0c62b6,a084dce2-9cb1-462e-8d34-ed3e927cee36,7cae335f-1193-421e-92f1-8802b4243e93
892,jackson-dataformat-xml,2.22.3,Direct Dependency,Apache License 2.0,PERMISSIVE,NOT_REVIEWED,cf1cb7a7-c423-49fe-8089-d6be5f6f68c9,f1b5e88c-5981-42f9-8742-b1e19568fef0,7cae335f-1193-421e-92f1-8802b4243e93
893,jackson-modules-java8,2.22.3,Direct Dependency,Apache License 2.0,PERMISSIVE,NOT_REVIEWED,93477a6b-05b7-4f6f-a576-818aba23378f,2d119aeb-0433-4ed1-bc8c-5eeafd81d38f,7cae335f-1193-421e-92f1-8802b4243e93
894,jakartaee/rest,2.1.6,Direct Dependency,Eclipse Public License 2.0,WEAK_RECIPROCAL,NOT_REVIEWED,7a65fa3f-2d7b-49d2-9878-c3b299bc7df5,352174ca-96a4-46a1-a97d-a134eddd6a47,8f64c451-7777-4762-903b-605797caef38
895,jakartaeevalidation,2.0.1,Direct Dependency,Apache License 2.0,PERMISSIVE,NOT_REVIEWED,7cd5265c-4925-4b4c-a539-fbc89713c9cb,8efcb1c2-f8c2-452d-8523-7bc30ee0f1d1,7cae335f-1193-421e-92f1-8802b4243e93
896,jakartaeevalidation,2.0.2,Direct Dependency,Apache License 2.0,PERMISSIVE,NOT_REVIEWED,7cd5265c-4925-4b4c-a539-fbc89713c9cb,9d9f0744-6beb-4360-8189-d0baf0730ec2,7cae335f-1193-421e-92f1-8802b4243e93
897,javapoet,0.19.0,Direct Dependency,Apache License 2.0,PERMISSIVE,NOT_REVIEWED,00ae197b-f6ba-492e-9780-d86d4043996c,8acd8b42-288d-47f0-8b44-c7ecbde1dd15,7cae335f-1193-421e-92f1-8802b4243e93
898,jbcrypt,0.4,Direct Dependency,ISC License,PERMISSIVE,NOT_REVIEWED,0e605e55-53f9-475e-8b41-ea157d93ebd2,397e90b8-134b-42bb-a0f5-19e0675ab52d,14b0b50b-acd2-4fc8-ac65-3b15f9e58260
899,jersey-container-servlet,2.46,Direct Dependency,"(GNU General Public License v2.0 w/Classpath exception OR MIT License OR BSD 2-clause ""Simplified"" License OR Eclipse Distribution License - v 1.0 OR Apache License 2.0 OR BSD 3-clause ""New"" or ""Revised"" License OR Public Domain OR Eclipse Public License 2.0 OR W3C Software Notice and License (2002-12-31))","PERMISSIVE,WEAK_RECIPROCAL,RECIPROCAL",NOT_REVIEWED,4578b9ad-e5e6-477b-b7d1-0505bea31deb,386eb631-8461-4042-986c-d4edbc724027,"3d238144-44e6-450e-b523-3defbdaed9dc,d26bcb7d-5bc8-4f05-8942-a3a42728a2e4,cc875133-df38-4806-9921-473e0ef01a87,ad705c59-6893-4980-bdbf-0837f1823cc4,f6eccc87-62ff-4ffd-9fa7-763d1a436125,9b7eb3ce-d64b-4e3e-a6b7-55d4dc798e68,7cae335f-1193-421e-92f1-8802b4243e93,a867fb4a-940d-4140-9d05-46d8a28508d1,8f64c451-7777-4762-903b-605797caef38"
900,jersey-container-servlet-core,2.46,Direct Dependency,"(GNU General Public License v2.0 w/Classpath exception OR MIT License OR BSD 2-clause ""Simplified"" License OR Eclipse Distribution License - v 1.0 OR Apache License 2.0 OR BSD 3-clause ""New"" or ""Revised"" License OR Public Domain OR Eclipse Public License 2.0 OR W3C Software Notice and License (2002-12-31))","PERMISSIVE,WEAK_RECIPROCAL,RECIPROCAL",NOT_REVIEWED,48844134-4af4-422e-a84d-ce6b0b9172c8,7cf2d287-c36f-4f49-8525-3692503d7e35,"3d238144-44e6-450e-b523-3defbdaed9dc,d26bcb7d-5bc8-4f05-8942-a3a42728a2e4,cc875133-df38-4806-9921-473e0ef01a87,ad705c59-6893-4980-bdbf-0837f1823cc4,f6eccc87-62ff-4ffd-9fa7-763d1a436125,9b7eb3ce-d64b-4e3e-a6b7-55d4dc798e68,7cae335f-1193-421e-92f1-8802b4243e93,a867fb4a-940d-4140-9d05-46d8a28508d1,8f64c451-7777-4762-903b-605797caef38"
901,jersey-core-server,2.46,Direct Dependency,"(GNU General Public License v2.0 w/Classpath exception OR MIT License OR BSD 2-clause ""Simplified"" License OR Eclipse Distribution License - v 1.0 OR Apache License 2.0 OR BSD 3-clause ""New"" or ""Revised"" License OR Public Domain OR Eclipse Public License 2.0 OR W3C Software Notice and License (2002-12-31))","PERMISSIVE,WEAK_RECIPROCAL,RECIPROCAL",NOT_REVIEWED,a7e3d1f8-dbb6-480d-82c4-7a8f347f8ecb,53b4f18e-e8e7-4b77-b60c-28a9b7b189ad,"3d238144-44e6-450e-b523-3defbdaed9dc,d26bcb7d-5bc8-4f05-8942-a3a42728a2e4,cc875133-df38-4806-9921-473e0ef01a87,ad705c59-6893-4980-bdbf-0837f1823cc4,f6eccc87-62ff-4ffd-9fa7-763d1a436125,9b7eb3ce-d64b-4e3e-a6b7-55d4dc798e68,7cae335f-1193-421e-92f1-8802b4243e93,a867fb4a-940d-4140-9d05-46d8a28508d1,8f64c451-7777-4762-903b-605797caef38"
902,jest-worker,24.9.0,Transitive Dependency,MIT License,PERMISSIVE,NOT_REVIEWED,2b172474-b6ca-4d44-a03f-89905c777d6b,179d8941-5e49-47e4-8da1-d9fdbee931ae,ad705c59-6893-4980-bdbf-0837f1823cc4
903,jmespath-go-jmespath,v0.4.0,Transitive Dependency,Apache License 2.0,PERMISSIVE,NOT_REVIEWED,2497aa3b-ab1b-44b1-a6d1-438a7a8159c5,dcb38bf6-a47c-48e9-8126-61db0b2fa31b,7cae335f-1193-421e-92f1-8802b4243e93
904,jnr-a64asm,1.0.0,Direct Dependency,Apache License 2.0,PERMISSIVE,NOT_REVIEWED,cb91fdbe-4c5c-4a76-8b95-129e4508e503,f3e37eae-e03f-4b17-bb71-d8a4affbc91c,7cae335f-1193-421e-92f1-8802b4243e93
905,jnr-x86asm,1.0.2,Direct Dependency,MIT License,PERMISSIVE,NOT_REVIEWED,55fc661a-a40a-4121-937b-85ff345d279d,1d583ca4-ee0b-4ff4-8bd9-7065714a1e0a,ad705c59-6893-4980-bdbf-0837f1823cc4
906,jpillora-backoff,1.0.0,Transitive Dependency,MIT License,PERMISSIVE,NOT_REVIEWED,178f810d-2a71-4c81-b663-39ee1ad12f75,4397de98-68ce-4311-87df-7754c69df382,ad705c59-6893-4980-bdbf-0837f1823cc4
907,js-beautify,1.14.3,Direct Dependency,MIT License,PERMISSIVE,NOT_REVIEWED,f6c06c1a-f3ee-48f0-8aa5-c2762cae0555,7ce4d476-54fe-40d1-a64c-733f1704c4fd,ad705c59-6893-4980-bdbf-0837f1823cc4
908,js-tokens,4.0.0,Transitive Dependency,MIT License,PERMISSIVE,NOT_REVIEWED,31020f5f-3a29-41fc-94dc-cf401ac34d39,64276130-2408-40e8-85d3-515dc1003dca,ad705c59-6893-4980-bdbf-0837f1823cc4
909,js-yaml,3.14.1,Transitive Dependency,MIT License,PERMISSIVE,NOT_REVIEWED,a8c1201e-b916-4252-8d6f-8115b179cb0e,10980abf-bc10-4de0-bdfd-38c7619ec36d,ad705c59-6893-4980-bdbf-0837f1823cc4
910,jsesc,0.5.0,Transitive Dependency,MIT License,PERMISSIVE,NOT_REVIEWED,6d686390-ef7b-4aad-b3d9-fe390486e97b,be4e0e5f-fa35-41b0-b7df-d14ec7fd7956,ad705c59-6893-4980-bdbf-0837f1823cc4
911,jsesc,v2.5.2,Transitive Dependency,MIT License,PERMISSIVE,NOT_REVIEWED,6d686390-ef7b-4aad-b3d9-fe390486e97b,6e68e964-0b8d-45ab-943f-4978d3432e8c,ad705c59-6893-4980-bdbf-0837f1823cc4
912,json-buffer,3.0.1,Transitive Dependency,MIT License,PERMISSIVE,NOT_REVIEWED,6c40bfb7-be18-4d93-abdd-1a6b56d102f2,d6e58d8c-9ebb-4ea9-8d9a-2e0484f41d27,ad705c59-6893-4980-bdbf-0837f1823cc4
913,json-parse-better-errors,1.0.2,Transitive Dependency,MIT License,PERMISSIVE,NOT_REVIEWED,3e59fd8a-ef6e-4276-b4c7-57f3c3b574c7,6be43238-47f1-451b-9e6b-7895f77c7c2d,ad705c59-6893-4980-bdbf-0837f1823cc4
914,json-schema-traverse,0.4.1,Transitive Dependency,MIT License,PERMISSIVE,NOT_REVIEWED,e74ac44e-e13d-4ddb-a929-cdc8f5ced82f,f231b5e1-0b2a-4f49-bd9c-b45bc9fa68c0,ad705c59-6893-4980-bdbf-0837f1823cc4
915,json-schema-traverse,1.0.0,Transitive Dependency,MIT License,PERMISSIVE,NOT_REVIEWED,e74ac44e-e13d-4ddb-a929-cdc8f5ced82f,924e2e02-8175-46f2-b236-2f0e0bfcba7a,ad705c59-6893-4980-bdbf-0837f1823cc4
916,json-smart,2.6.0,Direct Dependency,Apache License 2.0,PERMISSIVE,NOT_REVIEWED,ae37e408-4fec-4624-9a19-d16a0f56bd11,c75ebd4a-79ca-4e33-960d-7e2ef39cfde6,7cae335f-1193-421e-92f1-8802b4243e93
917,json5,2.1.3,Transitive Dependency,MIT License,PERMISSIVE,NOT_REVIEWED,f51003ef-632b-483e-ad08-c499934a9edc,a8ac8b2e-8a25-4aca-9b93-9d3478be05d8,ad705c59-6893-4980-bdbf-0837f1823cc4
918,jsoniter-go,v1.1.12,Transitive Dependency,MIT License,PERMISSIVE,NOT_REVIEWED,7773904d-6f03-42e5-9ce5-3ef396562e35,09b8a499-cf56-4399-b387-6972c1cfcf44,ad705c59-6893-4980-bdbf-0837f1823cc4
919,julienschmidt/httprouter,v1.3.0,Transitive Dependency,"BSD 3-clause ""New"" or ""Revised"" License",PERMISSIVE,NOT_REVIEWED,b9fd59e4-d4e0-4bd1-b225-6425055abb7e,40050ddc-d2ae-4804-b5ec-18cb3d269aec,3d238144-44e6-450e-b523-3defbdaed9dc
920,kaml,0.104.0,Direct Dependency,Apache License 2.0,PERMISSIVE,NOT_REVIEWED,f904e9e4-96d4-41e4-9b43-a253986ce170,08efd29f-d07a-482a-97ef-df5074a330b4,7cae335f-1193-421e-92f1-8802b4243e93
921,keybase/go-keychain,v0.0.1,Transitive Dependency,MIT License,PERMISSIVE,NOT_REVIEWED,959f6048-b06b-43ff-b042-13d35c102cbf,5c4d5d5c-a637-48fe-8905-eaa3378e31a6,ad705c59-6893-4980-bdbf-0837f1823cc4
922,keyv,4.0.0,Transitive Dependency,MIT License,PERMISSIVE,NOT_REVIEWED,b02b3c2a-afe6-4d54-8715-b87d46709858,2a71b57e-a002-4b27-87a1-836706170323,ad705c59-6893-4980-bdbf-0837f1823cc4
923,klauspost-compress,v1.19.1,Transitive Dependency,"BSD 3-clause ""New"" or ""Revised"" License",PERMISSIVE,NOT_REVIEWED,84c00881-4da6-4b06-b722-1277dc503364,9284e34c-570a-4b3e-974c-828c8271da04,3d238144-44e6-450e-b523-3defbdaed9dc
924,kotlin-reflect,2.3.20,Direct Dependency,Apache License 2.0,PERMISSIVE,NOT_REVIEWED,bbe44ca0-89f6-498a-b307-20a6061a3724,b524a74d-68b0-40cb-aa28-b6aabab80641,7cae335f-1193-421e-92f1-8802b4243e93
925,kotlin-script-runtime,2.3.20,Direct Dependency,Apache License 2.0,PERMISSIVE,NOT_REVIEWED,187e565c-c555-4f31-a6ad-376bfc1ab0cd,ed263bc3-c3a7-463e-a08a-c0fa31da9a43,7cae335f-1193-421e-92f1-8802b4243e93
926,kotlin-stdlib-common,1.8.0,Direct Dependency,Apache License 2.0,PERMISSIVE,NOT_REVIEWED,16459ffd-c8db-4bc7-8c93-df0da1a9808f,aa36ba2d-1863-410e-9f19-4bc7372a270e,7cae335f-1193-421e-92f1-8802b4243e93
927,kotlinx-datetime,0.8.0-0.6.x-compat,Direct Dependency,Apache License 2.0,PERMISSIVE,NOT_REVIEWED,a566e6bd-3fe8-4e26-bba0-7b20c751f86b,9949c937-f8b1-49c7-81f8-9adb05816f35,7cae335f-1193-421e-92f1-8802b4243e93
928,kotlinx-serialization-core,1.11.0,Direct Dependency,Apache License 2.0,PERMISSIVE,NOT_REVIEWED,18f93ad0-c4d6-44f3-ad11-14c389ccff19,2bfc27a2-ca61-45a2-a3c8-816c4eb4fc08,7cae335f-1193-421e-92f1-8802b4243e93
929,kotlinxcoroutines,1.11.0,Direct Dependency,Apache License 2.0,PERMISSIVE,NOT_REVIEWED,a73a0472-e497-4877-b847-ad42d42d5ba3,5b753efb-3962-49ef-91d6-87169a9ab67e,7cae335f-1193-421e-92f1-8802b4243e93
930,kr/pretty,v0.3.1,Transitive Dependency,MIT License,PERMISSIVE,NOT_REVIEWED,9745a8b0-0057-4765-879b-95a1406b28c0,24c4176b-52b7-43b6-8f5f-5990bc868b5c,ad705c59-6893-4980-bdbf-0837f1823cc4
931,leven,3.1.0,Transitive Dependency,MIT License,PERMISSIVE,NOT_REVIEWED,0807607d-36c1-4dbd-b257-3e59774952aa,75632ea4-0047-4f53-ba29-ee068d1926a9,ad705c59-6893-4980-bdbf-0837f1823cc4
932,levenary,1.1.1,Transitive Dependency,MIT License,PERMISSIVE,NOT_REVIEWED,7c6698a3-d6a0-43d5-87ad-3b164d1f975b,975bd218-e1e6-4fb1-a0ba-435be992dbd6,ad705c59-6893-4980-bdbf-0837f1823cc4
933,levn,0.4.1,Transitive Dependency,MIT License,PERMISSIVE,NOT_REVIEWED,15e06d30-55ae-461a-adaa-a1bfb6c7c02d,66a91287-3069-4b7c-af2f-304e01f25c81,ad705c59-6893-4980-bdbf-0837f1823cc4
934,lib/pq,v1.12.0,Transitive Dependency,MIT License,PERMISSIVE,NOT_REVIEWED,4af0a345-7c20-4993-804c-e546946f1c0b,88d4b7ea-4f2d-4814-8927-a2901ac6fcc4,ad705c59-6893-4980-bdbf-0837f1823cc4
935,lines-and-columns,1.1.6,Transitive Dependency,MIT License,PERMISSIVE,NOT_REVIEWED,ee3df0a8-db95-4ba5-8520-4553bf923ac0,c6353bbe-b35d-45f5-a6c5-47fc417fad0a,ad705c59-6893-4980-bdbf-0837f1823cc4
936,ljharb/object.assign,4.1.0,Transitive Dependency,MIT License,PERMISSIVE,NOT_REVIEWED,23b9db09-7d9a-437a-a2b5-fc82b8787234,acc33b11-ee14-4c5f-b50d-1474e66327ee,ad705c59-6893-4980-bdbf-0837f1823cc4
937,locate-path,2.0.0,Transitive Dependency,MIT License,PERMISSIVE,NOT_REVIEWED,0107da38-94a9-4160-91c0-ddc6d98a9c77,6e284675-1f93-4051-9d29-49d42fc68a6d,ad705c59-6893-4980-bdbf-0837f1823cc4
938,lodash.clonedeep,4.5.0,Transitive Dependency,MIT License,PERMISSIVE,NOT_REVIEWED,5e256344-3615-4261-8582-9d564b806756,4a55961d-373b-4c79-b480-1fca9104a5f7,ad705c59-6893-4980-bdbf-0837f1823cc4
939,lodash.merge,4.6.2,Transitive Dependency,MIT License,PERMISSIVE,NOT_REVIEWED,96fad490-a95e-4239-8138-211e37669122,90998f71-5c8e-4ed8-b8be-ba8fa844190e,ad705c59-6893-4980-bdbf-0837f1823cc4
940,lodash.truncate,4.4.2,Transitive Dependency,MIT License,PERMISSIVE,NOT_REVIEWED,0625aeb3-f444-45e7-b022-0b77d2b76ac2,d42348d6-5f40-44d2-bdec-57f4e1b53812,ad705c59-6893-4980-bdbf-0837f1823cc4
941,log-symbols,2.2.0,Transitive Dependency,MIT License,PERMISSIVE,NOT_REVIEWED,3c69fb7d-1a4f-4073-a8d0-306d173c7b42,fabde9e8-c81f-449e-a869-919ca4e16bea,ad705c59-6893-4980-bdbf-0837f1823cc4
942,loose-envify,1.4.0,Transitive Dependency,MIT License,PERMISSIVE,NOT_REVIEWED,9f016a85-9725-46a6-a8c6-bb6df6423462,4d14a963-d742-44cf-b75d-db830f44db25,ad705c59-6893-4980-bdbf-0837f1823cc4
943,lowercase-keys,2.0.0,Transitive Dependency,MIT License,PERMISSIVE,NOT_REVIEWED,e1cfa33d-9c95-4bf5-a1a3-77947aa2432f,f11ee00f-978d-419a-b9b1-06e19d3769eb,ad705c59-6893-4980-bdbf-0837f1823cc4
944,lyft/protoc-gen-star,v2.0.4,Transitive Dependency,Apache License 2.0,PERMISSIVE,NOT_REVIEWED,83452bdf-6fb0-4ac9-87a6-f39bf2950d8e,44bc9e4c-ac42-4315-9f85-c3b170b808e3,7cae335f-1193-421e-92f1-8802b4243e93
945,mafintosh/pump,3.0.0,Transitive Dependency,MIT License,PERMISSIVE,NOT_REVIEWED,57194207-0e37-49ef-9fd5-6b1a9ebc693b,f9b93d7c-e4c4-4401-a2fd-9750d01b59cc,ad705c59-6893-4980-bdbf-0837f1823cc4
946,magic-string,0.25.7,Transitive Dependency,MIT License,PERMISSIVE,NOT_REVIEWED,a740c914-e6fd-4815-916e-a3d10b69327e,4c1abc48-8a5d-4ef4-a076-305c2c4477fb,ad705c59-6893-4980-bdbf-0837f1823cc4
947,martian,v3.3.3,Transitive Dependency,Apache License 2.0,PERMISSIVE,NOT_REVIEWED,75b49a4f-4d12-43f6-bc47-f1a034fada83,49871f05-ab90-44fe-b281-9db79641dbc4,7cae335f-1193-421e-92f1-8802b4243e93
948,mathiasbynens/regenerate,1.4.0,Transitive Dependency,MIT License,PERMISSIVE,NOT_REVIEWED,b25a03d8-d7e9-4694-ae88-d6e4c5748718,c6040108-613d-4c6d-9077-1c11da8a3e21,ad705c59-6893-4980-bdbf-0837f1823cc4
949,mbknor-jackson-jsonSchema,1.0.39,Direct Dependency,MIT License,PERMISSIVE,NOT_REVIEWED,9c270235-3ebc-4013-a17b-6c5e8e3589a1,571d1a86-e39a-4461-bd6c-1b1f61f33e32,ad705c59-6893-4980-bdbf-0837f1823cc4
950,memory-fs,0.5.0,Transitive Dependency,MIT License,PERMISSIVE,NOT_REVIEWED,c7d342e7-8b33-4387-ab7c-ef8c84f459a3,eae2f96d-f108-490b-b756-a4ddcc57954e,ad705c59-6893-4980-bdbf-0837f1823cc4
951,micromatch,4.0.2,Transitive Dependency,MIT License,PERMISSIVE,NOT_REVIEWED,fc0a76fe-70a4-4afa-9a94-c3c22d63454f,fabaabb9-3b9a-4b5f-850a-39fe84c4cfc4,ad705c59-6893-4980-bdbf-0837f1823cc4
952,micromatch/braces,3.0.2,Transitive Dependency,MIT License,PERMISSIVE,NOT_REVIEWED,34b0d62d-0d29-4007-8673-b94e1d8ee5d9,8e3ea368-37d1-4eea-adcb-6fd6540da0dd,ad705c59-6893-4980-bdbf-0837f1823cc4
953,mimic-fn,1.2.0,Transitive Dependency,MIT License,PERMISSIVE,NOT_REVIEWED,db261876-5219-4766-923c-0da5956c8428,39a6aeb4-aa7e-4ea3-9a7b-59c93b11ad3e,ad705c59-6893-4980-bdbf-0837f1823cc4
954,mimic-response,1.0.1,Transitive Dependency,MIT License,PERMISSIVE,NOT_REVIEWED,b54c04b2-9dd3-44fb-98de-2122a84413de,76a7c522-4e4a-4b92-aca0-1ee7c0b4e8b7,ad705c59-6893-4980-bdbf-0837f1823cc4
955,mimic-response,2.1.0,Transitive Dependency,MIT License,PERMISSIVE,NOT_REVIEWED,b54c04b2-9dd3-44fb-98de-2122a84413de,fef4221e-3e31-4b15-81a7-d925b806e779,ad705c59-6893-4980-bdbf-0837f1823cc4
956,minimal-json,0.9.5,Direct Dependency,MIT License,PERMISSIVE,NOT_REVIEWED,4685134d-d594-46bf-9015-430b277636e6,56e67cb6-2c60-401f-9436-68252ddc45a9,ad705c59-6893-4980-bdbf-0837f1823cc4
957,minimatch,9.0.9,Transitive Dependency,ISC License,PERMISSIVE,NOT_REVIEWED,213461e4-29a5-4b35-b33c-d7f122dffd1f,01e1f866-3572-4698-8927-72cb8764dafa,14b0b50b-acd2-4fc8-ac65-3b15f9e58260
958,minimist,1.2.5,Transitive Dependency,MIT License,PERMISSIVE,NOT_REVIEWED,5c9476fd-5f82-4a31-bb81-e549abf8cec0,42941d69-9e66-456f-ba5d-8f2a6ae66bc5,ad705c59-6893-4980-bdbf-0837f1823cc4
959,minipass,v3.1.1,Transitive Dependency,ISC License,PERMISSIVE,NOT_REVIEWED,729316f3-2b21-48b3-a4ce-9138123744bd,54e8ea6d-c99f-4d33-92aa-539294cfd8e3,14b0b50b-acd2-4fc8-ac65-3b15f9e58260
960,minipass-collect,1.0.2,Transitive Dependency,ISC License,PERMISSIVE,NOT_REVIEWED,97e848fe-64bf-486b-8cc6-62733ac4af30,61648b54-388f-446e-a802-985e3a6e1812,14b0b50b-acd2-4fc8-ac65-3b15f9e58260
961,minipass-flush,1.0.5,Transitive Dependency,ISC License,PERMISSIVE,NOT_REVIEWED,5fcb45d8-92e3-4211-87b3-83370742d735,7288299c-d6de-423f-a656-87ec0349f3a6,14b0b50b-acd2-4fc8-ac65-3b15f9e58260
962,minipass-pipeline,1.2.2,Transitive Dependency,ISC License,PERMISSIVE,NOT_REVIEWED,b9482c46-08a1-4cf0-b395-9d86162301ae,2fa9f2bb-c2b4-4be7-ab71-65cd159912bc,14b0b50b-acd2-4fc8-ac65-3b15f9e58260
963,minizlib,v2.1.0,Transitive Dependency,MIT License,PERMISSIVE,NOT_REVIEWED,7825b697-143b-4eac-bdcb-1e3b2265c20b,3cf0f3a9-3559-4d20-887f-3a4ff1a1d97c,ad705c59-6893-4980-bdbf-0837f1823cc4
964,modern-go/concurrent,20180305-snapshot-bacd9c7e,Transitive Dependency,Apache License 2.0,PERMISSIVE,NOT_REVIEWED,1cbdd692-7a70-40b6-b291-bf181039f387,7b5f6066-9cec-4618-9ca3-4ce3a3d4fa49,7cae335f-1193-421e-92f1-8802b4243e93
965,modern-go/reflect2,v1.0.2,Transitive Dependency,Apache License 2.0,PERMISSIVE,NOT_REVIEWED,78acd48b-3cf3-499d-841b-1fefe4a6ff4a,98674acf-61fb-4d17-8d9d-6960cb6f7cbe,7cae335f-1193-421e-92f1-8802b4243e93
966,move-concurrently,1.0.1,Transitive Dependency,ISC License,PERMISSIVE,NOT_REVIEWED,c489892a-80a5-4d9e-bec4-fa8dac576d25,f661c97c-58f9-4a63-b5a4-24aa6fed75c6,14b0b50b-acd2-4fc8-ac65-3b15f9e58260
967,moxystudio/node-cross-spawn,7.0.3,Transitive Dependency,MIT License,PERMISSIVE,NOT_REVIEWED,6b0542e2-2b8b-4de5-8e68-a7d3345acc3c,8f2e5367-c7a3-4a53-8eee-8f037b4c65b3,ad705c59-6893-4980-bdbf-0837f1823cc4
968,ms.js,2.1.2,Transitive Dependency,MIT License,PERMISSIVE,NOT_REVIEWED,36cb81b8-10ef-4223-ac3e-1ad33244d3fa,919ff8d8-c4b0-4c45-b134-8b2f7fa18865,ad705c59-6893-4980-bdbf-0837f1823cc4
969,msal4j,1.26.0,Direct Dependency,MIT License,PERMISSIVE,NOT_REVIEWED,27769567-a4d8-4330-9956-723033636500,6b1a9b54-0535-40d0-94de-0ec24bc83518,ad705c59-6893-4980-bdbf-0837f1823cc4
970,msal4j-persistence-extension,1.3.0,Direct Dependency,MIT License,PERMISSIVE,NOT_REVIEWED,575477a9-e131-4816-9c46-49260b039e9c,7ebad048-efac-4b42-a30f-a820b28ca75a,ad705c59-6893-4980-bdbf-0837f1823cc4
971,msgpack-core,0.9.12,Direct Dependency,Apache License 2.0,PERMISSIVE,NOT_REVIEWED,ee52babc-d5d9-4148-af37-60c1abfe8aff,09978a8b-1a8e-4e00-9079-8a8d582c9197,7cae335f-1193-421e-92f1-8802b4243e93
972,msgpack-python,1.2.1,Direct Dependency,Apache License 2.0,PERMISSIVE,NOT_REVIEWED,005e8667-c0c3-408d-b258-f47484874226,7c38b5cf-35a7-4792-a09c-5a255feeb102,7cae335f-1193-421e-92f1-8802b4243e93
973,mwitkow/go-conntrack,20190716-snapshot-2f068394,Transitive Dependency,Apache License 2.0,PERMISSIVE,NOT_REVIEWED,9992ac64-95b6-415c-8d99-9849bc4a1072,feaed800-7a77-4c82-948c-1f77c12fa4dc,7cae335f-1193-421e-92f1-8802b4243e93
974,natsort,8.4.0,Direct Dependency,MIT License,PERMISSIVE,NOT_REVIEWED,c935b0a6-c4ad-449b-bea6-e953ad632518,39ea8983-b8ff-415a-9398-f1eddb9a3b31,ad705c59-6893-4980-bdbf-0837f1823cc4
975,natural-compare,1.4.0,Transitive Dependency,MIT License,PERMISSIVE,NOT_REVIEWED,6724750e-4ff6-4a11-8fac-db072eeb62df,0200c923-001f-47e7-851d-0eae89ecd45d,ad705c59-6893-4980-bdbf-0837f1823cc4
976,nessie-model,0.108.8,Direct Dependency,Apache License 2.0,PERMISSIVE,NOT_REVIEWED,f2731615-f7c5-40a1-8a16-c15699d1337d,34ae1b68-cfd0-468a-8a19-fc6edbdd7ee5,7cae335f-1193-421e-92f1-8802b4243e93
977,ngx-clipboard,12.3.1,Direct Dependency,MIT License,PERMISSIVE,NOT_REVIEWED,e8343542-48e4-429f-b9c2-fd1696f136e0,9a4d1573-eb5c-4763-aee5-3033bb31103e,ad705c59-6893-4980-bdbf-0837f1823cc4
978,ngx-window-token,2.0.1,Transitive Dependency,MIT License,PERMISSIVE,NOT_REVIEWED,98819ab6-3ff3-4e5d-97ab-a1d9a40043f8,5873fcf0-af9a-472f-be60-2c67b6b85b22,ad705c59-6893-4980-bdbf-0837f1823cc4
979,node-cachedir,2.3.0,Transitive Dependency,MIT License,PERMISSIVE,NOT_REVIEWED,cc377925-fb64-48e6-be0b-ff4a4bce711f,eb20ddce-6877-4dad-ba2e-f376e2d6c5b5,ad705c59-6893-4980-bdbf-0837f1823cc4
980,node-error-ex,1.3.2,Transitive Dependency,MIT License,PERMISSIVE,NOT_REVIEWED,e1a2b5c2-c17a-4387-8ec7-254b7c825de4,5aa08abf-8fee-4563-a691-63c12de1fb58,ad705c59-6893-4980-bdbf-0837f1823cc4
981,node-glob,7.1.6,Transitive Dependency,ISC License,PERMISSIVE,NOT_REVIEWED,d32f8e55-72b1-4da8-b958-661c525366e6,428e05b4-84b2-4c14-88c8-f58280ed1b5e,14b0b50b-acd2-4fc8-ac65-3b15f9e58260
982,node-graceful-fs,4.2.3,Transitive Dependency,ISC License,PERMISSIVE,NOT_REVIEWED,41b6a08a-2d34-45e2-85db-601cdd98a4b3,87e5122f-8a9c-46ba-9294-85fdf0edf6e3,14b0b50b-acd2-4fc8-ac65-3b15f9e58260
983,node-ignore,4.0.6,Transitive Dependency,MIT License,PERMISSIVE,NOT_REVIEWED,ffde753b-e2b2-4244-9767-0620ede6f5e8,8d7d4228-bd24-4b0c-b445-196d8651494e,ad705c59-6893-4980-bdbf-0837f1823cc4
984,node-lru-cache,4.1.5,Transitive Dependency,ISC License,PERMISSIVE,NOT_REVIEWED,c18bb28a-cb6d-418a-98ee-af360456299f,85bdd9a2-874a-4f9b-9eec-2362f1882e60,14b0b50b-acd2-4fc8-ac65-3b15f9e58260
985,node-lru-cache,5.1.1,Transitive Dependency,ISC License,PERMISSIVE,NOT_REVIEWED,c18bb28a-cb6d-418a-98ee-af360456299f,a2a18be3-ba15-415d-8137-3958878e9af8,14b0b50b-acd2-4fc8-ac65-3b15f9e58260
986,node-mkdirp,0.5.5,Transitive Dependency,MIT License,PERMISSIVE,NOT_REVIEWED,e264bf55-1def-40d7-bd57-661762065c64,316a6a51-e9d0-4f21-903f-1e0cf0101aa5,ad705c59-6893-4980-bdbf-0837f1823cc4
987,node-mkdirp,1.0.4,Transitive Dependency,MIT License,PERMISSIVE,NOT_REVIEWED,e264bf55-1def-40d7-bd57-661762065c64,e54f6fe6-dffa-4c02-a5d3-7e0a1a6ffa58,ad705c59-6893-4980-bdbf-0837f1823cc4
988,node-progress,2.0.3,Transitive Dependency,MIT License,PERMISSIVE,NOT_REVIEWED,b9d3bd2c-f589-4c55-9e3c-9a4306a4ea18,983965c1-03ec-40cb-b1a2-2270e6fdb435,ad705c59-6893-4980-bdbf-0837f1823cc4
989,node-releases,1.1.53,Transitive Dependency,MIT License,PERMISSIVE,NOT_REVIEWED,4a731167-a3f9-4f00-a29c-d30f2738f9b4,41756f61-496d-4b22-a93d-1b461e236a9d,ad705c59-6893-4980-bdbf-0837f1823cc4
990,node-semver ,7.7.4,Transitive Dependency,ISC License,PERMISSIVE,NOT_REVIEWED,a40e1a18-88c2-41ff-bc9c-c323230d6840,8faa9405-083b-44cc-8a2b-435e2b8fcb42,14b0b50b-acd2-4fc8-ac65-3b15f9e58260
991,node-source-map-support,0.5.19,Transitive Dependency,MIT License,PERMISSIVE,NOT_REVIEWED,bc1f1895-3772-473b-8dd8-1043c954af2b,be3a78c0-2fb2-4c07-96bf-d45264bc4b33,ad705c59-6893-4980-bdbf-0837f1823cc4
992,nodeca-argparse,1.0.10,Transitive Dependency,MIT License,PERMISSIVE,NOT_REVIEWED,b2cabbd4-1313-43c0-b67c-551932ed5199,94784f16-7aef-43ec-8a16-a502c9856bc6,ad705c59-6893-4980-bdbf-0837f1823cc4
993,nodejs/string_decoder,1.1.1,Transitive Dependency,MIT License,PERMISSIVE,NOT_REVIEWED,71d21003-58de-4111-a799-c9f47160b7d7,648e56df-dee6-4047-bbd9-87caf1d2c0d9,ad705c59-6893-4980-bdbf-0837f1823cc4
994,nopt,v5.0.0,Transitive Dependency,ISC License,PERMISSIVE,NOT_REVIEWED,ff8a860a-14bd-4322-8b84-9d0ccbc24974,4342c962-c74e-4499-9be8-6ee26f2b9fed,14b0b50b-acd2-4fc8-ac65-3b15f9e58260
995,npm ini,1.3.8,Transitive Dependency,ISC License,PERMISSIVE,NOT_REVIEWED,057d5cea-31c7-463a-b91b-19a9bd413379,375948f0-c8db-4744-95ed-21e57a668ae4,14b0b50b-acd2-4fc8-ac65-3b15f9e58260
996,object-keys,1.1.1,Transitive Dependency,MIT License,PERMISSIVE,NOT_REVIEWED,7ac9bd39-f9f2-4dab-bf7f-d54e3a0a0682,71824473-d1cd-4120-a296-afe003fc15a8,ad705c59-6893-4980-bdbf-0837f1823cc4
997,ocLazyLoad,1.1.0,Direct Dependency,MIT License,PERMISSIVE,NOT_REVIEWED,38c0587b-3c46-4ebd-be72-9a45a510f6d6,82fe224a-edec-480f-aaae-42e30e7492ce,ad705c59-6893-4980-bdbf-0837f1823cc4
998,okhttp,5.5.0,Direct Dependency,Apache License 2.0,PERMISSIVE,NOT_REVIEWED,3c15104f-de77-42ea-a116-9e7c52d7b699,1b97135e-7237-4866-9a25-90032e084c50,7cae335f-1193-421e-92f1-8802b4243e93
999,open-telemetry/opentelemetry-go,exporters/otlp/otlpmetric/otlpmetricgrpc/v1.42.0,Transitive Dependency,Apache License 2.0,PERMISSIVE,NOT_REVIEWED,1953faed-d715-4142-887b-a8b77303b8e6,d9bc63a6-b166-4140-82e8-5ec37af99529,7cae335f-1193-421e-92f1-8802b4243e93
1000,open-telemetry/opentelemetry-go,exporters/otlp/otlptrace/otlptracegrpc/v1.42.0,Transitive Dependency,Apache License 2.0,PERMISSIVE,NOT_REVIEWED,1953faed-d715-4142-887b-a8b77303b8e6,956d70f5-7546-4ec2-b31f-a2ff27c5385e,7cae335f-1193-421e-92f1-8802b4243e93
1001,open-telemetry/opentelemetry-go,exporters/otlp/otlptrace/v1.42.0,Transitive Dependency,Apache License 2.0,PERMISSIVE,NOT_REVIEWED,1953faed-d715-4142-887b-a8b77303b8e6,1d050b51-9c0d-41ed-918a-60cf64fb2401,7cae335f-1193-421e-92f1-8802b4243e93
1002,open-telemetry/opentelemetry-go,exporters/stdout/stdoutmetric/v1.44.0,Transitive Dependency,Apache License 2.0,PERMISSIVE,NOT_REVIEWED,1953faed-d715-4142-887b-a8b77303b8e6,85bbffdc-9582-4603-a506-296e85ae0d1a,7cae335f-1193-421e-92f1-8802b4243e93
1003,open-telemetry/opentelemetry-go,log/v1.47.0,Transitive Dependency,Apache License 2.0,PERMISSIVE,NOT_REVIEWED,1953faed-d715-4142-887b-a8b77303b8e6,8e611465-19ce-44fc-ae30-5a2bc174c0d5,7cae335f-1193-421e-92f1-8802b4243e93
1004,open-telemetry/opentelemetry-go,metric/v1.44.0,Transitive Dependency,Apache License 2.0,PERMISSIVE,NOT_REVIEWED,1953faed-d715-4142-887b-a8b77303b8e6,384d7b58-65e6-42a1-86fd-1ccb46de570c,7cae335f-1193-421e-92f1-8802b4243e93
1005,open-telemetry/opentelemetry-go,metric/v1.47.0,Transitive Dependency,Apache License 2.0,PERMISSIVE,NOT_REVIEWED,1953faed-d715-4142-887b-a8b77303b8e6,cf1b25c5-fd13-48d6-9371-985eb9640f41,7cae335f-1193-421e-92f1-8802b4243e93
1006,open-telemetry/opentelemetry-go,metric/x/v0.66.0,Transitive Dependency,Apache License 2.0,PERMISSIVE,NOT_REVIEWED,1953faed-d715-4142-887b-a8b77303b8e6,b055173f-b540-4964-82bd-651c89b4d7b7,7cae335f-1193-421e-92f1-8802b4243e93
1007,open-telemetry/opentelemetry-go,metric/x/v0.69.0,Transitive Dependency,Apache License 2.0,PERMISSIVE,NOT_REVIEWED,1953faed-d715-4142-887b-a8b77303b8e6,e24b4123-f4f1-4558-8415-89f46cb62db3,7cae335f-1193-421e-92f1-8802b4243e93
1008,open-telemetry/opentelemetry-go,sdk/metric/v1.44.0,Transitive Dependency,Apache License 2.0,PERMISSIVE,NOT_REVIEWED,1953faed-d715-4142-887b-a8b77303b8e6,14ce09fb-dad7-41a2-a645-ed5ceae33538,7cae335f-1193-421e-92f1-8802b4243e93
1009,open-telemetry/opentelemetry-go,sdk/metric/v1.47.0,Transitive Dependency,Apache License 2.0,PERMISSIVE,NOT_REVIEWED,1953faed-d715-4142-887b-a8b77303b8e6,47717fec-1b70-4b5d-9070-4de59b824fa1,7cae335f-1193-421e-92f1-8802b4243e93
1010,open-telemetry/opentelemetry-go,sdk/v1.44.0,Transitive Dependency,Apache License 2.0,PERMISSIVE,NOT_REVIEWED,1953faed-d715-4142-887b-a8b77303b8e6,501b83bd-95ab-4989-a555-27507f89b6db,7cae335f-1193-421e-92f1-8802b4243e93
1011,open-telemetry/opentelemetry-go,sdk/v1.47.0,Transitive Dependency,Apache License 2.0,PERMISSIVE,NOT_REVIEWED,1953faed-d715-4142-887b-a8b77303b8e6,cf935403-8399-4c54-8712-697d693bf2da,7cae335f-1193-421e-92f1-8802b4243e93
1012,open-telemetry/opentelemetry-go,trace/v1.44.0,Transitive Dependency,Apache License 2.0,PERMISSIVE,NOT_REVIEWED,1953faed-d715-4142-887b-a8b77303b8e6,c61846fb-29de-4d35-bf30-2f676f796a7b,7cae335f-1193-421e-92f1-8802b4243e93
1013,open-telemetry/opentelemetry-go,trace/v1.47.0,Transitive Dependency,Apache License 2.0,PERMISSIVE,NOT_REVIEWED,1953faed-d715-4142-887b-a8b77303b8e6,9f76efe0-d36c-440c-9d6f-7fd48602f575,7cae335f-1193-421e-92f1-8802b4243e93
1014,open-telemetry/opentelemetry-go,v1.44.0,Transitive Dependency,Apache License 2.0,PERMISSIVE,NOT_REVIEWED,1953faed-d715-4142-887b-a8b77303b8e6,ce7206b1-2c51-45db-a1fc-59142e6ff33a,7cae335f-1193-421e-92f1-8802b4243e93
1015,open-telemetry/opentelemetry-go,v1.47.0,Transitive Dependency,Apache License 2.0,PERMISSIVE,NOT_REVIEWED,1953faed-d715-4142-887b-a8b77303b8e6,1d1f48cf-409b-4de0-9736-3b2dec0a5f77,7cae335f-1193-421e-92f1-8802b4243e93
1016,open-telemetry/opentelemetry-go-contrib,detectors/aws/ec2/v1.38.0,Transitive Dependency,Apache License 2.0,PERMISSIVE,NOT_REVIEWED,a46d3402-e0f0-420c-8e15-b8c8056d5d51,a18ccc6b-4bca-4bab-8985-1f998b32b9b5,7cae335f-1193-421e-92f1-8802b4243e93
1017,open-telemetry/opentelemetry-go-contrib,detectors/gcp/v1.44.0,Transitive Dependency,Apache License 2.0,PERMISSIVE,NOT_REVIEWED,a46d3402-e0f0-420c-8e15-b8c8056d5d51,38f95908-b0e4-42b0-8829-6f44bc20b226,7cae335f-1193-421e-92f1-8802b4243e93
1018,open-telemetry/opentelemetry-go-contrib,instrumentation/google.golang.org/grpc/otelgrpc/v0.67.0,Transitive Dependency,Apache License 2.0,PERMISSIVE,NOT_REVIEWED,a46d3402-e0f0-420c-8e15-b8c8056d5d51,465e4c0d-7316-4450-b089-0d7c4ac6b2d8,7cae335f-1193-421e-92f1-8802b4243e93
1019,open-telemetry/opentelemetry-go-contrib,instrumentation/google.golang.org/grpc/otelgrpc/v0.69.0,Transitive Dependency,Apache License 2.0,PERMISSIVE,NOT_REVIEWED,a46d3402-e0f0-420c-8e15-b8c8056d5d51,14fd3285-c6f1-413a-bea9-9062fcd06474,7cae335f-1193-421e-92f1-8802b4243e93
1020,open-telemetry/opentelemetry-go-contrib,instrumentation/net/http/otelhttp/v0.69.0,Transitive Dependency,Apache License 2.0,PERMISSIVE,NOT_REVIEWED,a46d3402-e0f0-420c-8e15-b8c8056d5d51,c997c84a-ba6f-4481-b829-5771bdb8ed0f,7cae335f-1193-421e-92f1-8802b4243e93
1021,open-telemetry/opentelemetry-go-contrib,propagators/aws/v1.42.0,Transitive Dependency,Apache License 2.0,PERMISSIVE,NOT_REVIEWED,a46d3402-e0f0-420c-8e15-b8c8056d5d51,b7b0a10e-df8f-4bfa-9cf4-d892ca3a9ea7,7cae335f-1193-421e-92f1-8802b4243e93
1022,open-telemetry/opentelemetry-go-instrumentation,sdk/v1.2.1,Transitive Dependency,Apache License 2.0,PERMISSIVE,NOT_REVIEWED,a9de23f7-40a8-4513-8a30-a550ab794b23,257847f1-c2d4-4335-92e2-79eedc31c9cf,7cae335f-1193-421e-92f1-8802b4243e93
1023,opencensus-api,0.31.1,Direct Dependency,Apache License 2.0,PERMISSIVE,NOT_REVIEWED,556543d3-3c81-48cd-b67e-ba8ab60418df,804ede2d-ba04-4e04-bea4-4001152b771c,7cae335f-1193-421e-92f1-8802b4243e93
1024,opencensus-contrib-grpc-metrics,0.31.1,Direct Dependency,Apache License 2.0,PERMISSIVE,NOT_REVIEWED,de57a696-30e1-40fe-8a9c-4a02c825f3ef,5e6d3b7a-de61-4ce4-92c5-df0ed5f5dd36,7cae335f-1193-421e-92f1-8802b4243e93
1025,opencensus-go,v0.24.0,Transitive Dependency,Apache License 2.0,PERMISSIVE,NOT_REVIEWED,7552b064-6e97-4096-b2d0-e9d69edf1a5c,3dea518b-b2ca-4d97-b650-406a59265308,7cae335f-1193-421e-92f1-8802b4243e93
1026,opengeospatial/geoapi,3.0.2,Direct Dependency,W3C Software Notice and License (2002-12-31),PERMISSIVE,NOT_REVIEWED,96d08763-d695-4dd0-aeb7-428b156945cf,06f40341-5a35-4709-8da9-1d182bd2c573,a867fb4a-940d-4140-9d05-46d8a28508d1
1027,optionator,0.9.1,Transitive Dependency,MIT License,PERMISSIVE,NOT_REVIEWED,c5bd6ba0-e308-4493-a7e9-82507b40b213,4f783ca0-d405-4b0d-a0ac-5e95d7dfed38,ad705c59-6893-4980-bdbf-0837f1823cc4
1028,ora,3.4.0,Transitive Dependency,MIT License,PERMISSIVE,NOT_REVIEWED,3a60da75-173c-479d-a81f-bf61b1613370,4a8dbb35-07ad-424c-ae95-250c6d52ee3d,ad705c59-6893-4980-bdbf-0837f1823cc4
1029,org.conscrypt:conscrypt-openjdk-uber,2.6.2,Direct Dependency,Apache License 2.0,PERMISSIVE,NOT_REVIEWED,950651bc-983a-4f3a-aab4-32e3ab47533b,8f1b09dd-6ef9-455e-af66-478c4f4b5df4,7cae335f-1193-421e-92f1-8802b4243e93
1030,org.jetbrains.kotlin:kotlin-scripting-common,2.3.20,Direct Dependency,Apache License 2.0,PERMISSIVE,NOT_REVIEWED,4bb48f1c-bc9a-4a0b-bb03-e3dfa664d9d4,f5d5ecb7-900e-4705-86b3-88abf36e1a7f,7cae335f-1193-421e-92f1-8802b4243e93
1031,org.jetbrains.kotlin:kotlin-scripting-compiler-embeddable,2.3.20,Direct Dependency,Apache License 2.0,PERMISSIVE,NOT_REVIEWED,be19c4c7-012e-46b0-a514-50043d1566db,c1a07df8-c2e8-43c1-9e87-8672d127e26f,7cae335f-1193-421e-92f1-8802b4243e93
1032,org.jetbrains.kotlin:kotlin-scripting-compiler-impl-embeddable,2.3.20,Direct Dependency,Apache License 2.0,PERMISSIVE,NOT_REVIEWED,0d49bf88-4b9e-4c4c-afad-0eec673fec45,f5be81d8-9247-4c3b-a876-1745c873b1d1,7cae335f-1193-421e-92f1-8802b4243e93
1033,org.jetbrains.kotlin:kotlin-scripting-jvm,2.3.20,Direct Dependency,Apache License 2.0,PERMISSIVE,NOT_REVIEWED,7ab8a080-ab1c-4282-85e0-36e5d5450784,50ca54cc-c831-4342-b896-6b8b01436b45,7cae335f-1193-421e-92f1-8802b4243e93
1034,org.jetbrains.kotlin:kotlin-stdlib-jdk7,2.3.20,Direct Dependency,Apache License 2.0,PERMISSIVE,NOT_REVIEWED,3e4fc317-4982-4a0a-a98a-1d5e937b05ac,bc88499e-a6d1-41fa-a704-504b9b88ae6b,7cae335f-1193-421e-92f1-8802b4243e93
1035,org.jetbrains.kotlin:kotlin-stdlib-jdk8,2.3.20,Direct Dependency,Apache License 2.0,PERMISSIVE,NOT_REVIEWED,01443f31-8c0a-40a2-8fbf-213c8e786ca6,d326c6b0-a689-4b3b-b622-32593478f14c,7cae335f-1193-421e-92f1-8802b4243e93
1036,org.locationtech.jts:jts-core,1.20.0,Direct Dependency,(Eclipse Distribution License - v 1.0 OR Eclipse Public License 2.0),"PERMISSIVE,WEAK_RECIPROCAL",NOT_REVIEWED,07965bae-0c48-47af-b3ec-c60c77bb924c,2f5a9da2-a32f-4f2b-b275-dc00faacd6c1,"f6eccc87-62ff-4ffd-9fa7-763d1a436125,8f64c451-7777-4762-903b-605797caef38"
1037,p-cancelable,2.0.0,Transitive Dependency,MIT License,PERMISSIVE,NOT_REVIEWED,66f3cc56-73b3-4671-9f63-1da727658fb5,73aaee1f-0f16-41e4-b52a-cfa48be962ca,ad705c59-6893-4980-bdbf-0837f1823cc4
1038,p-event,4.1.0,Transitive Dependency,MIT License,PERMISSIVE,NOT_REVIEWED,f6329ba9-ce84-4e3e-a92d-df834688fd34,69834aea-7beb-44ae-9d45-d958b5f62e6e,ad705c59-6893-4980-bdbf-0837f1823cc4
1039,p-finally,1.0.0,Transitive Dependency,MIT License,PERMISSIVE,NOT_REVIEWED,dda2bff0-1d15-4b32-a0ed-f11e5c8f1a3c,732ddd8b-4354-41df-a4d0-9f20d2f7b9a9,ad705c59-6893-4980-bdbf-0837f1823cc4
1040,p-limit,1.3.0,Transitive Dependency,MIT License,PERMISSIVE,NOT_REVIEWED,deefa0b7-8dcf-4909-b51f-f27843ba03c0,40276ad6-bdb0-497b-8d55-d45b95061b11,ad705c59-6893-4980-bdbf-0837f1823cc4
1041,p-locate,2.0.0,Transitive Dependency,MIT License,PERMISSIVE,NOT_REVIEWED,ed5c945e-540b-48ee-82c8-3cd0c2269ddb,cc302d4c-da90-4387-a73a-dc2800e69441,ad705c59-6893-4980-bdbf-0837f1823cc4
1042,p-map,3.0.0,Transitive Dependency,MIT License,PERMISSIVE,NOT_REVIEWED,107411b6-7227-4cc9-9729-fe71c3c255a6,a71728c4-05e0-4228-bc18-3408dcd7ae5a,ad705c59-6893-4980-bdbf-0837f1823cc4
1043,p-queue,6.3.0,Transitive Dependency,MIT License,PERMISSIVE,NOT_REVIEWED,58eca6eb-3540-4c7d-887c-95eb5a6b399d,0cd0c1ff-d0ac-4bdc-8fc1-262842f73a78,ad705c59-6893-4980-bdbf-0837f1823cc4
1044,p-timeout,2.0.1,Transitive Dependency,MIT License,PERMISSIVE,NOT_REVIEWED,7c22a294-d8be-46c3-a21b-be0131c1581b,c216c5a1-9b10-4268-be14-d3adf3e944a9,ad705c59-6893-4980-bdbf-0837f1823cc4
1045,p-timeout,3.2.0,Transitive Dependency,MIT License,PERMISSIVE,NOT_REVIEWED,7c22a294-d8be-46c3-a21b-be0131c1581b,62230294-4c79-4203-9545-a98fc103cbff,ad705c59-6893-4980-bdbf-0837f1823cc4
1046,p-try,1.0.0,Transitive Dependency,MIT License,PERMISSIVE,NOT_REVIEWED,c88b8cd1-693e-486b-9c6b-abc4879dd24c,222352ce-0181-440a-a737-7ec3fef43134,ad705c59-6893-4980-bdbf-0837f1823cc4
1047,parent-module,1.0.1,Transitive Dependency,MIT License,PERMISSIVE,NOT_REVIEWED,8120533d-e900-43d8-9f76-c9def443584b,0c33ce91-b810-4365-aace-938cb93f958b,ad705c59-6893-4980-bdbf-0837f1823cc4
1048,parse-json,5.0.0,Transitive Dependency,MIT License,PERMISSIVE,NOT_REVIEWED,4ebff1b2-f718-4669-8506-f07104adb5ef,23f73bd9-abc0-49e9-9917-f017450254a6,ad705c59-6893-4980-bdbf-0837f1823cc4
1049,path-exists,3.0.0,Transitive Dependency,MIT License,PERMISSIVE,NOT_REVIEWED,4ab7b40a-0812-431b-a0e4-3a9fd55a2f80,dffdb4fb-7930-403d-b40a-352cd513b665,ad705c59-6893-4980-bdbf-0837f1823cc4
1050,path-is-absolute,1.0.1,Transitive Dependency,MIT License,PERMISSIVE,NOT_REVIEWED,d77c7a1a-74d9-4fc2-893e-0d79e279938e,4399a246-cd93-4664-8580-10b4eb09e95f,ad705c59-6893-4980-bdbf-0837f1823cc4
1051,path-key,3.1.1,Transitive Dependency,MIT License,PERMISSIVE,NOT_REVIEWED,67f6bf10-89ea-4e7e-b3dd-56989d558c7e,ba4cf30e-d08b-4a17-a542-262cdfef2372,ad705c59-6893-4980-bdbf-0837f1823cc4
1052,path-parse,1.0.6,Transitive Dependency,MIT License,PERMISSIVE,NOT_REVIEWED,9908f362-3522-4f6c-9ef1-d136ad1b38ae,6476c616-3ae3-448d-9ed7-7fa19216b6a1,ad705c59-6893-4980-bdbf-0837f1823cc4
1053,path-type,4.0.0,Transitive Dependency,MIT License,PERMISSIVE,NOT_REVIEWED,bf86ee3a-b21c-4756-9b98-e7d971ce3258,bf68059b-ba97-4a72-aa7b-f64d33378f48,ad705c59-6893-4980-bdbf-0837f1823cc4
1054,perfmark:perfmark-api,0.27.0,Direct Dependency,Apache License 2.0,PERMISSIVE,NOT_REVIEWED,3342f85f-be71-4fcc-9b94-b874bf469455,81914d27-5148-4e47-83b8-dc2f633cf6f5,7cae335f-1193-421e-92f1-8802b4243e93
1055,picomatch,2.2.2,Transitive Dependency,MIT License,PERMISSIVE,NOT_REVIEWED,9508705d-e9dd-4cb7-8293-b14e472e4bb6,e19e8974-e852-4a46-b96a-344e890bc572,ad705c59-6893-4980-bdbf-0837f1823cc4
1056,pkg-up,2.0.0,Transitive Dependency,MIT License,PERMISSIVE,NOT_REVIEWED,40aa09aa-b0c7-4aea-b7aa-8f9050f8cc6b,d715042f-cade-4112-a604-73aaaea55ab9,ad705c59-6893-4980-bdbf-0837f1823cc4
1057,pkg/browser,20240102-snapshot-5ac0b6a4,Transitive Dependency,"BSD 2-clause ""Simplified"" License",PERMISSIVE,NOT_REVIEWED,22bdd5c3-7443-482d-a9db-d7d9da92e77f,8bb01798-59e0-4b36-a193-42a7d7dd8cec,cc875133-df38-4806-9921-473e0ef01a87
1058,pkg/errors,v0.9.1,Direct Dependency,"BSD 2-clause ""Simplified"" License",PERMISSIVE,NOT_REVIEWED,388c0d45-4bce-4849-af71-7c01455d0e5b,53f04c37-067e-4597-a695-0b68ded07687,cc875133-df38-4806-9921-473e0ef01a87
1059,pmezard-go-difflib,1.0.0,Transitive Dependency,"BSD 3-clause ""New"" or ""Revised"" License",PERMISSIVE,NOT_REVIEWED,b17e8536-f6a6-455f-a660-0f40479eaf40,d1de4ee2-14d9-46be-9755-0dc7cd89c0d4,3d238144-44e6-450e-b523-3defbdaed9dc
1060,pmezard-go-difflib,20190219-snapshot-5d4384ee,Transitive Dependency,Apache License 2.0,PERMISSIVE,NOT_REVIEWED,b17e8536-f6a6-455f-a660-0f40479eaf40,0e4c21af-40b6-4a23-ac93-7f8dd4d59c96,7cae335f-1193-421e-92f1-8802b4243e93
1061,prelude-ls,1.2.1,Transitive Dependency,MIT License,PERMISSIVE,NOT_REVIEWED,95c7278e-0c3c-4e0b-aa8a-01e955e0b2b1,e402fc28-bc18-412c-8b33-01b095b017fc,ad705c59-6893-4980-bdbf-0837f1823cc4
1062,private,0.1.8,Transitive Dependency,MIT License,PERMISSIVE,NOT_REVIEWED,2611187f-9a8d-47d2-9196-94cc9449af31,2e036d41-8ca1-4676-bc79-e4aade6e5a87,ad705c59-6893-4980-bdbf-0837f1823cc4
1063,process-nextick-args,v2.0.1,Transitive Dependency,MIT License,PERMISSIVE,NOT_REVIEWED,3e0bb186-baf9-4573-8aa8-0ab84a7d5a53,1f5d7c11-b4b4-41af-aa23-1d94ba9b7f67,ad705c59-6893-4980-bdbf-0837f1823cc4
1064,prometheus-client_model,v0.6.2,Direct Dependency,Apache License 2.0,PERMISSIVE,NOT_REVIEWED,1f0f4cb8-c53b-4ac4-a20e-2bd7b11686c8,e747f18f-5f8e-4084-ac5b-3008f5f51d76,7cae335f-1193-421e-92f1-8802b4243e93
1065,prometheus-common,v0.70.1,Transitive Dependency,Apache License 2.0,PERMISSIVE,NOT_REVIEWED,399ba8e6-0419-4d36-81ef-754f8a32bdf0,c5060d96-53bf-49f0-aed5-8a69a8a26f47,7cae335f-1193-421e-92f1-8802b4243e93
1066,prometheus-procfs,v0.21.1,Transitive Dependency,Apache License 2.0,PERMISSIVE,NOT_REVIEWED,28fc1259-0963-4734-85ab-7eb29eb9e134,3caa31a6-64a3-4e89-8206-65c5b631eadd,7cae335f-1193-421e-92f1-8802b4243e93
1067,promise-inflight,1.0.1,Transitive Dependency,ISC License,PERMISSIVE,NOT_REVIEWED,88b0f0c4-852a-42f0-b409-e0c741d7c544,67f067fa-6a45-43c3-82e1-f06ca1154654,14b0b50b-acd2-4fc8-ac65-3b15f9e58260
1068,proto-google-cloud-storage-control-v2,2.39.0-beta,Direct Dependency,Apache License 2.0,PERMISSIVE,NOT_REVIEWED,2e2e7afa-5116-4f42-8aca-d68df44c4326,8d037223-c37d-4587-a674-003c078756a7,7cae335f-1193-421e-92f1-8802b4243e93
1069,proto-google-cloud-storage-v2,2.75.0,Direct Dependency,Apache License 2.0,PERMISSIVE,NOT_REVIEWED,781d3b83-acbf-4421-a2b9-4c9704b796cd,ee2d9c01-1357-4629-9155-963a560d6f14,7cae335f-1193-421e-92f1-8802b4243e93
1070,proto-list,1.2.4,Transitive Dependency,ISC License,PERMISSIVE,NOT_REVIEWED,9e463bec-b6a7-4b62-825e-087bf347641b,937c8f1f-c55a-4fd1-9668-6d15aca52877,14b0b50b-acd2-4fc8-ac65-3b15f9e58260
1071,protobuf-java,4.36.2,Direct Dependency,"BSD 3-clause ""New"" or ""Revised"" License",PERMISSIVE,NOT_REVIEWED,e896bf6b-61ee-4ef6-bd8a-c034d78986b7,11cf53b5-3c70-4acf-ace8-e1f365b66a9c,3d238144-44e6-450e-b523-3defbdaed9dc
1072,prr,1.0.1,Transitive Dependency,MIT License,PERMISSIVE,NOT_REVIEWED,9ce4c2b1-c31e-409c-a19b-87e97b5acf36,7daced9f-5bf7-41c8-9628-5c664cdb1a35,ad705c59-6893-4980-bdbf-0837f1823cc4
1073,pseudomap,1.0.2,Transitive Dependency,ISC License,PERMISSIVE,NOT_REVIEWED,880ce110-e633-49be-9230-72ca4eab452d,628fc121-1c82-45e4-a92a-8fa167a28c9f,14b0b50b-acd2-4fc8-ac65-3b15f9e58260
1074,psf-requests,2.34.2,Direct Dependency,Apache License 2.0,PERMISSIVE,NOT_REVIEWED,bae8af37-9432-44a7-9e28-a086c1a7ccfd,0262f6fb-a695-4412-ad50-794149172c58,7cae335f-1193-421e-92f1-8802b4243e93
1075,pyOpenSSL,26.2.0,Direct Dependency,Apache License 2.0,PERMISSIVE,NOT_REVIEWED,69c65bd6-9d4a-427e-8b35-384c0ce8602e,8fd8efff-00c7-48ca-847b-ac0838520d1c,7cae335f-1193-421e-92f1-8802b4243e93
1076,pyOpenSSL,26.4.0,Direct Dependency,Apache License 2.0,PERMISSIVE,NOT_REVIEWED,69c65bd6-9d4a-427e-8b35-384c0ce8602e,4fa9bfdf-473a-4a2c-98d1-df5780b6bada,7cae335f-1193-421e-92f1-8802b4243e93
1077,pyca/cryptography,48.0.0,Direct Dependency,"(Apache License 2.0 OR BSD 3-clause ""New"" or ""Revised"" License)",PERMISSIVE,NOT_REVIEWED,f09c05ab-0954-400d-94e9-4de512ed42fa,8dad68a0-1423-4105-b141-45b207905576,"3d238144-44e6-450e-b523-3defbdaed9dc,7cae335f-1193-421e-92f1-8802b4243e93"
1078,pyca/cryptography,50.0.0,Direct Dependency,"(Apache License 2.0 OR BSD 3-clause ""New"" or ""Revised"" License)",PERMISSIVE,NOT_REVIEWED,f09c05ab-0954-400d-94e9-4de512ed42fa,c3ca7c9d-7290-4991-b464-de27c60486a4,"3d238144-44e6-450e-b523-3defbdaed9dc,7cae335f-1193-421e-92f1-8802b4243e93"
1079,pycparser,3.0,Direct Dependency,"BSD 3-clause ""New"" or ""Revised"" License",PERMISSIVE,NOT_REVIEWED,d4148456-5d7e-49b5-8ffe-c65d67ee52a6,6559845f-a5ed-48f6-a837-6525f4589ce3,3d238144-44e6-450e-b523-3defbdaed9dc
1080,pycryptodome,3.23.0,Direct Dependency,"(BSD 2-clause ""Simplified"" License AND Public Domain)",PERMISSIVE,NOT_REVIEWED,0262517f-43d2-4243-b451-bb029df9ea11,21bec061-98f7-46f0-8809-21cdf54ad336,"d26bcb7d-5bc8-4f05-8942-a3a42728a2e4,cc875133-df38-4806-9921-473e0ef01a87"
1081,pycryptodomex,3.23.0,Direct Dependency,"(BSD 3-clause ""New"" or ""Revised"" License AND Public Domain)",PERMISSIVE,NOT_REVIEWED,2dd1d027-d324-4b91-93f3-d42c9eca7f2b,c94cea88-a8b8-4a42-9a4e-677dc2b025db,"3d238144-44e6-450e-b523-3defbdaed9dc,d26bcb7d-5bc8-4f05-8942-a3a42728a2e4"
1082,python cffi,2.1.1,Direct Dependency,MIT License,PERMISSIVE,NOT_REVIEWED,a136afda-2456-41df-a8f4-2d74ef679b21,731fa6f8-b069-477f-ab77-09db939328de,ad705c59-6893-4980-bdbf-0837f1823cc4
1083,python-certifi,2026.7.22,Direct Dependency,Mozilla Public License 2.0,WEAK_RECIPROCAL,NOT_REVIEWED,f1890115-04dd-4eaf-8ff0-5e2643582990,e6071b51-4993-428c-9981-2e6d9722957d,ce3dd63e-c569-4cea-986a-46bc5efe9896
1084,python-pem,23.1.0,Direct Dependency,MIT License,PERMISSIVE,NOT_REVIEWED,e116f5a5-2fda-4341-9ce9-88ae369d0620,bdbf78d9-7812-4fd9-826a-92f52d785844,ad705c59-6893-4980-bdbf-0837f1823cc4
1085,python-snappy,0.7.2,Direct Dependency,"BSD 3-clause ""New"" or ""Revised"" License",PERMISSIVE,NOT_REVIEWED,47724afe-8603-46c1-9bb9-de8bbba8c11f,380a9edd-144a-4b4b-8646-11b530013c49,3d238144-44e6-450e-b523-3defbdaed9dc
1086,python3-charset-normalizer,3.5.1,Direct Dependency,MIT License,PERMISSIVE,NOT_REVIEWED,961db792-aeb0-450b-ba00-4f9b0afa6dda,55bfc764-1c15-426f-90ef-2f9162276c49,ad705c59-6893-4980-bdbf-0837f1823cc4
1087,pyzipper,0.4.0,Direct Dependency,MIT License,PERMISSIVE,NOT_REVIEWED,07fb3281-59de-4775-bd6a-74e805ca1ea6,b0046754-7614-46d0-8cf8-c919374cd7a0,ad705c59-6893-4980-bdbf-0837f1823cc4
1088,randombytes,2.1.0,Transitive Dependency,MIT License,PERMISSIVE,NOT_REVIEWED,482e025c-bbc9-47fa-be09-42ab71f8b9dd,4579660f-84e9-42ef-bb7d-3193ba3af43e,ad705c59-6893-4980-bdbf-0837f1823cc4
1089,re2j,1.8,Direct Dependency,"BSD 3-clause ""New"" or ""Revised"" License",PERMISSIVE,NOT_REVIEWED,ddc5680f-6e5c-479a-9022-98086831c545,db92af7b-ba23-4dd8-a954-11e8eef4c2e1,3d238144-44e6-450e-b523-3defbdaed9dc
1090,reactive-streams-jvm,1.0.4,Direct Dependency,MIT No Attribution,PERMISSIVE,NOT_REVIEWED,f00e23b5-eb1d-4939-93bb-4cbf7dedffb0,07e06202-b19b-4688-aa7c-275395b70a19,3f2f93af-991e-4604-b57c-a2fef0f8781e
1091,reactor-core,3.8.7,Direct Dependency,Apache License 2.0,PERMISSIVE,NOT_REVIEWED,57acb49f-c5f5-4081-adbb-90099c4307d7,eabc2c5f-c342-40e8-87f4-8261e159aab3,7cae335f-1193-421e-92f1-8802b4243e93
1092,readable-stream,v2.3.7,Transitive Dependency,MIT License,PERMISSIVE,NOT_REVIEWED,009857b7-cc33-4192-bf97-bcfe47025828,7d6b90e7-3c61-42f4-98b4-38ab43feddfb,ad705c59-6893-4980-bdbf-0837f1823cc4
1093,regenerate-unicode-properties,8.2.0,Transitive Dependency,MIT License,PERMISSIVE,NOT_REVIEWED,bafd2f0b-3000-46de-a422-bd035a34a69d,175cfe73-376b-4d29-8171-00a4b0a25165,ad705c59-6893-4980-bdbf-0837f1823cc4
1094,regenerator-runtime,0.13.5,Transitive Dependency,MIT License,PERMISSIVE,NOT_REVIEWED,1db42bdc-1012-44cb-b2b1-f1c4e664c9f1,23a8d2df-dbbf-4474-bc65-324f9e5cd202,ad705c59-6893-4980-bdbf-0837f1823cc4
1095,regenerator-transform,0.14.4,Transitive Dependency,MIT License,PERMISSIVE,NOT_REVIEWED,6523491d-a4a1-4a94-b6e6-4e700f23bae0,f3653b30-4546-4653-b249-0f057771dcb4,ad705c59-6893-4980-bdbf-0837f1823cc4
1096,regexpp,3.2.0,Transitive Dependency,MIT License,PERMISSIVE,NOT_REVIEWED,44756b29-68d1-4d20-a56a-efad1b7835ad,e84726b8-0615-412f-bab8-6ac507ab3faa,ad705c59-6893-4980-bdbf-0837f1823cc4
1097,regexpu-core,v4.7.0,Transitive Dependency,MIT License,PERMISSIVE,NOT_REVIEWED,3d94cc61-38fb-40f0-b95d-d3048e64e86d,77b4e16b-1efd-49b8-bd89-114aaf8152cb,ad705c59-6893-4980-bdbf-0837f1823cc4
1098,regjsgen,0.5.1,Transitive Dependency,MIT License,PERMISSIVE,NOT_REVIEWED,04c53222-105d-430f-a399-dac14a597e7b,ca19ab88-dc82-43cc-a7ef-1bff42436af2,ad705c59-6893-4980-bdbf-0837f1823cc4
1099,regjsparser,v0.6.4,Transitive Dependency,"BSD 2-clause ""Simplified"" License",PERMISSIVE,NOT_REVIEWED,74ddcc43-5abc-4aed-a11d-3db2f32c191f,d557998d-f4fa-422f-a494-b106b748049e,cc875133-df38-4806-9921-473e0ef01a87
1100,requests-toolbelt,1.0.0,Direct Dependency,Apache License 2.0,PERMISSIVE,NOT_REVIEWED,06b17c61-ca1c-4b52-bc10-89abd65ad897,b50820d8-6a0a-4204-aea5-785c86595bd2,7cae335f-1193-421e-92f1-8802b4243e93
1101,require-from-string,2.0.2,Transitive Dependency,MIT License,PERMISSIVE,NOT_REVIEWED,a6bad7bd-a97c-49ef-bbe2-ba9c50ab7e2d,ae0b8438-7694-431e-af53-4e0de9c5f88b,ad705c59-6893-4980-bdbf-0837f1823cc4
1102,resolve-from,4.0.0,Transitive Dependency,MIT License,PERMISSIVE,NOT_REVIEWED,3d1df467-7a0a-417c-afac-e36d73a47434,45c41cdb-33ba-4a4b-83c5-584c4a6310f2,ad705c59-6893-4980-bdbf-0837f1823cc4
1103,resolve-from,5.0.0,Transitive Dependency,MIT License,PERMISSIVE,NOT_REVIEWED,3d1df467-7a0a-417c-afac-e36d73a47434,dec00277-2f3f-4231-b38b-52823210a304,ad705c59-6893-4980-bdbf-0837f1823cc4
1104,responselike,2.0.0,Transitive Dependency,MIT License,PERMISSIVE,NOT_REVIEWED,fa8bd45b-49f7-4f1a-8a06-27b8f4244d44,42928613-4053-4fc4-a141-4c3df5ba5f36,ad705c59-6893-4980-bdbf-0837f1823cc4
1105,restore-cursor,2.0.0,Transitive Dependency,MIT License,PERMISSIVE,NOT_REVIEWED,7f9bf729-c92e-4a95-a1c4-7b507a7acdcf,af31f0aa-18a0-4b03-a053-1ee99d6fb431,ad705c59-6893-4980-bdbf-0837f1823cc4
1106,rimraf,2.7.1,Transitive Dependency,ISC License,PERMISSIVE,NOT_REVIEWED,7f3b2872-d0ed-4bf9-a686-33066e14d1c4,8d5bc15e-c0a8-4c9d-be2c-4fbd43163b3a,14b0b50b-acd2-4fc8-ac65-3b15f9e58260
1107,rimraf,3.0.2,Transitive Dependency,ISC License,PERMISSIVE,NOT_REVIEWED,7f3b2872-d0ed-4bf9-a686-33066e14d1c4,106a1a60-90a7-47fa-9e36-eda88c20c219,14b0b50b-acd2-4fc8-ac65-3b15f9e58260
1108,rogpeppe/go-internal,v1.14.1,Transitive Dependency,"BSD 3-clause ""New"" or ""Revised"" License",PERMISSIVE,NOT_REVIEWED,1bba37f0-1b69-46f1-b377-829cfca97f2a,8244fb9b-63e8-46f6-bef5-cf3cbf54d6cc,3d238144-44e6-450e-b523-3defbdaed9dc
1109,rollup-plugin-babel,4.4.0,Transitive Dependency,MIT License,PERMISSIVE,NOT_REVIEWED,347bf77c-8a20-4550-a13f-86c8b18983ed,94692f51-e62c-42ee-9e50-d8eac149079e,ad705c59-6893-4980-bdbf-0837f1823cc4
1110,rollup-plugin-terser,5.3.1,Transitive Dependency,MIT License,PERMISSIVE,NOT_REVIEWED,6aa8545c-8085-45e9-948d-8ca72527c7e1,3c5144bd-7f96-4b92-af27-019ec586ff78,ad705c59-6893-4980-bdbf-0837f1823cc4
1111,rollup-pluginutils,2.8.2,Transitive Dependency,MIT License,PERMISSIVE,NOT_REVIEWED,d8f62a7e-c036-4fd0-902a-23bb4dd338a0,85fc4379-b798-40b6-a9e5-a7337e5d2e21,ad705c59-6893-4980-bdbf-0837f1823cc4
1112,rollup/rollup,1.32.1,Transitive Dependency,MIT License,PERMISSIVE,NOT_REVIEWED,32dec4e7-e0b7-4a3a-8007-9917993ccf7f,67f5850e-05f9-40c8-9a44-9be176dfd6da,ad705c59-6893-4980-bdbf-0837f1823cc4
1113,rollup/rollup,2.80.0,Transitive Dependency,MIT License,PERMISSIVE,NOT_REVIEWED,32dec4e7-e0b7-4a3a-8007-9917993ccf7f,48a92875-e2f7-440e-9237-42145be3d005,ad705c59-6893-4980-bdbf-0837f1823cc4
1114,run-queue,1.0.3,Transitive Dependency,ISC License,PERMISSIVE,NOT_REVIEWED,701e6158-3b5d-47b8-9be2-7f6231ec727b,8f8bf17b-bed3-4c22-8194-dba89516ab05,14b0b50b-acd2-4fc8-ac65-3b15f9e58260
1115,rw,1.3.3,Transitive Dependency,"BSD 3-clause ""New"" or ""Revised"" License",PERMISSIVE,NOT_REVIEWED,e8f671c8-aad1-4e68-80d1-18272e79cc87,a269a0d5-ac25-48b8-813e-3e3e4dea1c52,3d238144-44e6-450e-b523-3defbdaed9dc
1116,safe-buffer,5.1.2,Transitive Dependency,MIT License,PERMISSIVE,NOT_REVIEWED,4fe0a49d-954b-4e9d-aa2b-ef7c16385b38,8da38618-0636-40cd-8d62-19d0cf655ee7,ad705c59-6893-4980-bdbf-0837f1823cc4
1117,safer-buffer,2.1.2,Transitive Dependency,MIT License,PERMISSIVE,NOT_REVIEWED,bafeb111-9a81-4cab-ac7a-13644b63544f,8dfa4ac0-a6f3-4875-b6f2-33a86bb71689,ad705c59-6893-4980-bdbf-0837f1823cc4
1118,scala-collection-compat,2.4.3,Direct Dependency,Apache License 2.0,PERMISSIVE,NOT_REVIEWED,3abdb783-e862-48be-b919-98c5daf8151a,b241e228-63fd-4733-838f-f31b591811ed,7cae335f-1193-421e-92f1-8802b4243e93
1119,select,1.1.2,Transitive Dependency,MIT License,PERMISSIVE,NOT_REVIEWED,b7d63101-db57-4cc2-bd8c-176e2ba7919b,6da80285-bc60-43d9-aea4-1e2dd39030ca,ad705c59-6893-4980-bdbf-0837f1823cc4
1120,serialize-javascript,4.0.0,Transitive Dependency,"BSD 3-clause ""New"" or ""Revised"" License",PERMISSIVE,NOT_REVIEWED,92fbafed-9399-4bc2-a9b9-83b619f64317,5d52bc85-cc46-477d-b08b-3117d9516e9c,3d238144-44e6-450e-b523-3defbdaed9dc
1121,shebang-command,2.0.0,Transitive Dependency,MIT License,PERMISSIVE,NOT_REVIEWED,69c92308-c974-43a0-9d3c-973b29c7a106,74b5de9f-8aa4-44a9-94d2-3424dfa47f57,ad705c59-6893-4980-bdbf-0837f1823cc4
1122,shebang-regex,3.0.0,Transitive Dependency,MIT License,PERMISSIVE,NOT_REVIEWED,a89d9906-837d-4900-bd0c-347b1a639f5e,7c2a6798-bba8-4eb3-8738-42a372e0879b,ad705c59-6893-4980-bdbf-0837f1823cc4
1123,sigmund,1.0.1,Transitive Dependency,ISC License,PERMISSIVE,NOT_REVIEWED,898d5825-3a49-427a-a7fe-1fb007d99c76,7f00e87d-f77b-4266-abe8-cda4b70b344c,14b0b50b-acd2-4fc8-ac65-3b15f9e58260
1124,sindresorhus/globals,11.12.0,Transitive Dependency,MIT License,PERMISSIVE,NOT_REVIEWED,97d65563-d14d-4b30-bb08-ed871fd3fdc7,fe7da69d-3923-4099-8eb7-4a30d2aa70d7,ad705c59-6893-4980-bdbf-0837f1823cc4
1125,sindresorhus/globals,13.10.0,Transitive Dependency,MIT License,PERMISSIVE,NOT_REVIEWED,97d65563-d14d-4b30-bb08-ed871fd3fdc7,b216dd50-fa0e-4973-bfff-b4c52498117c,ad705c59-6893-4980-bdbf-0837f1823cc4
1126,sindresorhus/got,10.7.0,Transitive Dependency,MIT License,PERMISSIVE,NOT_REVIEWED,3e807d3f-b229-46f5-949e-4a43ea70efa3,45be062c-4fd1-4eee-a4d1-0235125a047a,ad705c59-6893-4980-bdbf-0837f1823cc4
1127,sindresorhus/normalize-url,v4.5.0,Transitive Dependency,MIT License,PERMISSIVE,NOT_REVIEWED,5d62e4b8-7cee-4302-8055-e71d22e41f91,d0dc826c-9de5-4005-a548-ad3b65d54534,ad705c59-6893-4980-bdbf-0837f1823cc4
1128,sindresorhus/onetime,2.0.1,Transitive Dependency,MIT License,PERMISSIVE,NOT_REVIEWED,2891b407-c228-44fa-99fe-2fe8dc084ac1,fa552fa6-5969-40a9-be98-87c8f623add4,ad705c59-6893-4980-bdbf-0837f1823cc4
1129,sindresorhus/supports-color,5.5.0,Transitive Dependency,MIT License,PERMISSIVE,NOT_REVIEWED,e12590cf-ba2c-46e1-b047-aa5794025b96,d268b9e9-f266-440b-baa7-9491c0f06377,ad705c59-6893-4980-bdbf-0837f1823cc4
1130,sindresorhus/supports-color,6.1.0,Transitive Dependency,MIT License,PERMISSIVE,NOT_REVIEWED,e12590cf-ba2c-46e1-b047-aa5794025b96,d17d4439-9cd2-4396-b0e7-7ac530a854ca,ad705c59-6893-4980-bdbf-0837f1823cc4
1131,sindresorhus/supports-color,v7.1.0,Transitive Dependency,MIT License,PERMISSIVE,NOT_REVIEWED,e12590cf-ba2c-46e1-b047-aa5794025b96,15415651-9301-4582-a3a6-56b11ea178e6,ad705c59-6893-4980-bdbf-0837f1823cc4
1132,sindresorhus/supports-color,v7.2.0,Transitive Dependency,MIT License,PERMISSIVE,NOT_REVIEWED,e12590cf-ba2c-46e1-b047-aa5794025b96,6a3af34f-723e-4828-a495-f5848026562e,ad705c59-6893-4980-bdbf-0837f1823cc4
1133,slice-ansi,4.0.0,Transitive Dependency,MIT License,PERMISSIVE,NOT_REVIEWED,df37af41-5b6e-45b8-aa47-c332fd34618d,e09b0987-0d1f-4dbd-b948-67b3f90c2b2e,ad705c59-6893-4980-bdbf-0837f1823cc4
1134,sn-2-ui-router-ng2,6.0.1,Direct Dependency,MIT License,PERMISSIVE,NOT_REVIEWED,f1ac2b61-d756-4391-9cc9-b3d713f652f7,352e8e22-a01c-432a-95b2-f682527ad86a,ad705c59-6893-4980-bdbf-0837f1823cc4
1135,snappy,0.5,Direct Dependency,Apache License 2.0,PERMISSIVE,NOT_REVIEWED,eb1c6940-3f50-4689-bbe8-ffaa17459a52,a9a020c8-35dd-4e4f-a5ac-765d742d533f,7cae335f-1193-421e-92f1-8802b4243e93
1136,snappy-java,1.1.10.8,Direct Dependency,Apache License 2.0,PERMISSIVE,NOT_REVIEWED,2a30e2d4-f015-41ea-a99d-cc9bf22ef435,ad51772e-cd3e-4f79-9d81-4d8ba222092e,7cae335f-1193-421e-92f1-8802b4243e93
1137,snowpackjs/snowpack,1.7.1,Direct Dependency,MIT License,PERMISSIVE,NOT_REVIEWED,b91ae26a-0638-4229-a613-0f1e089bdb60,3652d7ad-4cf1-47a9-b412-ecae9832d0ee,ad705c59-6893-4980-bdbf-0837f1823cc4
1138,software.amazon.awssdk.crt:aws-crt,0.48.5,Direct Dependency,Apache License 2.0,PERMISSIVE,NOT_REVIEWED,f9145256-fa94-4b6e-b8d0-98ddc886cf4a,c1d72036-6a9b-4be8-bfd3-1081e883fb85,7cae335f-1193-421e-92f1-8802b4243e93
1139,sortablejs,1.10.2,Direct Dependency,MIT License,PERMISSIVE,NOT_REVIEWED,4ed7b19b-e5cc-4af3-a493-ed48821bf81e,388a0a49-3c43-45b8-8bb9-032622cf8339,ad705c59-6893-4980-bdbf-0837f1823cc4
1140,source-map,0.5.7,Transitive Dependency,"BSD 3-clause ""New"" or ""Revised"" License",PERMISSIVE,NOT_REVIEWED,01b9c158-0cbb-47b1-be28-735c4d9ad393,34ac153e-f70e-4c2e-b501-20463227662e,3d238144-44e6-450e-b523-3defbdaed9dc
1141,source-map,0.6.1,Transitive Dependency,"BSD 3-clause ""New"" or ""Revised"" License",PERMISSIVE,NOT_REVIEWED,01b9c158-0cbb-47b1-be28-735c4d9ad393,577faeac-d322-4c7a-b4fa-5e8c2fdbc7c3,3d238144-44e6-450e-b523-3defbdaed9dc
1142,sourcemap-codec,1.4.8,Transitive Dependency,MIT License,PERMISSIVE,NOT_REVIEWED,162734d6-9e49-46a2-ac50-48b5d913760f,3e231c90-2368-4ff2-850e-d4824866c1c8,ad705c59-6893-4980-bdbf-0837f1823cc4
1143,spf13-afero,v1.15.0,Transitive Dependency,Apache License 2.0,PERMISSIVE,NOT_REVIEWED,43df3dae-7701-42c8-8626-ca3f7c9e5930,a175a0e2-e0f8-4f4e-bc1c-35480aba50f6,7cae335f-1193-421e-92f1-8802b4243e93
1144,spiffe/go-spiffe,v2.8.1,Transitive Dependency,Apache License 2.0,PERMISSIVE,NOT_REVIEWED,5bbfcbcd-69ba-488c-8350-a878b2862ffc,0f61f91a-23a6-4d31-82ab-4a2d0a46663c,7cae335f-1193-421e-92f1-8802b4243e93
1145,sprintf.js,1.0.3,Transitive Dependency,"BSD 3-clause ""New"" or ""Revised"" License",PERMISSIVE,NOT_REVIEWED,82e262be-5308-4abe-ac2f-feca7f312ef5,525745ea-a325-48df-a715-fd2e8ccf8bfb,3d238144-44e6-450e-b523-3defbdaed9dc
1146,ssri,8.0.0,Transitive Dependency,ISC License,PERMISSIVE,NOT_REVIEWED,53896d92-6149-47dd-9fa4-280c8eed5353,306aa593-ec9f-4f69-9dd8-820666ced39f,14b0b50b-acd2-4fc8-ac65-3b15f9e58260
1147,stable-stringify,1.0.1,Transitive Dependency,MIT License,PERMISSIVE,NOT_REVIEWED,c52c8b74-3109-4138-99a2-ba5bd140e76f,bd399f7c-018a-45d8-bb9d-4370e1447800,ad705c59-6893-4980-bdbf-0837f1823cc4
1148,stax2-api,4.3.1,Direct Dependency,"BSD 2-clause ""Simplified"" License",PERMISSIVE,NOT_REVIEWED,aff94cc6-8686-4a15-88ec-fa74a623c384,0b180218-408a-4909-8ed4-f86009bf40ae,cc875133-df38-4806-9921-473e0ef01a87
1149,stretchr/objx,v0.1.0,Direct Dependency,MIT License,PERMISSIVE,NOT_REVIEWED,d0abba68-a7fa-414d-8a07-a6d4195e2c5c,e0fd5c5d-8113-4a91-8c51-a7ac568d840a,ad705c59-6893-4980-bdbf-0837f1823cc4
1150,stretchr/objx,v0.5.2,Direct Dependency,MIT License,PERMISSIVE,NOT_REVIEWED,d0abba68-a7fa-414d-8a07-a6d4195e2c5c,5e9c5c2f-3c07-4892-b72b-56f955318125,ad705c59-6893-4980-bdbf-0837f1823cc4
1151,string-width,4.2.2,Transitive Dependency,MIT License,PERMISSIVE,NOT_REVIEWED,62093f41-55ce-46db-ba50-be53b9d4308f,f6039935-bbb2-4642-b6f5-eaeadb329cd5,ad705c59-6893-4980-bdbf-0837f1823cc4
1152,strip-json-comments,3.1.1,Transitive Dependency,MIT License,PERMISSIVE,NOT_REVIEWED,ab3f4f23-87c3-4822-93f1-2fc7f1f4188a,ac928e08-b35b-4c6d-8153-aa4d88031d25,ad705c59-6893-4980-bdbf-0837f1823cc4
1153,swagger-annotations-jakarta,2.2.42,Direct Dependency,Apache License 2.0,PERMISSIVE,NOT_REVIEWED,ab465848-3533-4e9b-a5ee-48561b01528c,9b959b83-eb31-46c9-8bc3-20c4d9909bb4,7cae335f-1193-421e-92f1-8802b4243e93
1154,tapable,1.1.3,Transitive Dependency,MIT License,PERMISSIVE,NOT_REVIEWED,57930e7e-d515-47d6-923f-31d11df3424a,11fc2ff9-a349-4546-92af-d046bc38d3fe,ad705c59-6893-4980-bdbf-0837f1823cc4
1155,tapjs/signal-exit,v3.0.3,Transitive Dependency,ISC License,PERMISSIVE,NOT_REVIEWED,1984a43c-890f-4b42-80da-bd18c6664889,9c7318ad-535d-40fa-bda0-041c3eec866e,14b0b50b-acd2-4fc8-ac65-3b15f9e58260
1156,tdegrunt/jsonschema,1.2.6,Transitive Dependency,MIT License,PERMISSIVE,NOT_REVIEWED,c71041cb-4584-4586-98f3-2bd8a3be4088,f6ad2961-66f1-4bf3-8359-580ea6db0f00,ad705c59-6893-4980-bdbf-0837f1823cc4
1157,terser,4.8.0,Transitive Dependency,"BSD 2-clause ""Simplified"" License",PERMISSIVE,NOT_REVIEWED,bece7dcf-5e8b-4300-89ad-1ec628d69320,4a56e23f-74b9-4754-a18d-66d81b9a66ec,cc875133-df38-4806-9921-473e0ef01a87
1158,text-table,0.2.0,Transitive Dependency,MIT License,PERMISSIVE,NOT_REVIEWED,2d5a264b-c414-409b-b314-d3fbec08f9b7,1cb4d33a-a990-4e4e-b509-e98f2132048c,ad705c59-6893-4980-bdbf-0837f1823cc4
1159,tiny-emitter,1.2.0,Transitive Dependency,MIT License,PERMISSIVE,NOT_REVIEWED,d95ad328-fee9-472e-9273-afabaf0f2062,77679a94-1978-413d-b5f7-7dc465504950,ad705c59-6893-4980-bdbf-0837f1823cc4
1160,to-fast-properties,2.0.0,Transitive Dependency,MIT License,PERMISSIVE,NOT_REVIEWED,e37023a6-1616-4bdd-95ee-872db277c241,ca72f607-336b-4fd7-b203-f4dcdda0d916,ad705c59-6893-4980-bdbf-0837f1823cc4
1161,to-readable-stream,2.1.0,Transitive Dependency,MIT License,PERMISSIVE,NOT_REVIEWED,fa74eef0-931b-4fce-8696-3be0b65e9eec,46827338-f671-47d8-88de-71ecf1ea6d2a,ad705c59-6893-4980-bdbf-0837f1823cc4
1162,to-regex-range,5.0.1,Transitive Dependency,MIT License,PERMISSIVE,NOT_REVIEWED,b084fdef-0689-4175-8d31-6e46e34fedea,4e38181d-b142-45fa-94aa-3a32218cd91e,ad705c59-6893-4980-bdbf-0837f1823cc4
1163,tpcds,1.2,Direct Dependency,Apache License 2.0,PERMISSIVE,NOT_REVIEWED,c83d11f3-7085-4b73-8520-6ca2de215dd4,2a18883a-d419-4ed9-b31b-69b9c70916e6,7cae335f-1193-421e-92f1-8802b4243e93
1164,type-check,0.4.0,Transitive Dependency,MIT License,PERMISSIVE,NOT_REVIEWED,6fbed59a-6d54-48d1-8d21-ae8467278969,7cb1f6e8-b35b-444d-b5f9-de7d20ac0cb1,ad705c59-6893-4980-bdbf-0837f1823cc4
1165,type-fest,0.10.0,Transitive Dependency,(MIT License OR Creative Commons Zero v1.0 Universal),PERMISSIVE,NOT_REVIEWED,ea18e330-c4d6-4a61-a151-5ea44cefe3e5,f8bff48f-d74b-4241-87df-5a3fae2a46ce,"ad705c59-6893-4980-bdbf-0837f1823cc4,a7c69599-62b6-4d06-9ec6-ea688c041c00"
1166,type-fest,0.20.2,Transitive Dependency,(MIT License OR Creative Commons Zero v1.0 Universal),PERMISSIVE,NOT_REVIEWED,ea18e330-c4d6-4a61-a151-5ea44cefe3e5,4d10e3c3-6d09-452a-a87c-56141757f065,"ad705c59-6893-4980-bdbf-0837f1823cc4,a7c69599-62b6-4d06-9ec6-ea688c041c00"
1167,type-fest,0.8.1,Transitive Dependency,(MIT License OR Creative Commons Zero v1.0 Universal),PERMISSIVE,NOT_REVIEWED,ea18e330-c4d6-4a61-a151-5ea44cefe3e5,30a1b2fe-8b20-4290-991a-254ab29a4975,"ad705c59-6893-4980-bdbf-0837f1823cc4,a7c69599-62b6-4d06-9ec6-ea688c041c00"
1168,ui-router-rx,0.6.4,Direct Dependency,MIT License,PERMISSIVE,NOT_REVIEWED,def39eb0-8b96-4953-936b-7f4c8bd005cf,c7290654-a5fc-45c7-82b2-66879c02439d,ad705c59-6893-4980-bdbf-0837f1823cc4
1169,ui-router/core,6.0.4,Direct Dependency,MIT License,PERMISSIVE,NOT_REVIEWED,8dffb9ba-fefa-4d82-89ee-04d58f42d90d,f6871714-e3e9-4634-9c91-620b9f772b67,ad705c59-6893-4980-bdbf-0837f1823cc4
1170,unicode-canonical-property-names-ecmascript,1.0.4,Transitive Dependency,MIT License,PERMISSIVE,NOT_REVIEWED,f3121fee-8342-4f6e-95d0-275d3417214b,5b5f47e8-4c99-4776-9121-fda45ed86cd5,ad705c59-6893-4980-bdbf-0837f1823cc4
1171,unicode-match-property-ecmascript,1.0.4,Transitive Dependency,MIT License,PERMISSIVE,NOT_REVIEWED,1f4c21a6-d422-42ba-a6e3-8562904c0da9,2a72247c-48a3-4652-869a-6038099175ef,ad705c59-6893-4980-bdbf-0837f1823cc4
1172,unicode-match-property-value-ecmascript,1.2.0,Transitive Dependency,MIT License,PERMISSIVE,NOT_REVIEWED,5c727af6-9bbf-4ccd-8680-9a1ba900d767,9dee5414-6cc3-4afb-b1a6-ca9713669629,ad705c59-6893-4980-bdbf-0837f1823cc4
1173,unicode-property-aliases-ecmascript,1.1.0,Transitive Dependency,MIT License,PERMISSIVE,NOT_REVIEWED,dfd05b07-6ee7-4f29-b0a6-334f90dd4538,da6ca164-f98d-42c3-b083-4e8743293fad,ad705c59-6893-4980-bdbf-0837f1823cc4
1174,unique-filename,1.1.1,Transitive Dependency,ISC License,PERMISSIVE,NOT_REVIEWED,98a0e46f-a575-4803-b2ac-20c037d8e75d,a4f51b58-5200-4eed-978e-025b20e61497,14b0b50b-acd2-4fc8-ac65-3b15f9e58260
1175,unique-slug,2.0.2,Transitive Dependency,ISC License,PERMISSIVE,NOT_REVIEWED,df8eb97f-fecd-4f86-8faa-60c9ae9151ff,d57007e7-ed88-4430-8762-516d0cdae171,14b0b50b-acd2-4fc8-ac65-3b15f9e58260
1176,uri-js,4.4.1,Transitive Dependency,"BSD 2-clause ""Simplified"" License",PERMISSIVE,NOT_REVIEWED,32acb044-017d-45a6-b19d-227a7a4a537e,ab29df29-e10b-4067-85cc-5af08a119358,cc875133-df38-4806-9921-473e0ef01a87
1177,urllib3,2.7.0,Direct Dependency,MIT License,PERMISSIVE,NOT_REVIEWED,a78e7423-6491-4dba-a424-7f853626d343,f5abb863-031f-4a9f-8269-13515840f4d1,ad705c59-6893-4980-bdbf-0837f1823cc4
1178,util-deprecate,1.0.2,Transitive Dependency,MIT License,PERMISSIVE,NOT_REVIEWED,a12ebbc1-7d1b-4bd4-bf7c-3ac986935752,31547c97-cd45-427a-aa1a-2e41235ed080,ad705c59-6893-4980-bdbf-0837f1823cc4
1179,util-hadoop,hadoop3-2.2.25,Direct Dependency,Apache License 2.0,PERMISSIVE,NOT_REVIEWED,477acac6-3a04-4ee1-a3b8-64e3eb42fab3,6d3a3be2-b967-4782-b8a7-8617dc739dc2,7cae335f-1193-421e-92f1-8802b4243e93
1180,v8-compile-cache,2.3.0,Transitive Dependency,MIT License,PERMISSIVE,NOT_REVIEWED,101bf3a8-9489-439b-8fe1-886a2bc1dc5b,14c658f8-e557-4132-91de-330799282336,ad705c59-6893-4980-bdbf-0837f1823cc4
1181,validate-npm-package-name,3.0.0,Transitive Dependency,ISC License,PERMISSIVE,NOT_REVIEWED,204fbdf1-4518-4f5b-8c41-80feca26eea4,e3533e38-3af0-4d8e-8fea-36209b4378cb,14b0b50b-acd2-4fc8-ac65-3b15f9e58260
1182,wcwidth,1.0.1,Transitive Dependency,MIT License,PERMISSIVE,NOT_REVIEWED,0b70e6c6-c6bf-41a2-b6dc-d4f221f0b7a8,99174685-38b6-4aa1-8b97-7a733f717244,ad705c59-6893-4980-bdbf-0837f1823cc4
1183,which,2.0.2,Transitive Dependency,ISC License,PERMISSIVE,NOT_REVIEWED,1b70a01c-5e62-4b45-8688-8773aec4fd0c,29de3b1c-aa95-4d86-9900-c203232852f6,14b0b50b-acd2-4fc8-ac65-3b15f9e58260
1184,whitequark/ipaddr.js,2.0.1,Direct Dependency,MIT License,PERMISSIVE,NOT_REVIEWED,4fe6e9f1-6df2-4d57-99b1-44ac7acc34fe,4e5561a4-7ffd-4b39-aa76-f8d672763e6e,ad705c59-6893-4980-bdbf-0837f1823cc4
1185,word-wrap,1.2.3,Transitive Dependency,MIT License,PERMISSIVE,NOT_REVIEWED,f13f28b9-5971-4b87-a477-6d6df95a95d2,b6683d04-7704-44d0-a527-f8caa4d3771c,ad705c59-6893-4980-bdbf-0837f1823cc4
1186,wrappy,1.0.2,Transitive Dependency,ISC License,PERMISSIVE,NOT_REVIEWED,cee8612c-fd14-435d-87d4-758ecde0cc39,ca7f5eee-bc6b-4788-b21b-9b411577ebad,14b0b50b-acd2-4fc8-ac65-3b15f9e58260
1187,xhit/go-str2duration,v2.1.0,Transitive Dependency,"BSD 3-clause ""New"" or ""Revised"" License",PERMISSIVE,NOT_REVIEWED,885a73ab-ba75-4448-b14a-b5d0c4d92f06,10c86cc2-dc7e-4406-890a-2a83c3fb1a71,3d238144-44e6-450e-b523-3defbdaed9dc
1188,xsdlib,2022.7,Direct Dependency,"BSD 3-clause ""New"" or ""Revised"" License",PERMISSIVE,NOT_REVIEWED,e9e12847-3384-4b3c-be43-198aefd6f484,a27c7c07-f542-4e8a-9722-4152e24fd66b,3d238144-44e6-450e-b523-3defbdaed9dc
1189,yallist,2.1.2,Transitive Dependency,ISC License,PERMISSIVE,NOT_REVIEWED,1b858c9e-0352-40bf-93b8-8c66b9b82bce,52fee53d-e808-4106-be4d-e0d6ba13a327,14b0b50b-acd2-4fc8-ac65-3b15f9e58260
1190,yallist,3.1.1,Transitive Dependency,ISC License,PERMISSIVE,NOT_REVIEWED,1b858c9e-0352-40bf-93b8-8c66b9b82bce,93ca1fc4-be20-44c9-adc6-d6a7bb5aad9f,14b0b50b-acd2-4fc8-ac65-3b15f9e58260
1191,yallist,4.0.0,Transitive Dependency,ISC License,PERMISSIVE,NOT_REVIEWED,1b858c9e-0352-40bf-93b8-8c66b9b82bce,7b5426ab-802e-4f46-85f4-58e417481ef8,14b0b50b-acd2-4fc8-ac65-3b15f9e58260
1192,yaml,1.9.2,Transitive Dependency,ISC License,PERMISSIVE,NOT_REVIEWED,4fd2889e-1952-46f3-bd81-2ae55ec9a6d9,910d826a-ef6e-4be1-b302-60af27854512,14b0b50b-acd2-4fc8-ac65-3b15f9e58260
1193,yaml for Go,v3.0.1,Transitive Dependency,(MIT License AND Apache License 2.0),PERMISSIVE,NOT_REVIEWED,45badf4c-c022-42ba-b294-b7193a79b6b8,5de17134-19f2-44cf-8bea-25d22c0ca4f9,"ad705c59-6893-4980-bdbf-0837f1823cc4,7cae335f-1193-421e-92f1-8802b4243e93"
1194,yargs-parser,16.1.0,Transitive Dependency,ISC License,PERMISSIVE,NOT_REVIEWED,eff58fb4-7229-40f7-9d9d-3b942fb5fb81,41220fd5-8254-44d4-9adf-c96e4cb83860,14b0b50b-acd2-4fc8-ac65-3b15f9e58260
1195,youmark/pkcs8,20240726-snapshot-a2c0da24,Transitive Dependency,MIT License,PERMISSIVE,NOT_REVIEWED,40329ac0-3234-43ee-a345-b07066153738,deb8be07-bb1c-4079-96b3-7aa289b98400,ad705c59-6893-4980-bdbf-0837f1823cc4
1196,yuin/goldmark,v1.4.13,Direct Dependency,MIT License,PERMISSIVE,NOT_REVIEWED,72389b5f-7d50-4c2d-95d5-b44736ffdc23,e7345a92-9f93-4e88-a80b-872a3ce82e45,ad705c59-6893-4980-bdbf-0837f1823cc4
1197,zeebo/errs,v1.4.0,Transitive Dependency,MIT License,PERMISSIVE,NOT_REVIEWED,0aa3fb78-dd4e-47ad-9bc1-5918d6cc8137,0b9fb6bb-7b6e-4b56-b0c1-f7fc74e78e45,ad705c59-6893-4980-bdbf-0837f1823cc4
1198,zstd-jni,1.5.7-15,Direct Dependency,"BSD 2-clause ""Simplified"" License",PERMISSIVE,NOT_REVIEWED,c519291b-7070-4246-83c4-19b1eabeb343,e6054e25-36d7-424b-9e0a-dd6fccd8c27b,cc875133-df38-4806-9921-473e0ef01a87
