,Component name,Component version name,Match type,License names,License families,Review Status,Component id,Version id,License ids
0,@actions/http-client,3.0.2,Transitive Dependency,MIT License,PERMISSIVE,NOT_REVIEWED,13c0779a-2108-4647-9acf-91856bfd72b7,2668c727-c878-46fe-92e5-363497f08e50,ad705c59-6893-4980-bdbf-0837f1823cc4
1,@actions/io,2.0.0,Transitive Dependency,MIT License,PERMISSIVE,NOT_REVIEWED,19e62c7c-7185-4d27-8bd7-1e4f6b947469,a029aaa6-fc7a-4122-b78d-5a2a5149f8d0,ad705c59-6893-4980-bdbf-0837f1823cc4
2,@adobe/css-tools,4.4.4,Transitive Dependency,MIT License,PERMISSIVE,NOT_REVIEWED,01dc3a92-0b14-4b25-91a6-b11570f251f1,65e1b353-7942-41bf-90bc-48b5d736fd65,ad705c59-6893-4980-bdbf-0837f1823cc4
3,@alloc/quick-lru,5.2.0,Transitive Dependency,MIT License,PERMISSIVE,NOT_REVIEWED,c2679f27-a75c-40a2-9e15-ac50ad03b7b6,a13c0d5e-aa09-4273-afda-5f8a2b9a22a8,ad705c59-6893-4980-bdbf-0837f1823cc4
4,@antfu/install-pkg,1.1.0,Transitive Dependency,MIT License,PERMISSIVE,NOT_REVIEWED,6dd79c5a-2818-486c-945d-4651ea1323fc,b9abfb1d-3f4e-4daa-a09a-70ed6aaa62b4,ad705c59-6893-4980-bdbf-0837f1823cc4
5,@ark/schema,0.56.4,Transitive Dependency,MIT License,PERMISSIVE,NOT_REVIEWED,b30e482a-fcac-45f5-9867-64ae1e978d83,7b4166b4-9f3d-4f65-a019-53d025834c6f,ad705c59-6893-4980-bdbf-0837f1823cc4
6,@asamuzakjp/css-color,3.2.0,Transitive Dependency,MIT License,PERMISSIVE,NOT_REVIEWED,20ec0620-6fc4-4ed0-ae05-400087d98fbd,844ecc08-2ae7-449e-a3be-82e3bfdd4994,ad705c59-6893-4980-bdbf-0837f1823cc4
7,@babel/core,7.29.0,Transitive Dependency,MIT License,PERMISSIVE,NOT_REVIEWED,c0271d13-4a3d-4bcc-ab48-0cdad3ef412b,4d2c61e8-3cbf-4b87-b4a2-f6e9fca4c1fa,ad705c59-6893-4980-bdbf-0837f1823cc4
8,@babel/core,7.29.7,Transitive Dependency,MIT License,PERMISSIVE,NOT_REVIEWED,c0271d13-4a3d-4bcc-ab48-0cdad3ef412b,6c979c28-739c-47b4-8e2e-8de3957a90dd,ad705c59-6893-4980-bdbf-0837f1823cc4
9,@babel/helper-globals,7.28.0,Transitive Dependency,MIT License,PERMISSIVE,NOT_REVIEWED,6e7f3596-8e35-4acf-8f9b-199f1f6648f8,d4a2173b-1304-4d6b-bdd9-349b7956935d,ad705c59-6893-4980-bdbf-0837f1823cc4
10,@babel/helper-globals,7.29.7,Transitive Dependency,MIT License,PERMISSIVE,NOT_REVIEWED,6e7f3596-8e35-4acf-8f9b-199f1f6648f8,2abd26e8-b0b2-4c79-950c-01bdfb1b6ee9,ad705c59-6893-4980-bdbf-0837f1823cc4
11,@babel/helper-plugin-utils,7.28.6,Transitive Dependency,MIT License,PERMISSIVE,NOT_REVIEWED,3d9fc2bb-f452-4844-b4ef-f5bc6a0c33bc,40339d28-c072-43b6-aaa1-6923b8baf39a,ad705c59-6893-4980-bdbf-0837f1823cc4
12,@babel/helper-plugin-utils,7.29.7,Transitive Dependency,MIT License,PERMISSIVE,NOT_REVIEWED,3d9fc2bb-f452-4844-b4ef-f5bc6a0c33bc,c6130fc4-07d7-4107-ba02-3b67b72a2ed2,ad705c59-6893-4980-bdbf-0837f1823cc4
13,@babel/helper-replace-supers,7.28.6,Transitive Dependency,MIT License,PERMISSIVE,NOT_REVIEWED,d00d3e76-fa80-48ea-a63d-98ce2a1f92bc,2012cfd3-9f19-4bfc-bf43-6c3f0284336c,ad705c59-6893-4980-bdbf-0837f1823cc4
14,@babel/helper-skip-transparent-expression-wrappers,7.27.1,Transitive Dependency,MIT License,PERMISSIVE,NOT_REVIEWED,a51f2bd6-eadb-4497-a1cf-801e9718354d,0a59dc69-c93c-4418-a45d-562b2adabff2,ad705c59-6893-4980-bdbf-0837f1823cc4
15,@babel/helper-string-parser,7.27.1,Transitive Dependency,MIT License,PERMISSIVE,NOT_REVIEWED,a086946a-7f59-4da1-bfa2-237e40f181ca,21c15f36-ebe8-4c65-b08e-977294eaa226,ad705c59-6893-4980-bdbf-0837f1823cc4
16,@babel/helper-string-parser,7.29.7,Transitive Dependency,MIT License,PERMISSIVE,NOT_REVIEWED,a086946a-7f59-4da1-bfa2-237e40f181ca,b4b795c0-5526-4509-b1a4-fd260701593e,ad705c59-6893-4980-bdbf-0837f1823cc4
17,@babel/helper-validator-option,7.27.1,Transitive Dependency,MIT License,PERMISSIVE,NOT_REVIEWED,f5960837-512e-46f3-b25c-b95ca70e1a13,b0804f5e-6d64-4bbd-90db-17a8b59be0cb,ad705c59-6893-4980-bdbf-0837f1823cc4
18,@babel/helper-validator-option,7.29.7,Transitive Dependency,MIT License,PERMISSIVE,NOT_REVIEWED,f5960837-512e-46f3-b25c-b95ca70e1a13,a91a412d-f393-4d8f-9189-9a0e5a084603,ad705c59-6893-4980-bdbf-0837f1823cc4
19,@babel/parser,7.29.2,Transitive Dependency,MIT License,PERMISSIVE,NOT_REVIEWED,e189edba-7a09-4c36-971a-e00c0eec242f,f5a9b93e-6ef7-4568-ad93-96117ad6be66,ad705c59-6893-4980-bdbf-0837f1823cc4
20,@babel/parser,7.29.7,Transitive Dependency,MIT License,PERMISSIVE,NOT_REVIEWED,e189edba-7a09-4c36-971a-e00c0eec242f,77bc6fa7-d821-447e-a9d2-9cdbe8ee7bb0,ad705c59-6893-4980-bdbf-0837f1823cc4
21,@babel/plugin-transform-class-properties,7.23.3,Direct Dependency,MIT License,PERMISSIVE,NOT_REVIEWED,b6e9666b-cc65-495b-9438-45b93f7511b8,cbfa7ea8-c486-4c3f-93cd-0ac0acb82638,ad705c59-6893-4980-bdbf-0837f1823cc4
22,@babel/plugin-transform-modules-commonjs,7.28.6,Transitive Dependency,MIT License,PERMISSIVE,NOT_REVIEWED,7c6d6474-5470-49c8-8eb9-9473019717f0,ecf508b8-6c2c-4270-a57a-ff7cfdf0a83d,ad705c59-6893-4980-bdbf-0837f1823cc4
23,@babel/preset-env,7.22.4,Direct Dependency,MIT License,PERMISSIVE,NOT_REVIEWED,9cf1773f-d2b4-4590-88ad-8d99f24ceca2,432c2172-a81c-4391-9d33-25559acdf85b,ad705c59-6893-4980-bdbf-0837f1823cc4
24,@babel/preset-typescript,7.23.3,Direct Dependency,MIT License,PERMISSIVE,NOT_REVIEWED,bdd2640c-3134-428b-bd22-c0c5e83ee2b9,e6db649f-3abf-463a-8618-30736465dbe6,ad705c59-6893-4980-bdbf-0837f1823cc4
25,@babel/preset-typescript,7.28.5,Transitive Dependency,MIT License,PERMISSIVE,NOT_REVIEWED,bdd2640c-3134-428b-bd22-c0c5e83ee2b9,3e55589c-2b06-4466-8032-496f27096dbb,ad705c59-6893-4980-bdbf-0837f1823cc4
26,@babel/template,7.28.6,Transitive Dependency,MIT License,PERMISSIVE,NOT_REVIEWED,2b614fe1-7e65-499c-b0ba-c87565dbc05f,2488bc30-d2e4-4ce9-ac51-4bb569f83dbe,ad705c59-6893-4980-bdbf-0837f1823cc4
27,@babel/template,7.29.7,Transitive Dependency,MIT License,PERMISSIVE,NOT_REVIEWED,2b614fe1-7e65-499c-b0ba-c87565dbc05f,61ef4e5a-c1e5-48ff-ae68-286e433cd903,ad705c59-6893-4980-bdbf-0837f1823cc4
28,@cacheable/memory,2.2.0,Transitive Dependency,MIT License,PERMISSIVE,NOT_REVIEWED,b600c978-5c88-4d63-9b27-e74edb201086,eaed0e3c-9bf9-47f1-8025-0927b5d35b34,ad705c59-6893-4980-bdbf-0837f1823cc4
29,@chevrotain/utils,11.1.2,Transitive Dependency,Apache License 2.0,PERMISSIVE,NOT_REVIEWED,748501de-728d-44cb-ba46-d144244b0d3c,e2184bb1-5dcd-4157-8013-8fac5720d2ab,7cae335f-1193-421e-92f1-8802b4243e93
30,@colors/colors,1.5.0,Transitive Dependency,MIT License,PERMISSIVE,NOT_REVIEWED,96dbf878-9017-44c5-8439-a283261f4cf0,7d8496e3-1cbb-4791-b118-d342a9c6f0ac,ad705c59-6893-4980-bdbf-0837f1823cc4
31,@coralogix/browser,3.20.0,Direct Dependency,Apache License 2.0,PERMISSIVE,NOT_REVIEWED,d6ecd804-b68a-47da-a961-2df154bd1caa,6f23d018-d160-442f-8f90-f6eaae19a178,7cae335f-1193-421e-92f1-8802b4243e93
32,@csstools/color-helpers,5.1.0,Transitive Dependency,MIT License,PERMISSIVE,NOT_REVIEWED,d34b1772-9eef-4ef8-a0b2-fa2d734c9854,f8007ab3-b5e5-43c9-8e6a-d168b90dd804,ad705c59-6893-4980-bdbf-0837f1823cc4
33,@csstools/css-color-parser,3.1.0,Transitive Dependency,MIT License,PERMISSIVE,NOT_REVIEWED,9c05da80-b2df-4872-b97c-d7eb4a423ae2,18724439-2e94-407a-931a-5ff0e2703340,ad705c59-6893-4980-bdbf-0837f1823cc4
34,@cucumber/gherkin,38.0.0,Transitive Dependency,MIT License,PERMISSIVE,NOT_REVIEWED,e4345e2e-23da-484f-a780-5e6a126e342d,bd9b466f-9b7c-4bf9-81e3-c20ad171e5d0,ad705c59-6893-4980-bdbf-0837f1823cc4
35,@cucumber/gherkin-utils,11.0.0,Transitive Dependency,MIT License,PERMISSIVE,NOT_REVIEWED,29874a58-74e1-4795-8ff0-51517483bc4b,cc776fd7-002e-47b0-85a1-400b522af7ca,ad705c59-6893-4980-bdbf-0837f1823cc4
36,@cucumber/query,15.0.1,Transitive Dependency,MIT License,PERMISSIVE,NOT_REVIEWED,dd24eca2-f9b8-4d27-a51f-86cdc4530373,7119d6e5-fc2f-47a3-9cb3-5f7a58cfe2bd,ad705c59-6893-4980-bdbf-0837f1823cc4
37,@cypress/xvfb,1.2.4,Transitive Dependency,MIT License,PERMISSIVE,NOT_REVIEWED,5a23f14c-ebda-4fce-93aa-b83f3ec8454a,f53cbb4a-8358-4f1f-b5ff-2b985a37e302,ad705c59-6893-4980-bdbf-0837f1823cc4
38,@datadog/browser-logs,7.14.0,Direct Dependency,Apache License 2.0,PERMISSIVE,NOT_REVIEWED,aac11730-5a6d-47ee-8649-a34a076bd9d6,839d543c-4608-4b65-97ab-40e6b7b85a29,7cae335f-1193-421e-92f1-8802b4243e93
39,@dependents/detective-less,5.0.3,Transitive Dependency,MIT License,PERMISSIVE,NOT_REVIEWED,f6cceebc-bcea-44a5-a10d-b8ff571dbf98,3d9b99c7-cf68-42c9-97ea-6e17f23fbf74,ad705c59-6893-4980-bdbf-0837f1823cc4
40,@discoveryjs/json-ext,1.1.0,Transitive Dependency,MIT License,PERMISSIVE,NOT_REVIEWED,82b8ae36-b174-4410-8357-faecff01879c,1faa3dab-a962-4210-82ac-c91a4f6772fd,ad705c59-6893-4980-bdbf-0837f1823cc4
41,@dotenvx/dotenvx,1.61.1,Transitive Dependency,"BSD 3-clause ""New"" or ""Revised"" License",PERMISSIVE,NOT_REVIEWED,a863511f-9776-4e73-bdb9-d711664b37ba,1af72dc9-3fff-4396-9eb2-cd1f8f6fff3a,3d238144-44e6-450e-b523-3defbdaed9dc
42,@eslint/compat,2.1.1,Direct Dependency,Apache License 2.0,PERMISSIVE,NOT_REVIEWED,2e97499e-97b3-43e0-9d8d-aaa973b44360,73920e5c-79cf-422b-96ce-98bb42d1a291,7cae335f-1193-421e-92f1-8802b4243e93
43,@eslint/config-array,0.21.2,Transitive Dependency,Apache License 2.0,PERMISSIVE,NOT_REVIEWED,ee01eed1-6a1c-4d8f-8da6-80890ade044b,e665ca9e-9821-4e83-8cf6-8dfc1e50e389,7cae335f-1193-421e-92f1-8802b4243e93
44,@eslint/config-array,0.23.5,Transitive Dependency,Apache License 2.0,PERMISSIVE,NOT_REVIEWED,ee01eed1-6a1c-4d8f-8da6-80890ade044b,ab4abed2-382b-4c52-90b7-5c1b12e32373,7cae335f-1193-421e-92f1-8802b4243e93
45,@eslint/config-helpers,0.4.2,Transitive Dependency,Apache License 2.0,PERMISSIVE,NOT_REVIEWED,433d5e05-d5b6-4ea7-bb6a-90b995c046cb,651c4dcf-5d43-4225-9ac6-7c705cfde8ca,7cae335f-1193-421e-92f1-8802b4243e93
46,@eslint/config-helpers,0.7.0,Transitive Dependency,Apache License 2.0,PERMISSIVE,NOT_REVIEWED,433d5e05-d5b6-4ea7-bb6a-90b995c046cb,3054a39a-bbc7-4f34-bc20-27086955e11a,7cae335f-1193-421e-92f1-8802b4243e93
47,@eslint/core,0.17.0,Transitive Dependency,Apache License 2.0,PERMISSIVE,NOT_REVIEWED,880d0548-e7a3-45df-b5bb-652767f988b9,4779e1e8-b746-4e83-b580-33126b021d4d,7cae335f-1193-421e-92f1-8802b4243e93
48,@eslint/core,1.2.1,Transitive Dependency,Apache License 2.0,PERMISSIVE,NOT_REVIEWED,880d0548-e7a3-45df-b5bb-652767f988b9,6211d603-aa21-45cd-9132-4e0037b3b5fc,7cae335f-1193-421e-92f1-8802b4243e93
49,@eslint/eslintrc,3.3.5,Transitive Dependency,MIT License,PERMISSIVE,NOT_REVIEWED,9e8c447a-c03b-44da-94ab-72db70514a89,d2ba8832-1983-4a96-8d2d-0cf6ba9344b5,ad705c59-6893-4980-bdbf-0837f1823cc4
50,@eslint/object-schema,2.1.7,Transitive Dependency,Apache License 2.0,PERMISSIVE,NOT_REVIEWED,3bcff2e0-dd64-4ee4-83d5-534c35bde767,8e7bf797-da31-44d0-b27b-3a55ffc4f258,7cae335f-1193-421e-92f1-8802b4243e93
51,@eslint/object-schema,3.0.5,Transitive Dependency,Apache License 2.0,PERMISSIVE,NOT_REVIEWED,3bcff2e0-dd64-4ee4-83d5-534c35bde767,8b157725-951c-4245-b61b-dfe36ae91be6,7cae335f-1193-421e-92f1-8802b4243e93
52,@exodus/schemasafe,1.3.0,Transitive Dependency,MIT License,PERMISSIVE,NOT_REVIEWED,1e27d100-d487-4fe4-a109-029cd1766c10,e2d6e25c-0fe3-47be-9282-f285335e0e8d,ad705c59-6893-4980-bdbf-0837f1823cc4
53,@floating-ui/react-dom,2.1.8,Transitive Dependency,MIT License,PERMISSIVE,NOT_REVIEWED,7055d767-b120-4ef3-ba87-a320f03909cf,e7971759-d206-4aa9-a36b-0b9d32a3e247,ad705c59-6893-4980-bdbf-0837f1823cc4
54,@fontsource-variable/inter,5.2.8,Direct Dependency,SIL Open Font License 1.1,WEAK_RECIPROCAL,NOT_REVIEWED,271301b0-0cf0-42a6-8a37-fb29c1ccbe6f,db14f1ec-690f-4589-b406-330a0c37426e,a2b22d60-6069-4170-9c9c-12fa97565fa6
55,@headlessui/react,2.2.9,Transitive Dependency,MIT License,PERMISSIVE,NOT_REVIEWED,37f118c4-79f6-42b7-93ef-a811aa3b564e,493c9b72-005c-47b3-b67a-5cbe8ee2bca7,ad705c59-6893-4980-bdbf-0837f1823cc4
56,@headlessui/tailwindcss,0.2.2,Transitive Dependency,MIT License,PERMISSIVE,NOT_REVIEWED,bf761f36-9063-44ff-93b6-a532eb028274,29c38255-10d1-4537-81be-e611da7da4b9,ad705c59-6893-4980-bdbf-0837f1823cc4
57,@humanfs/core,0.19.2,Transitive Dependency,Apache License 2.0,PERMISSIVE,NOT_REVIEWED,53b038e7-f4ef-48be-be9a-a7c4a80620be,959892b1-5c79-45e6-b42e-88d2e0dbac6a,7cae335f-1193-421e-92f1-8802b4243e93
58,@humanfs/types,0.15.0,Transitive Dependency,Apache License 2.0,PERMISSIVE,NOT_REVIEWED,98128166-e29f-4fb5-a124-1277202d77cf,dfae53c1-866b-4272-89d3-828349342b5e,7cae335f-1193-421e-92f1-8802b4243e93
59,@humanwhocodes/module-importer,1.0.1,Transitive Dependency,Apache License 2.0,PERMISSIVE,NOT_REVIEWED,ce45c6a4-0a56-42dc-a686-ccaface77d21,bb9ba65c-49ab-4bfc-bfc6-5158add31033,7cae335f-1193-421e-92f1-8802b4243e93
60,@iconify/types,2.0.0,Transitive Dependency,MIT License,PERMISSIVE,NOT_REVIEWED,f20414d8-b2de-4af4-a4e5-00322076ac09,ecf0851a-6e6a-4510-8da2-2e62b580a788,ad705c59-6893-4980-bdbf-0837f1823cc4
61,@iconify/utils,3.1.0,Transitive Dependency,MIT License,PERMISSIVE,NOT_REVIEWED,92ca5384-0ee8-46f0-91fa-701114f5850c,e9b298eb-7575-4760-8c22-f1ed0bbd4ce2,ad705c59-6893-4980-bdbf-0837f1823cc4
62,@inquirer/ansi,2.0.5,Transitive Dependency,MIT License,PERMISSIVE,NOT_REVIEWED,ae660014-9daf-4dec-961c-4b54d124cc7b,e222a7be-7da9-4fe6-acba-6d7be954f87d,ad705c59-6893-4980-bdbf-0837f1823cc4
63,@inquirer/confirm,6.0.12,Transitive Dependency,MIT License,PERMISSIVE,NOT_REVIEWED,9af7bf2a-fb68-4bcf-a1ff-7ff845a97365,58f1bd62-1da1-48b6-b917-739da233b03b,ad705c59-6893-4980-bdbf-0837f1823cc4
64,@inquirer/type,4.0.5,Transitive Dependency,MIT License,PERMISSIVE,NOT_REVIEWED,8f5d7458-ad4c-4189-96e1-957ebc5f034f,c2db4777-6191-42ca-b073-b888462f0704,ad705c59-6893-4980-bdbf-0837f1823cc4
65,@internationalized/date,3.12.4,Direct Dependency,Apache License 2.0,PERMISSIVE,NOT_REVIEWED,3190c105-6465-47a7-bdac-6d119aefdd2e,3a659e79-fcd3-458e-b24c-78be2259a723,7cae335f-1193-421e-92f1-8802b4243e93
66,@isaacs/cliui,8.0.2,Transitive Dependency,ISC License,PERMISSIVE,NOT_REVIEWED,3f713f79-2ff7-4b85-bce3-7d684d70bae0,b88ce2f0-1a15-46aa-9d64-8986eefd4b4b,14b0b50b-acd2-4fc8-ac65-3b15f9e58260
67,@isaacs/cliui,9.0.0,Transitive Dependency,Blue Oak Model License 1.0.0,PERMISSIVE,NOT_REVIEWED,3f713f79-2ff7-4b85-bce3-7d684d70bae0,05da654b-e40a-41ee-8919-8b06af8d737a,9581ad88-048e-43d1-a7bc-f3675f8f3558
68,@jridgewell/gen-mapping,0.3.13,Transitive Dependency,MIT License,PERMISSIVE,NOT_REVIEWED,1a46cf3c-7ef0-4c38-9928-8da310c9ff79,f9fd47b2-cd0c-4fdf-bf20-ac112822f6aa,ad705c59-6893-4980-bdbf-0837f1823cc4
69,@jridgewell/resolve-uri,3.1.2,Transitive Dependency,MIT License,PERMISSIVE,NOT_REVIEWED,4de516ae-93ed-46a2-8478-b35df7173d2c,4363da32-77a5-4081-a780-8aa9ccf2e143,ad705c59-6893-4980-bdbf-0837f1823cc4
70,@jridgewell/sourcemap-codec,1.5.5,Transitive Dependency,MIT License,PERMISSIVE,NOT_REVIEWED,330b5ef2-eca7-4fed-8154-4720096c50d2,02889fc0-eddf-4242-8584-0c658dfd8711,ad705c59-6893-4980-bdbf-0837f1823cc4
71,@jridgewell/sourcemap-codec,1.6.0,Transitive Dependency,MIT License,PERMISSIVE,NOT_REVIEWED,330b5ef2-eca7-4fed-8154-4720096c50d2,5addfde5-3085-4949-acb9-c74baac4def5,ad705c59-6893-4980-bdbf-0837f1823cc4
72,@keyv/serialize,1.1.1,Transitive Dependency,MIT License,PERMISSIVE,NOT_REVIEWED,3bfb0d19-f884-4330-a68e-5ead5340b34c,adf9604d-e74a-49a8-b158-328bca89a3f5,ad705c59-6893-4980-bdbf-0837f1823cc4
73,@lucide/svelte,1.48.0,Direct Dependency,ISC License,PERMISSIVE,NOT_REVIEWED,85fcec30-d5e5-49e7-8c5c-acf50ab7f663,86e950f7-a86c-46a7-8644-754ac2e63672,14b0b50b-acd2-4fc8-ac65-3b15f9e58260
74,@mermaid-js/mermaid-zenuml,0.2.2,Transitive Dependency,MIT License,PERMISSIVE,NOT_REVIEWED,759a8945-5cb1-414d-baa2-ca81d39e88c0,309b4a8e-1794-4b47-a9a6-88bde99d84ea,ad705c59-6893-4980-bdbf-0837f1823cc4
75,@mermaid-js/parser,1.0.1,Transitive Dependency,MIT License,PERMISSIVE,NOT_REVIEWED,bc149cc3-df5a-4d1c-acdf-2f2f40423293,255cfe21-3092-4c95-9764-73e1a1a8822b,ad705c59-6893-4980-bdbf-0837f1823cc4
76,@mswjs/interceptors,0.41.4,Transitive Dependency,MIT License,PERMISSIVE,NOT_REVIEWED,2e86429b-fbc2-4863-9e11-58f0ee17f183,878351fc-e803-47ec-99c6-c8f3758be2a7,ad705c59-6893-4980-bdbf-0837f1823cc4
77,@muxy/svg-spritemap-webpack-plugin,4.5.0,Direct Dependency,MIT License,PERMISSIVE,NOT_REVIEWED,ebec188a-57ab-4bb6-8928-b8f64790533c,c82c8273-8b3c-4b3f-b66b-670fcb1d11c6,ad705c59-6893-4980-bdbf-0837f1823cc4
78,@noble/hashes,1.8.0,Transitive Dependency,MIT License,PERMISSIVE,NOT_REVIEWED,7b3f1a1f-175e-45d7-b68c-6885e60e6e0d,ad060482-2c70-406a-8b10-84b30fc49151,ad705c59-6893-4980-bdbf-0837f1823cc4
79,@nodelib/fs.scandir,2.1.5,Transitive Dependency,MIT License,PERMISSIVE,NOT_REVIEWED,1b04c24d-6aa7-48bc-876c-902f749b7fbb,6e13cf00-0e6c-4150-aaf3-a57f4d07ec72,ad705c59-6893-4980-bdbf-0837f1823cc4
80,@oozcitak/infra,2.0.2,Transitive Dependency,MIT License,PERMISSIVE,NOT_REVIEWED,b74b3170-b2ee-4207-ae35-891c94ecf64a,bf58e71b-44a5-4a8b-a339-3bae20869601,ad705c59-6893-4980-bdbf-0837f1823cc4
81,@oozcitak/util,10.0.0,Transitive Dependency,MIT License,PERMISSIVE,NOT_REVIEWED,55541576-9647-4724-a5e1-145ac35c7f87,af24c4eb-ac0a-4cf0-bfec-7074660be2e5,ad705c59-6893-4980-bdbf-0837f1823cc4
82,@open-draft/deferred-promise,2.2.0,Transitive Dependency,MIT License,PERMISSIVE,NOT_REVIEWED,2c25de13-9dab-42c7-9b55-5e667ad6b7e0,e10828d2-f73a-47ab-97b6-8a91de0415be,ad705c59-6893-4980-bdbf-0837f1823cc4
83,@open-draft/deferred-promise,3.0.0,Transitive Dependency,MIT License,PERMISSIVE,NOT_REVIEWED,2c25de13-9dab-42c7-9b55-5e667ad6b7e0,072dfdb6-9064-4709-b244-72b5c3a5d65d,ad705c59-6893-4980-bdbf-0837f1823cc4
84,@oxc-project/types,0.151.0,Transitive Dependency,MIT License,PERMISSIVE,NOT_REVIEWED,2baa78f6-b005-4720-a98e-cb67e0a94b1c,b60b9b24-bce9-4ef9-aad4-9d5279878581,ad705c59-6893-4980-bdbf-0837f1823cc4
85,@peculiar/x509,1.13.0,Direct Dependency,MIT License,PERMISSIVE,NOT_REVIEWED,ee66875d-a1cf-439d-a0a6-11d4d2ffa193,8ca52605-75eb-4169-8f17-eedd3f493bff,ad705c59-6893-4980-bdbf-0837f1823cc4
86,@pkgjs/parseargs,0.11.0,Transitive Dependency,MIT License,PERMISSIVE,NOT_REVIEWED,db83a1e5-fa74-49e8-a064-358805cc9c56,ac378256-a2bf-42ec-bc57-784774ec8f89,ad705c59-6893-4980-bdbf-0837f1823cc4
87,@pkgr/core,0.2.9,Transitive Dependency,MIT License,PERMISSIVE,NOT_REVIEWED,0695e1e7-df70-4a51-b20d-0f406c38bbc2,ac4d6cc0-e931-43bc-953a-c572e181d182,ad705c59-6893-4980-bdbf-0837f1823cc4
88,@polka/url,1.0.0-next.29,Transitive Dependency,MIT License,PERMISSIVE,NOT_REVIEWED,1d525957-e0d9-4eca-afed-ed20d2192d0f,32f605e7-cdd4-4c5c-b53c-2707141b01e2,ad705c59-6893-4980-bdbf-0837f1823cc4
89,@popperjs/core,2.11.8,Direct Dependency,MIT License,PERMISSIVE,NOT_REVIEWED,838ae734-e6bb-43be-850c-7d79f29c18fa,29eaae01-5299-4195-a140-4eb6c4e7bb2e,ad705c59-6893-4980-bdbf-0837f1823cc4
90,@radix-ui/primitive,1.1.3,Transitive Dependency,MIT License,PERMISSIVE,NOT_REVIEWED,51cfc34b-3a2f-4948-bb8c-c3061474cc16,14eb7a87-8993-44a3-9ea1-c23a54a0f0ee,ad705c59-6893-4980-bdbf-0837f1823cc4
91,@radix-ui/react-alert-dialog,1.1.15,Transitive Dependency,MIT License,PERMISSIVE,NOT_REVIEWED,464733e2-86f1-4130-a980-6f7b819705ec,c5eb7656-b6fa-4919-841a-b535ba5ef2fe,ad705c59-6893-4980-bdbf-0837f1823cc4
92,@radix-ui/react-arrow,1.1.7,Transitive Dependency,MIT License,PERMISSIVE,NOT_REVIEWED,dc6a94a9-6831-4206-962d-feb3358c682e,f7b3b331-103c-4580-85b3-cfabf5834826,ad705c59-6893-4980-bdbf-0837f1823cc4
93,@radix-ui/react-aspect-ratio,1.1.7,Transitive Dependency,MIT License,PERMISSIVE,NOT_REVIEWED,b9daf32a-1ccb-4286-8d92-2a4ff749434a,7aa42901-31bf-452c-b114-ae5e0443c633,ad705c59-6893-4980-bdbf-0837f1823cc4
94,@radix-ui/react-avatar,1.1.10,Transitive Dependency,MIT License,PERMISSIVE,NOT_REVIEWED,778b5bf7-1ebc-48f4-b8a2-5024a4183df9,3197dd59-96ce-4143-a88e-9bd6234e913b,ad705c59-6893-4980-bdbf-0837f1823cc4
95,@radix-ui/react-collapsible,1.1.12,Transitive Dependency,MIT License,PERMISSIVE,NOT_REVIEWED,aa03d8b0-947f-4bba-9275-64def9681b8a,0c169ec0-6a6e-469d-b4e4-b591ef3b6ce0,ad705c59-6893-4980-bdbf-0837f1823cc4
96,@radix-ui/react-compose-refs,1.1.2,Transitive Dependency,MIT License,PERMISSIVE,NOT_REVIEWED,ea4c184d-7725-4dac-adf1-b19f33a876c9,a8747845-27d8-44a6-9e6c-55413b37b768,ad705c59-6893-4980-bdbf-0837f1823cc4
97,@radix-ui/react-context,1.1.2,Transitive Dependency,MIT License,PERMISSIVE,NOT_REVIEWED,52f88235-bc5e-4f93-af40-74041e17f397,3b353479-d830-497f-9ee5-8a108779cfe5,ad705c59-6893-4980-bdbf-0837f1823cc4
98,@radix-ui/react-dialog,1.1.15,Transitive Dependency,MIT License,PERMISSIVE,NOT_REVIEWED,786d8df3-39f2-4440-92ff-13db4182c946,2b98f53d-c01d-4dfa-aac9-630db08ffe74,ad705c59-6893-4980-bdbf-0837f1823cc4
99,@radix-ui/react-direction,1.1.1,Transitive Dependency,MIT License,PERMISSIVE,NOT_REVIEWED,8118653c-7d0d-4877-9533-fcef2d800bcd,f799fe3b-4108-4624-bba0-858a7c9d9d76,ad705c59-6893-4980-bdbf-0837f1823cc4
100,@radix-ui/react-dismissable-layer,1.1.11,Transitive Dependency,MIT License,PERMISSIVE,NOT_REVIEWED,4a91af51-9071-4902-8bfe-3566e2052a55,5e91f624-bcd1-4f8d-9384-11917afbf7ab,ad705c59-6893-4980-bdbf-0837f1823cc4
101,@radix-ui/react-focus-scope,1.1.7,Transitive Dependency,MIT License,PERMISSIVE,NOT_REVIEWED,d0109edb-5c1a-49a0-9235-5d3d3a0059f6,b9b531f2-a5f3-4511-9180-744290b5f67c,ad705c59-6893-4980-bdbf-0837f1823cc4
102,@radix-ui/react-form,0.1.8,Transitive Dependency,MIT License,PERMISSIVE,NOT_REVIEWED,ea6f168a-c06c-4f51-8ac3-1096da783563,2b0f01c8-5940-42de-aa9c-0b558bb9b820,ad705c59-6893-4980-bdbf-0837f1823cc4
103,@radix-ui/react-hover-card,1.1.15,Transitive Dependency,MIT License,PERMISSIVE,NOT_REVIEWED,8e2bb556-4698-4514-b862-09642235b29d,603f829f-f1d0-4242-93b9-173bdaf26590,ad705c59-6893-4980-bdbf-0837f1823cc4
104,@radix-ui/react-label,2.1.7,Transitive Dependency,MIT License,PERMISSIVE,NOT_REVIEWED,fcc362fe-b6b2-4847-8c5f-8883789c5d63,10dc7221-8bf5-463d-94a2-01dc28c94431,ad705c59-6893-4980-bdbf-0837f1823cc4
105,@radix-ui/react-menu,2.1.16,Transitive Dependency,MIT License,PERMISSIVE,NOT_REVIEWED,c28ad1e7-9379-4421-8ff6-360c913a070d,92e45aa7-df88-47ec-aca2-8dfacf4007ee,ad705c59-6893-4980-bdbf-0837f1823cc4
106,@radix-ui/react-navigation-menu,1.2.14,Transitive Dependency,MIT License,PERMISSIVE,NOT_REVIEWED,667d61df-0a3a-4e42-8d6b-00c2731b5124,f591e345-48ce-47c0-850e-51e1383c1f23,ad705c59-6893-4980-bdbf-0837f1823cc4
107,@radix-ui/react-popover,1.1.15,Transitive Dependency,MIT License,PERMISSIVE,NOT_REVIEWED,a326e285-4dff-4a2b-a54e-1f27aae8fcca,df5f0773-a143-4902-934c-5ce6cbb2408d,ad705c59-6893-4980-bdbf-0837f1823cc4
108,@radix-ui/react-popper,1.2.8,Transitive Dependency,MIT License,PERMISSIVE,NOT_REVIEWED,874c1606-f129-46e4-9888-8f5659c80656,6074336d-446b-4ea8-8d94-02c664a2860e,ad705c59-6893-4980-bdbf-0837f1823cc4
109,@radix-ui/react-portal,1.1.9,Transitive Dependency,MIT License,PERMISSIVE,NOT_REVIEWED,4adf7dcd-75ee-4107-b388-678272134494,c63956f8-0097-4be8-905f-cf65f9310fc7,ad705c59-6893-4980-bdbf-0837f1823cc4
110,@radix-ui/react-roving-focus,1.1.11,Transitive Dependency,MIT License,PERMISSIVE,NOT_REVIEWED,fddbe55c-1788-498a-9b31-b7bb9548e8fd,8cf15e62-a049-44a9-bd67-98dded4e1d1a,ad705c59-6893-4980-bdbf-0837f1823cc4
111,@radix-ui/react-scroll-area,1.2.10,Transitive Dependency,MIT License,PERMISSIVE,NOT_REVIEWED,22c2494a-cad3-41f1-a276-e7e03dc72e4c,58ac7011-1704-47e3-a063-83b9ccb0a56c,ad705c59-6893-4980-bdbf-0837f1823cc4
112,@radix-ui/react-select,2.2.6,Transitive Dependency,MIT License,PERMISSIVE,NOT_REVIEWED,ffa5b1ad-2d8e-4093-a6f8-238550c8a173,b655d53c-632f-48a6-8be2-ae9f64bbe721,ad705c59-6893-4980-bdbf-0837f1823cc4
113,@radix-ui/react-switch,1.2.6,Transitive Dependency,MIT License,PERMISSIVE,NOT_REVIEWED,a568d9bb-555c-4c0d-aeaa-463a088daab5,7b416794-308b-4697-a6d9-ba0a96305dd9,ad705c59-6893-4980-bdbf-0837f1823cc4
114,@radix-ui/react-toast,1.2.15,Transitive Dependency,MIT License,PERMISSIVE,NOT_REVIEWED,4d554853-addb-4d25-9bbd-43da0bd1d14b,51dcecca-53fa-48fd-91dd-cc0e24e80d01,ad705c59-6893-4980-bdbf-0837f1823cc4
115,@radix-ui/react-toggle,1.1.10,Transitive Dependency,MIT License,PERMISSIVE,NOT_REVIEWED,ff050794-946d-499d-8c7d-5226037ff334,e1b6976c-589f-49b6-b771-6d96a6850c00,ad705c59-6893-4980-bdbf-0837f1823cc4
116,@radix-ui/react-toggle-group,1.1.11,Transitive Dependency,MIT License,PERMISSIVE,NOT_REVIEWED,d896cd6e-2ccf-4727-9caa-a28923031784,8d2931d0-d3af-4c79-a0b8-1705f2247675,ad705c59-6893-4980-bdbf-0837f1823cc4
117,@radix-ui/react-tooltip,1.2.8,Transitive Dependency,MIT License,PERMISSIVE,NOT_REVIEWED,96427ca2-e6d5-43fe-a476-dd60fb8b3a6c,f8dae08c-5650-49c9-bdfe-97cecf01b0fa,ad705c59-6893-4980-bdbf-0837f1823cc4
118,@radix-ui/react-use-effect-event,0.0.2,Transitive Dependency,MIT License,PERMISSIVE,NOT_REVIEWED,f2505965-6701-48ed-8dd4-6e8eb4382fc8,34851015-2d4b-4d08-a14b-b9d62cfea012,ad705c59-6893-4980-bdbf-0837f1823cc4
119,@radix-ui/react-use-layout-effect,1.1.1,Transitive Dependency,MIT License,PERMISSIVE,NOT_REVIEWED,2558dcbe-b23b-4560-ab67-f41edd933e11,07b36831-ebca-4de5-9afc-f287e980a065,ad705c59-6893-4980-bdbf-0837f1823cc4
120,@radix-ui/react-use-previous,1.1.1,Transitive Dependency,MIT License,PERMISSIVE,NOT_REVIEWED,1735b672-7521-4b37-b6ea-ab97918b6471,502fed39-742e-43b9-ace7-4eee24753227,ad705c59-6893-4980-bdbf-0837f1823cc4
121,@radix-ui/rect,1.1.1,Transitive Dependency,MIT License,PERMISSIVE,NOT_REVIEWED,adf14ec6-dbf8-47a3-9aa6-7693aca93a53,ed3c8192-200f-4f17-93f0-c02303266ff9,ad705c59-6893-4980-bdbf-0837f1823cc4
122,@react-aria/focus,3.21.5,Transitive Dependency,Apache License 2.0,PERMISSIVE,NOT_REVIEWED,30e846da-0925-41e8-99cd-4e45c3c9e79f,ed7fdf5e-7678-43e7-8c4e-c239b0016f61,7cae335f-1193-421e-92f1-8802b4243e93
123,@react-aria/interactions,3.27.1,Transitive Dependency,Apache License 2.0,PERMISSIVE,NOT_REVIEWED,e88fc2e3-1ecd-4c65-ac52-48ce2e43715b,b7d71bc7-414a-491c-a7b8-cfa3576af3c2,7cae335f-1193-421e-92f1-8802b4243e93
124,@react-aria/ssr,3.9.10,Transitive Dependency,Apache License 2.0,PERMISSIVE,NOT_REVIEWED,bc166abb-d827-44dc-8a2c-c9b06bd2fb84,4a3b70ec-3924-4ade-8d70-a33fe2ebba5b,7cae335f-1193-421e-92f1-8802b4243e93
125,@react-aria/utils,3.33.1,Transitive Dependency,Apache License 2.0,PERMISSIVE,NOT_REVIEWED,60bbba5b-5c85-47e4-a7d7-928ff8430929,74e1d668-60f1-4455-875c-37e80a06d7a7,7cae335f-1193-421e-92f1-8802b4243e93
126,@react-stately/utils,3.11.0,Transitive Dependency,Apache License 2.0,PERMISSIVE,NOT_REVIEWED,568d1967-0c47-4ed3-a648-b3a8b072f6d4,8c2ea98b-6616-4a31-9803-cad3ccd623a3,7cae335f-1193-421e-92f1-8802b4243e93
127,@react-types/shared,3.33.1,Transitive Dependency,Apache License 2.0,PERMISSIVE,NOT_REVIEWED,4760a2ea-de99-41ba-acb7-08e27f5ba0e2,04565a59-fc54-4ead-ba16-eef2234d109a,7cae335f-1193-421e-92f1-8802b4243e93
128,@reduxjs/toolkit,2.11.2,Direct Dependency,MIT License,PERMISSIVE,NOT_REVIEWED,d5f52e95-9239-4625-9123-2540e38cb91d,01539fa5-f0cd-4890-802a-5699c426fe93,ad705c59-6893-4980-bdbf-0837f1823cc4
129,@rolldown/binding-darwin-x64,1.2.11,Transitive Dependency,MIT License,PERMISSIVE,NOT_REVIEWED,e63a9d0b-c762-4415-b350-5e98f3bf675a,edc44c7f-af38-45ce-9b47-e2d611edf4b3,ad705c59-6893-4980-bdbf-0837f1823cc4
130,@rolldown/binding-linux-arm-gnueabihf,1.2.11,Transitive Dependency,MIT License,PERMISSIVE,NOT_REVIEWED,7796d6e4-a7c8-48ec-864f-ca10f94f7c13,30de56d0-bde3-415f-809f-07f0b80b618c,ad705c59-6893-4980-bdbf-0837f1823cc4
131,@rolldown/binding-linux-arm64-musl,1.2.11,Transitive Dependency,MIT License,PERMISSIVE,NOT_REVIEWED,30e6636c-1cf0-4633-baad-c5c881831591,e89b7496-1aa2-4155-8ceb-96cc3907e792,ad705c59-6893-4980-bdbf-0837f1823cc4
132,@rolldown/binding-linux-x64-gnu,1.2.11,Transitive Dependency,MIT License,PERMISSIVE,NOT_REVIEWED,bafb1ffa-a555-45a2-a4fe-d15b0bcce3a0,e59114d6-6a71-4a78-a7b1-381a7cd11740,ad705c59-6893-4980-bdbf-0837f1823cc4
133,@rolldown/binding-linux-x64-musl,1.2.11,Transitive Dependency,MIT License,PERMISSIVE,NOT_REVIEWED,8f487902-27c5-4270-b35d-770eb26037e2,5ae3d18d-84bc-4a71-9fc5-35fc64efb465,ad705c59-6893-4980-bdbf-0837f1823cc4
134,@rolldown/binding-openharmony-arm64,1.2.11,Transitive Dependency,MIT License,PERMISSIVE,NOT_REVIEWED,c070a6b3-7b16-4040-8e8a-ec3382c5f959,66fb3a10-14e7-41e1-80a2-cb701f5ae061,ad705c59-6893-4980-bdbf-0837f1823cc4
135,@rolldown/binding-win32-x64-msvc,1.2.11,Transitive Dependency,MIT License,PERMISSIVE,NOT_REVIEWED,13c314e9-c401-4645-b1e6-e14746e36c9c,67c48ead-89ac-45e1-a979-1b46be528589,ad705c59-6893-4980-bdbf-0837f1823cc4
136,@rolldown/pluginutils,1.0.0-rc.3,Transitive Dependency,MIT License,PERMISSIVE,NOT_REVIEWED,463491d3-3a80-401a-9d17-147f17a82383,89f4a3a9-df45-4ffa-b676-31317208a71d,ad705c59-6893-4980-bdbf-0837f1823cc4
137,@rolldown/pluginutils,1.0.1,Transitive Dependency,MIT License,PERMISSIVE,NOT_REVIEWED,463491d3-3a80-401a-9d17-147f17a82383,3387f715-24ef-46c1-a869-81adf6b4ff31,ad705c59-6893-4980-bdbf-0837f1823cc4
138,@rollup/rollup-darwin-arm64,4.60.2,Transitive Dependency,MIT License,PERMISSIVE,NOT_REVIEWED,25a37f76-d383-4aaa-b860-e49c72fcc236,1b38eb19-2f8f-474d-ac61-e48eee4eb414,ad705c59-6893-4980-bdbf-0837f1823cc4
139,@rollup/rollup-linux-arm-gnueabihf,4.60.2,Transitive Dependency,MIT License,PERMISSIVE,NOT_REVIEWED,dd4642f4-39a7-4c21-a714-2b8c83fcfb3b,6f40f7ed-03bf-44f6-bdfb-edb3690f010c,ad705c59-6893-4980-bdbf-0837f1823cc4
140,@rollup/rollup-linux-riscv64-gnu,4.60.2,Transitive Dependency,MIT License,PERMISSIVE,NOT_REVIEWED,309587f2-97bc-4a0d-90ce-b6e00311b9d8,380a168d-f3b7-4e02-a572-b7063ff55997,ad705c59-6893-4980-bdbf-0837f1823cc4
141,@rollup/rollup-linux-s390x-gnu,4.60.2,Transitive Dependency,MIT License,PERMISSIVE,NOT_REVIEWED,ac04581c-23e1-421e-af06-024c04974681,afdd1de8-a7e6-469b-97e4-1f7c638b9899,ad705c59-6893-4980-bdbf-0837f1823cc4
142,@rollup/rollup-linux-x64-gnu,4.60.2,Transitive Dependency,MIT License,PERMISSIVE,NOT_REVIEWED,971b1e33-35b2-4d28-b114-07d06871707b,710938dd-bcea-4b1d-be67-676beadaa844,ad705c59-6893-4980-bdbf-0837f1823cc4
143,@rollup/rollup-linux-x64-musl,4.60.2,Transitive Dependency,MIT License,PERMISSIVE,NOT_REVIEWED,eecd60f0-3f91-4270-a0c4-caaf82d0a31d,2ef96e17-1e16-44b1-9d82-fce44e2c509d,ad705c59-6893-4980-bdbf-0837f1823cc4
144,@rollup/rollup-openbsd-x64,4.60.2,Transitive Dependency,MIT License,PERMISSIVE,NOT_REVIEWED,3063b21d-6a21-4ce3-b617-66ea598e09e0,3fc15b20-34e6-4bf0-b5a7-f9b68da803e5,ad705c59-6893-4980-bdbf-0837f1823cc4
145,@rollup/rollup-openharmony-arm64,4.60.2,Transitive Dependency,MIT License,PERMISSIVE,NOT_REVIEWED,a76728c0-d39d-4df2-af8e-4e525d2bb744,8a5e2474-4253-4193-8770-73999d0a3c99,ad705c59-6893-4980-bdbf-0837f1823cc4
146,@rollup/rollup-win32-arm64-msvc,4.60.2,Transitive Dependency,MIT License,PERMISSIVE,NOT_REVIEWED,da148bb1-e441-4db2-8adb-3230bbe991f4,84acbd53-6443-4b89-929e-9e128353d8fc,ad705c59-6893-4980-bdbf-0837f1823cc4
147,@rollup/rollup-win32-ia32-msvc,4.60.2,Transitive Dependency,MIT License,PERMISSIVE,NOT_REVIEWED,430c03f4-689f-40d3-9555-6d184f4b456f,adb14710-f42c-442a-958a-0c4142177c67,ad705c59-6893-4980-bdbf-0837f1823cc4
148,@sideway/pinpoint,2.0.0,Transitive Dependency,"BSD 3-clause ""New"" or ""Revised"" License",PERMISSIVE,NOT_REVIEWED,ab3f9022-084c-4f15-a696-66c244c21c29,daa816ca-0353-40f7-8844-8d2e3c7d7bf0,3d238144-44e6-450e-b523-3defbdaed9dc
149,@sindresorhus/merge-streams,4.0.0,Transitive Dependency,MIT License,PERMISSIVE,NOT_REVIEWED,347cc8fe-4fc2-4117-94c3-c64c446b4c81,4c42bc63-3b97-4e15-9073-a784e9aca3bc,ad705c59-6893-4980-bdbf-0837f1823cc4
150,@standard-schema/utils,0.3.0,Transitive Dependency,MIT License,PERMISSIVE,NOT_REVIEWED,0cc0349e-7790-4a95-8e03-ae3987dedc62,15f27e04-ba3a-4b90-b531-3c30cca8fdf8,ad705c59-6893-4980-bdbf-0837f1823cc4
151,@storybook/addon-essentials,8.5.2,Direct Dependency,MIT License,PERMISSIVE,NOT_REVIEWED,8680af9b-496b-496f-aae2-d0617a6b8e53,bf4096a9-9b8f-4c4e-998f-9809fff41647,ad705c59-6893-4980-bdbf-0837f1823cc4
152,@storybook/addon-interactions,8.5.2,Direct Dependency,MIT License,PERMISSIVE,NOT_REVIEWED,1f967c61-5457-4c65-840e-41e5aca9c129,2d120b81-44cf-4fab-b658-4f5a51dc7c93,ad705c59-6893-4980-bdbf-0837f1823cc4
153,@stripe/stripe-js,9.7.0,Direct Dependency,MIT License,PERMISSIVE,NOT_REVIEWED,09e63d78-da30-419d-b4c9-359fefb7e4ad,cf798e6b-c220-44d6-9665-b1561d03efa5,ad705c59-6893-4980-bdbf-0837f1823cc4
154,@stryker-mutator/core,9.6.1,Direct Dependency,Apache License 2.0,PERMISSIVE,NOT_REVIEWED,97a167d2-43f3-450d-913a-0276063c44d1,1378d3f4-2c43-40f2-910c-07164937b808,7cae335f-1193-421e-92f1-8802b4243e93
155,@stryker-mutator/jest-runner,9.6.1,Direct Dependency,Apache License 2.0,PERMISSIVE,NOT_REVIEWED,9a973e8d-cef2-4a5b-9fb7-7dbc694184fd,6a910e6c-fb0b-4f70-a96a-db2b2b0d3200,7cae335f-1193-421e-92f1-8802b4243e93
156,@sveltejs/vite-plugin-svelte,7.3.1,Direct Dependency,MIT License,PERMISSIVE,NOT_REVIEWED,c4a6b76a-d243-49c1-83d3-b412e5e27a42,c7f7b8ff-7914-4fd1-bb68-6da5221bbbe5,ad705c59-6893-4980-bdbf-0837f1823cc4
157,@tailwindcss/forms,0.5.11,Direct Dependency,MIT License,PERMISSIVE,NOT_REVIEWED,75900ea9-27dd-4705-acc5-56f822840b1e,43dcc1a2-b848-460e-8617-39fec61c473e,ad705c59-6893-4980-bdbf-0837f1823cc4
158,@tanstack/query-sync-storage-persister,4.29.7,Direct Dependency,MIT License,PERMISSIVE,NOT_REVIEWED,49e4d0df-cdcf-4973-bc65-d3b21404b4d8,afe23c2e-2281-44c4-b5a7-b6d6f3eaf6c6,ad705c59-6893-4980-bdbf-0837f1823cc4
159,@tanstack/react-virtual,3.10.9,Direct Dependency,MIT License,PERMISSIVE,NOT_REVIEWED,296fd302-fad4-4bcd-a5a5-85516cf891d6,a78f2fbe-c469-46ab-8af3-2f1802b39bb7,ad705c59-6893-4980-bdbf-0837f1823cc4
160,@tanstack/react-virtual,3.13.23,Transitive Dependency,MIT License,PERMISSIVE,NOT_REVIEWED,296fd302-fad4-4bcd-a5a5-85516cf891d6,98eea8eb-c5e0-4524-aba6-052bb98c1606,ad705c59-6893-4980-bdbf-0837f1823cc4
161,@tanstack/table-core,8.21.3,Direct Dependency,MIT License,PERMISSIVE,NOT_REVIEWED,c33705a4-c7d3-46a9-b5de-d3c250389121,cf870cba-4312-41c9-8e37-7201817cf35d,ad705c59-6893-4980-bdbf-0837f1823cc4
162,@testing-library/cypress,10.1.3,Direct Dependency,MIT License,PERMISSIVE,NOT_REVIEWED,d61015ac-8341-4602-bcfe-36878e5b0f32,392b4530-5127-4a44-a95e-0e21a2071c3e,ad705c59-6893-4980-bdbf-0837f1823cc4
163,@testing-library/dom,10.4.1,Transitive Dependency,MIT License,PERMISSIVE,NOT_REVIEWED,14a9a5ef-b66b-471b-9c8a-c758385d65d5,1b922fec-f113-48d0-a004-953c81f12dfa,ad705c59-6893-4980-bdbf-0837f1823cc4
164,@testing-library/dom,10.4.2,Transitive Dependency,MIT License,PERMISSIVE,NOT_REVIEWED,14a9a5ef-b66b-471b-9c8a-c758385d65d5,4f8b003d-051f-4e7e-8fc3-4e512c8fea1b,ad705c59-6893-4980-bdbf-0837f1823cc4
165,@testing-library/jest-dom,5.16.5,Direct Dependency,MIT License,PERMISSIVE,NOT_REVIEWED,ea996d94-25fa-46e4-b78b-6e896129b50a,5b87639a-272e-4a05-980a-86125993989b,ad705c59-6893-4980-bdbf-0837f1823cc4
166,@testing-library/jest-dom,6.9.1,Direct Dependency,MIT License,PERMISSIVE,NOT_REVIEWED,ea996d94-25fa-46e4-b78b-6e896129b50a,ada25673-766c-4b85-828e-3d185d70058e,ad705c59-6893-4980-bdbf-0837f1823cc4
167,@testing-library/svelte,5.4.2,Direct Dependency,MIT License,PERMISSIVE,NOT_REVIEWED,3915d049-a707-4193-bacb-0116e96a49b9,f1fd51ab-3648-47e9-ae1b-52bf2f7d4dd4,ad705c59-6893-4980-bdbf-0837f1823cc4
168,@testing-library/svelte-core,1.1.3,Transitive Dependency,MIT License,PERMISSIVE,NOT_REVIEWED,0b989bb4-1a20-4121-b024-7225ab1a59f5,32cc25e7-f868-4cf0-9302-1922c7ac1cb3,ad705c59-6893-4980-bdbf-0837f1823cc4
169,@testing-library/user-event,14.4.3,Direct Dependency,MIT License,PERMISSIVE,NOT_REVIEWED,61369382-8a79-47db-9eed-c15e4795cd1c,e4a29a8e-c1fd-44dd-9eb7-6431e7ebee68,ad705c59-6893-4980-bdbf-0837f1823cc4
170,@testing-library/user-event,14.6.1,Direct Dependency,MIT License,PERMISSIVE,NOT_REVIEWED,61369382-8a79-47db-9eed-c15e4795cd1c,1cd22d2f-23c0-4017-9721-76e6ed757918,ad705c59-6893-4980-bdbf-0837f1823cc4
171,@testing-library/user-event,14.6.7,Direct Dependency,MIT License,PERMISSIVE,NOT_REVIEWED,61369382-8a79-47db-9eed-c15e4795cd1c,8c16db24-66b4-4760-8373-276cb66efc79,ad705c59-6893-4980-bdbf-0837f1823cc4
172,@types/d3,7.4.3,Transitive Dependency,MIT License,PERMISSIVE,NOT_REVIEWED,558b5eb0-da4c-4b92-9d49-16612c0ac14a,428798c1-3061-4d3a-969c-43630d9519fb,ad705c59-6893-4980-bdbf-0837f1823cc4
173,@types/d3-chord,3.0.6,Transitive Dependency,MIT License,PERMISSIVE,NOT_REVIEWED,758f1d12-68b4-4d13-9173-7f0e7ac131ec,07c43341-b833-41ad-baec-775e836951f3,ad705c59-6893-4980-bdbf-0837f1823cc4
174,@types/d3-contour,3.0.6,Transitive Dependency,MIT License,PERMISSIVE,NOT_REVIEWED,3a7abb9c-3e1e-4123-bdc6-690e802c9c69,5a7654ec-b7c2-42a5-a19a-88a96df75a3c,ad705c59-6893-4980-bdbf-0837f1823cc4
175,@types/d3-delaunay,6.0.4,Transitive Dependency,MIT License,PERMISSIVE,NOT_REVIEWED,3a30a839-2620-49ff-972a-84d03279c9b3,d697c463-a548-4f32-a544-045240b4b817,ad705c59-6893-4980-bdbf-0837f1823cc4
176,@types/d3-dsv,3.0.0,Direct Dependency,MIT License,PERMISSIVE,NOT_REVIEWED,e0116563-3124-41a5-8689-b2212d364e19,19749f27-7d68-4177-b1b8-007ce6757513,ad705c59-6893-4980-bdbf-0837f1823cc4
177,@types/d3-dsv,3.0.7,Transitive Dependency,MIT License,PERMISSIVE,NOT_REVIEWED,e0116563-3124-41a5-8689-b2212d364e19,952d68ad-36f2-47ce-8b56-4cbb3dda8275,ad705c59-6893-4980-bdbf-0837f1823cc4
178,@types/d3-fetch,3.0.7,Transitive Dependency,MIT License,PERMISSIVE,NOT_REVIEWED,e496cf6f-0c60-4968-a339-114f84ae6368,8b45d986-6944-4132-a190-9d83739fb27d,ad705c59-6893-4980-bdbf-0837f1823cc4
179,@types/d3-force,3.0.10,Transitive Dependency,MIT License,PERMISSIVE,NOT_REVIEWED,c48a66e7-85c5-4d6d-967b-48a6377806c7,0061e032-96c2-42f8-b821-e94d8e7af906,ad705c59-6893-4980-bdbf-0837f1823cc4
180,@types/d3-geo,3.1.0,Transitive Dependency,MIT License,PERMISSIVE,NOT_REVIEWED,c65aa5cd-e504-40f7-8342-56daed851a6c,7873c6a6-821c-4288-b513-e06ca43c0a19,ad705c59-6893-4980-bdbf-0837f1823cc4
181,@types/d3-scale,4.0.9,Transitive Dependency,MIT License,PERMISSIVE,NOT_REVIEWED,b447b43b-6982-4b46-ad76-54097fadd9e2,b7a38849-d12c-4f7e-80e7-b36abfc805e0,ad705c59-6893-4980-bdbf-0837f1823cc4
182,@types/d3-selection,3.0.11,Direct Dependency,MIT License,PERMISSIVE,NOT_REVIEWED,11b02c32-d1f7-4b42-ab3c-7e3b887e86c2,cbe2a6b0-8147-4d1f-94c6-c4e9de7c912b,ad705c59-6893-4980-bdbf-0837f1823cc4
183,@types/d3-shape,3.1.7,Direct Dependency,MIT License,PERMISSIVE,NOT_REVIEWED,ae18bdba-b911-4396-8448-c984c9ac7d66,e43da249-f2fa-44d6-8391-174eaeff60b6,ad705c59-6893-4980-bdbf-0837f1823cc4
184,@types/d3-shape,3.1.8,Transitive Dependency,MIT License,PERMISSIVE,NOT_REVIEWED,ae18bdba-b911-4396-8448-c984c9ac7d66,4db9e3ea-6910-42f0-a9aa-ae36d0b86d6e,ad705c59-6893-4980-bdbf-0837f1823cc4
185,@types/d3-time-format,4.0.3,Transitive Dependency,MIT License,PERMISSIVE,NOT_REVIEWED,d3b19448-3a3b-4b84-a70b-17a122cfcda1,34d74113-8862-48ed-9e01-aef050015c73,ad705c59-6893-4980-bdbf-0837f1823cc4
186,@types/d3-transition,3.0.9,Transitive Dependency,MIT License,PERMISSIVE,NOT_REVIEWED,97310fe8-6fe2-47e9-974e-7aa018efac20,18588a52-b6e9-4897-86a5-b7a796ae0216,ad705c59-6893-4980-bdbf-0837f1823cc4
187,@types/d3-zoom,3.0.8,Direct Dependency,MIT License,PERMISSIVE,NOT_REVIEWED,6a62ca55-1d61-4285-b408-df530333c8e8,b321fb52-c98a-4e61-87b2-0ee86d67afce,ad705c59-6893-4980-bdbf-0837f1823cc4
188,@types/jest,29.5.2,Direct Dependency,MIT License,PERMISSIVE,NOT_REVIEWED,dd6e8b08-1468-4e58-9469-858a756a62f7,d6fff477-7cb5-463f-83da-a4d476eb0986,ad705c59-6893-4980-bdbf-0837f1823cc4
189,@types/json-schema,7.0.15,Transitive Dependency,MIT License,PERMISSIVE,NOT_REVIEWED,1fe45528-a509-4be2-ba97-db3455cc8f20,61ce8339-60e1-4f76-912b-67ee7e80a564,ad705c59-6893-4980-bdbf-0837f1823cc4
190,@types/normalize-package-data,2.4.4,Transitive Dependency,MIT License,PERMISSIVE,NOT_REVIEWED,be9df966-c980-4c3e-bb3c-21955c4fb23b,a1cc4ce9-b79b-4f12-96d5-baae1c838646,ad705c59-6893-4980-bdbf-0837f1823cc4
191,@types/plotly.js-dist-min,2.3.4,Direct Dependency,MIT License,PERMISSIVE,NOT_REVIEWED,9602d35c-27ee-461e-8ed9-f3218a0f71c2,dea856a4-8851-45de-8922-38351693ec17,ad705c59-6893-4980-bdbf-0837f1823cc4
192,@types/react-dom,18.2.4,Direct Dependency,MIT License,PERMISSIVE,NOT_REVIEWED,aaf5a5ea-afea-4841-9271-525f6dca4dbd,0c3eb170-764a-4c02-8bee-e56dbb1f587c,ad705c59-6893-4980-bdbf-0837f1823cc4
193,@types/react-dom,19.2.3,Direct Dependency,MIT License,PERMISSIVE,NOT_REVIEWED,aaf5a5ea-afea-4841-9271-525f6dca4dbd,324d2aa9-73fd-441f-a78a-e700432ac388,ad705c59-6893-4980-bdbf-0837f1823cc4
194,@types/react-grid-layout,1.3.2,Direct Dependency,MIT License,PERMISSIVE,NOT_REVIEWED,b3bfe376-8839-451c-b2ab-efe573e2cce1,72090dd6-d04a-49a7-9c67-b7e678800922,ad705c59-6893-4980-bdbf-0837f1823cc4
195,@types/semver,7.8.0,Direct Dependency,MIT License,PERMISSIVE,NOT_REVIEWED,05c18fcc-c483-46a2-9c21-1bda27761af6,cfeb96e7-0784-4c27-b61d-c437e7807368,ad705c59-6893-4980-bdbf-0837f1823cc4
196,@types/set-cookie-parser,2.4.10,Transitive Dependency,MIT License,PERMISSIVE,NOT_REVIEWED,73e5e045-64b0-46df-b024-411a113666fa,22e02724-986a-427e-a771-8de6b3cd458e,ad705c59-6893-4980-bdbf-0837f1823cc4
197,@types/sinonjs__fake-timers,8.1.1,Transitive Dependency,MIT License,PERMISSIVE,NOT_REVIEWED,e26b559f-9689-4b33-ba47-75f8e8019aaa,865c7ed8-b0cb-49ba-a0a5-1091579484d0,ad705c59-6893-4980-bdbf-0837f1823cc4
198,@types/sizzle,2.3.10,Transitive Dependency,MIT License,PERMISSIVE,NOT_REVIEWED,142ed209-489f-47f8-b95d-a0c93b285eda,f2d88d93-99ec-4f14-8f18-81ba07d7cdf8,ad705c59-6893-4980-bdbf-0837f1823cc4
199,@types/statuses,2.0.6,Transitive Dependency,MIT License,PERMISSIVE,NOT_REVIEWED,4a6ac2ed-af79-45b8-b4bf-0565118110bd,101051bc-6592-41df-8ceb-cbe17052d815,ad705c59-6893-4980-bdbf-0837f1823cc4
200,@types/testing-library__cypress,7.0.0,Direct Dependency,MIT License,PERMISSIVE,NOT_REVIEWED,55727de6-cc65-4987-802f-9994cf945586,bc971c0d-ffa4-4dd6-99a3-2d2d766f873e,ad705c59-6893-4980-bdbf-0837f1823cc4
201,@types/validator,13.15.10,Transitive Dependency,MIT License,PERMISSIVE,NOT_REVIEWED,889f8e7e-0031-4c0f-b5d6-4aeb05e52b19,f65f305d-8354-493e-89ce-36b6a2c21feb,ad705c59-6893-4980-bdbf-0837f1823cc4
202,@typescript-eslint/project-service,8.59.2,Transitive Dependency,MIT License,PERMISSIVE,NOT_REVIEWED,bd95d0c9-37e8-468a-97c0-ba96b4bb44f5,4ae4227b-a74c-4f0c-abb6-f0ac6acce8d9,ad705c59-6893-4980-bdbf-0837f1823cc4
203,@typescript-eslint/project-service,8.61.1,Transitive Dependency,MIT License,PERMISSIVE,NOT_REVIEWED,bd95d0c9-37e8-468a-97c0-ba96b4bb44f5,446126fd-52cf-4562-98d3-3307feb10e0b,ad705c59-6893-4980-bdbf-0837f1823cc4
204,@typescript-eslint/project-service,8.70.1,Transitive Dependency,MIT License,PERMISSIVE,NOT_REVIEWED,bd95d0c9-37e8-468a-97c0-ba96b4bb44f5,f7c63e7f-46ca-4bb9-8493-a5de0fed49c8,ad705c59-6893-4980-bdbf-0837f1823cc4
205,@typescript-eslint/tsconfig-utils,8.59.2,Transitive Dependency,MIT License,PERMISSIVE,NOT_REVIEWED,5d57146f-cfb9-49a1-a14d-95656ab3e39d,6a867170-3bc9-421e-bc49-b7ff947b5648,ad705c59-6893-4980-bdbf-0837f1823cc4
206,@typescript-eslint/tsconfig-utils,8.61.1,Transitive Dependency,MIT License,PERMISSIVE,NOT_REVIEWED,5d57146f-cfb9-49a1-a14d-95656ab3e39d,a0d93336-e366-4c8e-8760-34139f139a26,ad705c59-6893-4980-bdbf-0837f1823cc4
207,@typescript-eslint/tsconfig-utils,8.70.1,Transitive Dependency,MIT License,PERMISSIVE,NOT_REVIEWED,5d57146f-cfb9-49a1-a14d-95656ab3e39d,c8b3c08b-9ad3-468c-a844-ef96c6f0707a,ad705c59-6893-4980-bdbf-0837f1823cc4
208,@typescript-eslint/utils,8.59.2,Transitive Dependency,MIT License,PERMISSIVE,NOT_REVIEWED,0ce15c0a-8763-4e66-a4ac-e17f149223c4,6c19fe06-e8ba-4885-aece-139ceaebfe7a,ad705c59-6893-4980-bdbf-0837f1823cc4
209,@typescript-eslint/utils,8.70.1,Transitive Dependency,MIT License,PERMISSIVE,NOT_REVIEWED,0ce15c0a-8763-4e66-a4ac-e17f149223c4,f32e432f-df3b-41cb-942f-e8bf2ef6e0a0,ad705c59-6893-4980-bdbf-0837f1823cc4
210,@upsetjs/venn.js,2.0.0,Transitive Dependency,MIT License,PERMISSIVE,NOT_REVIEWED,8b4563ed-a4f7-4b30-bbd3-584fea33e75e,c3c67338-347f-4df9-953d-042722c697cd,ad705c59-6893-4980-bdbf-0837f1823cc4
211,@vinejs/compiler,3.0.0,Transitive Dependency,MIT License,PERMISSIVE,NOT_REVIEWED,01bb6496-441f-4472-a9e7-d4a208ed25c8,805946c0-0cc8-4043-8ec2-00fb629db4cc,ad705c59-6893-4980-bdbf-0837f1823cc4
212,@vitejs/plugin-react,5.2.0,Direct Dependency,MIT License,PERMISSIVE,NOT_REVIEWED,09233b5b-21a8-464e-adc3-8aa52427a170,5ab87995-84fc-426e-b11d-fc0619738b90,ad705c59-6893-4980-bdbf-0837f1823cc4
213,@vitest/browser-playwright,4.1.11,Direct Dependency,MIT License,PERMISSIVE,NOT_REVIEWED,e9946b6a-8d08-4051-b11c-0107f45de788,42ecc302-77be-4351-9dce-283f1cd0c85b,ad705c59-6893-4980-bdbf-0837f1823cc4
214,@vitest/expect,2.1.9,Transitive Dependency,MIT License,PERMISSIVE,NOT_REVIEWED,f0c36d2e-db8c-4a2c-b007-ba662cefd9d3,b537ea93-5055-4943-a58a-d4caf0f3f386,ad705c59-6893-4980-bdbf-0837f1823cc4
215,@vitest/expect,4.1.11,Transitive Dependency,MIT License,PERMISSIVE,NOT_REVIEWED,f0c36d2e-db8c-4a2c-b007-ba662cefd9d3,c2f8af98-8734-47ad-82d7-80d833fd001f,ad705c59-6893-4980-bdbf-0837f1823cc4
216,@vitest/runner,2.1.9,Transitive Dependency,MIT License,PERMISSIVE,NOT_REVIEWED,4b240933-d8ec-4bd6-b8ca-9f5593b5b45e,b9a09749-de59-44ba-9cb7-ea83c0625476,ad705c59-6893-4980-bdbf-0837f1823cc4
217,@vitest/runner,4.1.11,Transitive Dependency,MIT License,PERMISSIVE,NOT_REVIEWED,4b240933-d8ec-4bd6-b8ca-9f5593b5b45e,32e0e560-f7b1-4db5-97f3-b8a246c89e74,ad705c59-6893-4980-bdbf-0837f1823cc4
218,@vitest/spy,2.1.9,Transitive Dependency,MIT License,PERMISSIVE,NOT_REVIEWED,7fdb55ab-3a69-4b13-aeb2-df2c3ff1426d,cb3597a9-3e17-4d87-b9a8-4d1fb12e631b,ad705c59-6893-4980-bdbf-0837f1823cc4
219,@vitest/spy,4.1.11,Transitive Dependency,MIT License,PERMISSIVE,NOT_REVIEWED,7fdb55ab-3a69-4b13-aeb2-df2c3ff1426d,ad60fc60-3f51-4992-837f-ade8d7e2647b,ad705c59-6893-4980-bdbf-0837f1823cc4
220,@vitest/utils,2.1.9,Transitive Dependency,MIT License,PERMISSIVE,NOT_REVIEWED,6f761207-1603-4fca-9c9b-54e1fafd0295,1dd76527-46ab-464a-98bc-80d37492940b,ad705c59-6893-4980-bdbf-0837f1823cc4
221,@vitest/utils,4.1.11,Transitive Dependency,MIT License,PERMISSIVE,NOT_REVIEWED,6f761207-1603-4fca-9c9b-54e1fafd0295,24e5619f-3529-4b28-ac71-a6ae958668d1,ad705c59-6893-4980-bdbf-0837f1823cc4
222,@vue/compiler-core,3.5.38,Transitive Dependency,MIT License,PERMISSIVE,NOT_REVIEWED,46250b50-7842-4770-ab5d-c1be6413563a,ac3736c6-291a-4d43-8209-480eb8e18a68,ad705c59-6893-4980-bdbf-0837f1823cc4
223,@vue/shared,3.5.38,Transitive Dependency,MIT License,PERMISSIVE,NOT_REVIEWED,30064635-4143-46a4-8ef4-c38f342f42af,db6272b2-ef0b-4efb-9f2d-52fb97e86a83,ad705c59-6893-4980-bdbf-0837f1823cc4
224,@webassemblyjs/helper-api-error,1.13.2,Transitive Dependency,MIT License,PERMISSIVE,NOT_REVIEWED,4f928d43-52a6-46eb-8daf-8dcc5275803f,1943f916-4104-4d80-a51e-4e36ea73d227,ad705c59-6893-4980-bdbf-0837f1823cc4
225,@webassemblyjs/helper-wasm-section,1.14.1,Transitive Dependency,MIT License,PERMISSIVE,NOT_REVIEWED,03a29ac5-27f0-4c96-84e4-4463013809ab,0e0c1e7e-58b0-47f6-89fb-5f38bf567040,ad705c59-6893-4980-bdbf-0837f1823cc4
226,@webassemblyjs/leb128,1.13.2,Transitive Dependency,Apache License 2.0,PERMISSIVE,NOT_REVIEWED,6e92bf61-9b53-49ef-9f47-a3344e4c22b4,79419f7c-b7fd-48a6-a649-c3badeca2589,7cae335f-1193-421e-92f1-8802b4243e93
227,@webassemblyjs/utf8,1.13.2,Transitive Dependency,MIT License,PERMISSIVE,NOT_REVIEWED,afaae350-2afb-4095-a3e4-f3d8cb943b0f,64898910-7d2d-46c4-9a02-1e1b99b9b219,ad705c59-6893-4980-bdbf-0837f1823cc4
228,@webassemblyjs/wasm-gen,1.14.1,Transitive Dependency,MIT License,PERMISSIVE,NOT_REVIEWED,ae97ce1c-89ee-4ad4-bf76-8108572784cb,286442d7-a47e-47c2-a3bc-073e4d2dc3a8,ad705c59-6893-4980-bdbf-0837f1823cc4
229,@webassemblyjs/wast-printer,1.14.1,Transitive Dependency,MIT License,PERMISSIVE,NOT_REVIEWED,42ec62be-c2f2-4be1-9d17-597cff84c3be,53c7b9a5-593e-40cc-9d28-129bff569845,ad705c59-6893-4980-bdbf-0837f1823cc4
230,@xtuc/ieee754,1.2.0,Transitive Dependency,"BSD 3-clause ""New"" or ""Revised"" License",PERMISSIVE,NOT_REVIEWED,ec2d76dc-1ffd-4aac-b5b5-69c695078ef6,f7ce88a2-80c3-453a-bcbf-8d53d729aa40,3d238144-44e6-450e-b523-3defbdaed9dc
231,ANTLR 4,4.11.0,Transitive Dependency,"BSD 3-clause ""New"" or ""Revised"" License",PERMISSIVE,NOT_REVIEWED,c6120d92-722b-443d-879f-9eddecd9eb41,f1279f7e-1e4b-4246-9929-284e4ed0a236,3d238144-44e6-450e-b523-3defbdaed9dc
232,AWS SDK for Go,v1.55.8,Direct Dependency,Apache License 2.0,PERMISSIVE,NOT_REVIEWED,cf387cd9-100d-43f4-9424-ba60bbfa3ba7,68b03c66-5829-4145-a232-bb4749ed5197,7cae335f-1193-421e-92f1-8802b4243e93
233,Acorn-JSX,5.3.2,Transitive Dependency,MIT License,PERMISSIVE,NOT_REVIEWED,8474d809-ef0e-4f07-a797-35c1a8663481,682ad642-5c7b-4bd3-9d23-b5f81284776f,ad705c59-6893-4980-bdbf-0837f1823cc4
234,Autoprefixer,10.4.14,Direct Dependency,MIT License,PERMISSIVE,NOT_REVIEWED,e152e4bc-5718-47ec-b4e5-7b4f8888abec,2da34f2a-be17-47e9-8cc7-7c11dad3cdf6,ad705c59-6893-4980-bdbf-0837f1823cc4
235,Autoprefixer,10.6.1,Direct Dependency,MIT License,PERMISSIVE,NOT_REVIEWED,e152e4bc-5718-47ec-b4e5-7b4f8888abec,7427c5c6-91a7-4b20-9af2-d0720b5f753b,ad705c59-6893-4980-bdbf-0837f1823cc4
236,Chai,5.3.3,Transitive Dependency,MIT License,PERMISSIVE,NOT_REVIEWED,3cc06fd4-5b41-4f34-b79b-9df5ec47685d,32c3c627-a60f-48d0-acf4-68d46198585b,ad705c59-6893-4980-bdbf-0837f1823cc4
237,Chai,6.2.2,Transitive Dependency,MIT License,PERMISSIVE,NOT_REVIEWED,3cc06fd4-5b41-4f34-b79b-9df5ec47685d,7d2331f8-ac3b-413e-bc76-5cf65cdb38fe,ad705c59-6893-4980-bdbf-0837f1823cc4
238,Chalk,4.1.2,Transitive Dependency,MIT License,PERMISSIVE,NOT_REVIEWED,a94138ea-5d07-4a9c-8d3a-892f9476a48a,4cf4bae8-66a0-40c0-b9bd-863749575dff,ad705c59-6893-4980-bdbf-0837f1823cc4
239,Chalk,5.3.0,Transitive Dependency,MIT License,PERMISSIVE,NOT_REVIEWED,a94138ea-5d07-4a9c-8d3a-892f9476a48a,6c0ee018-8a1d-4687-8a6f-46f50d300987,ad705c59-6893-4980-bdbf-0837f1823cc4
240,Chalk,5.6.2,Transitive Dependency,MIT License,PERMISSIVE,NOT_REVIEWED,a94138ea-5d07-4a9c-8d3a-892f9476a48a,f9986d11-e437-489e-8b0d-9ce7ccd6ba5e,ad705c59-6893-4980-bdbf-0837f1823cc4
241,CloudyKit/fastprinter,20200109-snapshot-33d98a06,Transitive Dependency,MIT License,PERMISSIVE,NOT_REVIEWED,4cc6f6ea-2751-45ce-895a-1f46b949cc1b,a58ae62a-ce8b-47ae-bd11-40ac6072c442,ad705c59-6893-4980-bdbf-0837f1823cc4
242,D3.js,7.9.0,Transitive Dependency,ISC License,PERMISSIVE,NOT_REVIEWED,a75dc810-986c-427c-bcda-51f821181a3b,bb66343e-0714-4732-8259-c83a836486d9,14b0b50b-acd2-4fc8-ac65-3b15f9e58260
243,DOMPurify,3.3.3,Transitive Dependency,(Apache License 2.0 OR Mozilla Public License 2.0),"PERMISSIVE,WEAK_RECIPROCAL",NOT_REVIEWED,d64dcba0-a1ef-4fd9-99f0-a95fdb5341e1,e0589df2-f4bf-4ca4-ad14-40b5864de9e8,"7cae335f-1193-421e-92f1-8802b4243e93,ce3dd63e-c569-4cea-986a-46bc5efe9896"
244,DOMPurify,3.4.12,Direct Dependency,(Apache License 2.0 OR Mozilla Public License 2.0),"PERMISSIVE,WEAK_RECIPROCAL",NOT_REVIEWED,d64dcba0-a1ef-4fd9-99f0-a95fdb5341e1,65d8d732-0f48-49df-a32d-365b82bf93ad,"7cae335f-1193-421e-92f1-8802b4243e93,ce3dd63e-c569-4cea-986a-46bc5efe9896"
245,DOMPurify,3.4.16,Direct Dependency,(Apache License 2.0 OR Mozilla Public License 2.0),"PERMISSIVE,WEAK_RECIPROCAL",NOT_REVIEWED,d64dcba0-a1ef-4fd9-99f0-a95fdb5341e1,9e889b7c-3bfa-4fa6-9a1f-95cebca22bac,"7cae335f-1193-421e-92f1-8802b4243e93,ce3dd63e-c569-4cea-986a-46bc5efe9896"
246,DataDog-datadog-go,v4.8.3,Transitive Dependency,MIT License,PERMISSIVE,NOT_REVIEWED,ff1c9603-2cde-49ab-8455-8eb22bacecad,d231eda7-8286-442c-96bc-572cf3a76584,ad705c59-6893-4980-bdbf-0837f1823cc4
247,DataDog/go-tuf,v1.1.1-0.5.2,Transitive Dependency,"BSD 3-clause ""New"" or ""Revised"" License",PERMISSIVE,NOT_REVIEWED,d3ee7b61-053f-46cc-bce3-81305763c6b8,d5e0d54b-d98c-4cef-ae89-63a8c97bc14f,3d238144-44e6-450e-b523-3defbdaed9dc
248,DataDog/gostackparse,v0.7.0,Transitive Dependency,"(Apache License 2.0 OR BSD 3-clause ""New"" or ""Revised"" License)",PERMISSIVE,NOT_REVIEWED,9a8851d2-fa5e-4363-a579-9094e89464d4,4c8113f8-bfd4-463d-9380-d2977655b377,"3d238144-44e6-450e-b523-3defbdaed9dc,7cae335f-1193-421e-92f1-8802b4243e93"
249,Decamelize,1.2.0,Transitive Dependency,MIT License,PERMISSIVE,NOT_REVIEWED,d67eac7b-cc25-4bba-9495-e461e4fdb1c6,ace9a87f-51fb-4a5e-9742-04d04977d623,ad705c59-6893-4980-bdbf-0837f1823cc4
250,Decamelize,4.0.0,Transitive Dependency,MIT License,PERMISSIVE,NOT_REVIEWED,d67eac7b-cc25-4bba-9495-e461e4fdb1c6,0548d655-ea72-4ae5-91d6-b3a6da3a2e53,ad705c59-6893-4980-bdbf-0837f1823cc4
251,Dexie.js,4.2.0,Direct Dependency,Apache License 2.0,PERMISSIVE,NOT_REVIEWED,64ea2351-6044-4fd3-a679-7f2664c9a226,1ffb8226-a9cd-49ac-befa-adcbd6f1323d,7cae335f-1193-421e-92f1-8802b4243e93
252,Dexie.js,4.3.0,Direct Dependency,Apache License 2.0,PERMISSIVE,NOT_REVIEWED,64ea2351-6044-4fd3-a679-7f2664c9a226,dbd4adbc-31d2-475b-ba4e-357bf1fb546f,7cae335f-1193-421e-92f1-8802b4243e93
253,ESLint,10.11.0,Direct Dependency,MIT License,PERMISSIVE,NOT_REVIEWED,b902e892-d858-43dd-a6f5-f8c186847571,a5bc31e5-e5db-4d4c-9910-2983c7f7aca9,ad705c59-6893-4980-bdbf-0837f1823cc4
254,ESLint,8.57.0,Direct Dependency,MIT License,PERMISSIVE,NOT_REVIEWED,b902e892-d858-43dd-a6f5-f8c186847571,11a10660-ff85-4d4c-ba9d-390a4437c45f,ad705c59-6893-4980-bdbf-0837f1823cc4
255,ESLint,9.39.4,Direct Dependency,MIT License,PERMISSIVE,NOT_REVIEWED,b902e892-d858-43dd-a6f5-f8c186847571,768bf106-abc5-4912-9703-560d4d4c2009,ad705c59-6893-4980-bdbf-0837f1823cc4
256,FlatBuffers,25.12.19,Direct Dependency,Apache License 2.0,PERMISSIVE,NOT_REVIEWED,ae906881-37fd-4af4-8fe7-e435fd2056af,24de4ab7-5161-41b2-b7ab-2d14824b9a51,7cae335f-1193-421e-92f1-8802b4243e93
257,Go CLI,v1.1.5,Transitive Dependency,Mozilla Public License 2.0,WEAK_RECIPROCAL,NOT_REVIEWED,a9c14d98-0749-4c91-9a13-6ebc5f0c8c94,145c8ebf-c46d-4f6c-9033-336dd3888091,ce3dd63e-c569-4cea-986a-46bc5efe9896
258,Go Logrus,v1.9.4,Transitive Dependency,MIT License,PERMISSIVE,NOT_REVIEWED,09a16956-5919-44dd-abfe-26c959332650,b5bfdc5e-0763-4d59-9bee-17e11e222781,ad705c59-6893-4980-bdbf-0837f1823cc4
259,Go Testify,enable/yaml/v2.6.0,Transitive Dependency,Apache License 2.0,PERMISSIVE,NOT_REVIEWED,5271cd46-d193-4af5-b2c2-50a07751f580,d3c76de4-2d3e-4063-81a0-26ccaace67af,7cae335f-1193-421e-92f1-8802b4243e93
260,Go Testify,v1.12.1,Direct Dependency,MIT License,PERMISSIVE,NOT_REVIEWED,5271cd46-d193-4af5-b2c2-50a07751f580,4915ba1e-2878-407e-a8c5-3fe19d0e7686,ad705c59-6893-4980-bdbf-0837f1823cc4
261,Go Testify,v2.6.0,Transitive Dependency,Apache License 2.0,PERMISSIVE,NOT_REVIEWED,5271cd46-d193-4af5-b2c2-50a07751f580,25cbe1a5-bb88-4c23-baa8-88e2f40f668a,7cae335f-1193-421e-92f1-8802b4243e93
262,Golang Protobuf,v1.36.12,Direct Dependency,"BSD 3-clause ""New"" or ""Revised"" License",PERMISSIVE,NOT_REVIEWED,faa9ce60-ee56-4f4a-b55c-b33fae6c61f4,28774e3b-3e15-426f-9561-e9aead13930c,3d238144-44e6-450e-b523-3defbdaed9dc
263,Golang Protobuf,v1.5.4,Transitive Dependency,"BSD 3-clause ""New"" or ""Revised"" License",PERMISSIVE,NOT_REVIEWED,faa9ce60-ee56-4f4a-b55c-b33fae6c61f4,587ad155-8a4a-421d-bab4-c08687b09136,3d238144-44e6-450e-b523-3defbdaed9dc
264,Gonum numerical packages,v0.17.0,Transitive Dependency,"BSD 3-clause ""New"" or ""Revised"" License",PERMISSIVE,NOT_REVIEWED,879774a9-557b-4d1d-b77f-c718702f5590,9b4c2601-c496-4637-b77c-aee2623a430b,3d238144-44e6-450e-b523-3defbdaed9dc
265,Googleuuid,v1.6.0,Direct Dependency,"BSD 3-clause ""New"" or ""Revised"" License",PERMISSIVE,NOT_REVIEWED,54fe5fe0-f88f-4c83-988d-59e9fc584133,1a0a8d11-0a35-4597-bf9b-a72841b742b2,3d238144-44e6-450e-b523-3defbdaed9dc
266,Jest from Facebook,29.5.0,Direct Dependency,MIT License,PERMISSIVE,NOT_REVIEWED,ed0149fa-e6fd-4fc8-8b31-0ae442a7f63f,69143044-3f27-4d7c-af28-33be8b186c5c,ad705c59-6893-4980-bdbf-0837f1823cc4
267,JohannesKaufmann/html-to-markdown,2.5.2,Direct Dependency,MIT License,PERMISSIVE,NOT_REVIEWED,1db4fc4f-588e-43fe-8e73-bff1a75d4385,ef192746-86ac-4769-8eb2-99a0b979904c,ad705c59-6893-4980-bdbf-0837f1823cc4
268,Lodash,4.17.23,Transitive Dependency,MIT License,PERMISSIVE,NOT_REVIEWED,ee7292ee-2e02-42d2-a627-e34cd1a942bb,bf9797e7-5ed5-4311-800f-209a52485e81,ad705c59-6893-4980-bdbf-0837f1823cc4
269,Lodash,4.18.1,Transitive Dependency,MIT License,PERMISSIVE,NOT_REVIEWED,ee7292ee-2e02-42d2-a627-e34cd1a942bb,d6ed50ca-2cee-4dd9-a773-62e14a235034,ad705c59-6893-4980-bdbf-0837f1823cc4
270,Masterminds/sprig,v3.3.0,Direct Dependency,MIT License,PERMISSIVE,NOT_REVIEWED,5f58c886-f02b-4e8d-a48e-6c0d0aac70d5,df11adcd-c5f4-4a22-a587-10b0216cf1d2,ad705c59-6893-4980-bdbf-0837f1823cc4
271,Merge-Stream,2.0.0,Transitive Dependency,MIT License,PERMISSIVE,NOT_REVIEWED,4d303b51-21da-45fe-ad69-4985fd638851,19129512-ddc4-4810-bbec-2988eee92717,ad705c59-6893-4980-bdbf-0837f1823cc4
272,Microsoft Graph,v1.4.1,Transitive Dependency,MIT License,PERMISSIVE,NOT_REVIEWED,249c1d00-1277-4c89-bdb3-91b7b5ae8111,cfd1d172-863c-4ad0-9232-1143fa1eaf6a,ad705c59-6893-4980-bdbf-0837f1823cc4
273,Mocha (JavaScript Testing Framework),11.7.6,Transitive Dependency,MIT License,PERMISSIVE,NOT_REVIEWED,0827ae37-8038-4381-9595-35d389ad96db,162fbe10-4ccf-4dd4-ab3e-26d2113394e8,ad705c59-6893-4980-bdbf-0837f1823cc4
274,Mock Service Writer (MSW),1.2.3,Direct Dependency,MIT License,PERMISSIVE,NOT_REVIEWED,812fc178-12a5-4d7e-a3db-b06963e82b9f,5b3c6554-4222-4a05-924b-d49a94dde888,ad705c59-6893-4980-bdbf-0837f1823cc4
275,Mock Service Writer (MSW),2.13.4,Transitive Dependency,MIT License,PERMISSIVE,NOT_REVIEWED,812fc178-12a5-4d7e-a3db-b06963e82b9f,18f97994-c2a3-408d-bf3b-4f46ac24120f,ad705c59-6893-4980-bdbf-0837f1823cc4
276,NYTimes-gziphandler,v1.1.1,Transitive Dependency,Apache License 2.0,PERMISSIVE,NOT_REVIEWED,3b83fcf8-5107-4c98-ad71-58e9e83fcb95,75bd15dc-402e-42ef-a313-7138ee7c706e,7cae335f-1193-421e-92f1-8802b4243e93
277,NumPy,1.24.0,Direct Dependency,"BSD 3-clause ""New"" or ""Revised"" License",PERMISSIVE,NOT_REVIEWED,4f899c74-a646-4687-a056-3bbcc16bdb04,4a541c12-4273-499b-9be7-5142a730124e,3d238144-44e6-450e-b523-3defbdaed9dc
278,Prettier IO,2.8.8,Direct Dependency,MIT License,PERMISSIVE,NOT_REVIEWED,b9c90673-858a-42b5-9d49-2a46821537bf,7739361d-ce73-41ac-940a-4939bd7ce9e0,ad705c59-6893-4980-bdbf-0837f1823cc4
279,Prettier IO,3.6.2,Direct Dependency,MIT License,PERMISSIVE,NOT_REVIEWED,b9c90673-858a-42b5-9d49-2a46821537bf,6f9995a4-eb1d-4716-92de-df2837dc7f5e,ad705c59-6893-4980-bdbf-0837f1823cc4
280,Prettier IO,3.8.3,Direct Dependency,MIT License,PERMISSIVE,NOT_REVIEWED,b9c90673-858a-42b5-9d49-2a46821537bf,08d003f8-878d-4f16-af63-32037f111064,ad705c59-6893-4980-bdbf-0837f1823cc4
281,Prettier IO,3.9.9,Direct Dependency,MIT License,PERMISSIVE,NOT_REVIEWED,b9c90673-858a-42b5-9d49-2a46821537bf,133ae4b9-6094-461d-b13a-6947da5bab00,ad705c59-6893-4980-bdbf-0837f1823cc4
282,Prometheus Alertmanager,v0.34.0,Direct Dependency,Apache License 2.0,PERMISSIVE,NOT_REVIEWED,b8713645-f910-4239-9732-4f315aa20046,5f4e6f76-c9d8-417e-8018-06c6c11e32c6,7cae335f-1193-421e-92f1-8802b4243e93
283,Punycode.js,2.3.1,Transitive Dependency,MIT License,PERMISSIVE,NOT_REVIEWED,d2a5d612-5215-4b64-a9f3-88b94570677b,448017d5-2031-4b97-b89e-99115edef2a0,ad705c59-6893-4980-bdbf-0837f1823cc4
284,RamdaJs,0.28.0,Transitive Dependency,MIT License,PERMISSIVE,NOT_REVIEWED,35601b39-7b72-46ac-ac9a-f69d5ecc94dd,d2d0af72-bc09-411b-93d2-fc28a87ae6c9,ad705c59-6893-4980-bdbf-0837f1823cc4
285,RaveNoX/go-jsoncommentstrip,v1.0.0,Transitive Dependency,MIT License,PERMISSIVE,NOT_REVIEWED,4cc657c4-fcc3-4676-88fe-560f5bd52525,36ab328d-412a-4476-9a0e-34c85a40e6aa,ad705c59-6893-4980-bdbf-0837f1823cc4
286,Raynos/for-each,0.3.5,Transitive Dependency,MIT License,PERMISSIVE,NOT_REVIEWED,a4cdbc7a-f856-4143-95de-6786d4285796,c15578be-f16e-4886-b545-5ace0145f948,ad705c59-6893-4980-bdbf-0837f1823cc4
287,React from Facebook,18.2.0,Direct Dependency,MIT License,PERMISSIVE,NOT_REVIEWED,782107f6-0590-4109-8e41-54736c1699cb,95cb18dc-8ed0-43f0-8eee-b5f4c8ec3c5c,ad705c59-6893-4980-bdbf-0837f1823cc4
288,React from Facebook,19.2.4,Transitive Dependency,MIT License,PERMISSIVE,NOT_REVIEWED,782107f6-0590-4109-8e41-54736c1699cb,46f24bbf-af98-4b90-b1f5-4870f5826c11,ad705c59-6893-4980-bdbf-0837f1823cc4
289,React from Facebook,19.2.5,Direct Dependency,MIT License,PERMISSIVE,NOT_REVIEWED,782107f6-0590-4109-8e41-54736c1699cb,f6adcf5d-4cda-4a58-978f-76c26aea224b,ad705c59-6893-4980-bdbf-0837f1823cc4
290,RequireJS,2.3.8,Transitive Dependency,MIT License,PERMISSIVE,NOT_REVIEWED,53e6e3bd-94ce-4110-894f-8cd86a407d23,7a27eb88-d429-42c0-bf48-d346fd536c2a,ad705c59-6893-4980-bdbf-0837f1823cc4
291,Send for Node.js,1.2.1,Transitive Dependency,MIT License,PERMISSIVE,NOT_REVIEWED,837d776c-b377-44c9-97aa-ab1ff737f9d5,e4daa251-b863-4fee-912c-1adadbe6757f,ad705c59-6893-4980-bdbf-0837f1823cc4
292,Shopify/goreferrer,20220729-snapshot-8cddb4f5,Transitive Dependency,MIT License,PERMISSIVE,NOT_REVIEWED,b7d975b2-6797-4035-878b-46cbcfc2add0,1e539c08-e712-4e15-b55b-d201ba5c3bb6,ad705c59-6893-4980-bdbf-0837f1823cc4
293,Strip ANSI,6.0.1,Transitive Dependency,MIT License,PERMISSIVE,NOT_REVIEWED,0809e45c-41a9-4f4b-ba9d-1aa51a0c47dc,b6422db2-3ed7-4117-aeb5-e5f01da63d89,ad705c59-6893-4980-bdbf-0837f1823cc4
294,Strip ANSI,7.2.0,Transitive Dependency,MIT License,PERMISSIVE,NOT_REVIEWED,0809e45c-41a9-4f4b-ba9d-1aa51a0c47dc,f947ef4a-7a9e-4e44-a732-7c62a68ab6e2,ad705c59-6893-4980-bdbf-0837f1823cc4
295,TinyMCE,8.9.2,Direct Dependency,MIT License,PERMISSIVE,NOT_REVIEWED,2b0d59d7-c3ad-4e02-852a-72f9c7d398b9,ebaa4bba-c7c7-4d89-8d4c-6ba38df81678,ad705c59-6893-4980-bdbf-0837f1823cc4
296,a-h/hsts,20170713-snapshot-509101fa,Direct Dependency,"BSD 2-clause ""Simplified"" License",PERMISSIVE,NOT_REVIEWED,15ff4d5c-a8dd-4cd0-978a-038081a5042f,13019780-7668-47d9-a998-277e6af8b7be,cc875133-df38-4806-9921-473e0ef01a87
297,ajv,6.15.0,Transitive Dependency,MIT License,PERMISSIVE,NOT_REVIEWED,8e1e6ffd-b90e-4ce0-82ee-124a12e1c60b,4c22bfde-be08-49c6-89a3-3aabddf3f842,ad705c59-6893-4980-bdbf-0837f1823cc4
298,ajv,8.18.0,Transitive Dependency,MIT License,PERMISSIVE,NOT_REVIEWED,8e1e6ffd-b90e-4ce0-82ee-124a12e1c60b,b5ee46db-cf7a-4e72-986b-42fdf07ce1fe,ad705c59-6893-4980-bdbf-0837f1823cc4
299,ajv,8.20.0,Transitive Dependency,MIT License,PERMISSIVE,NOT_REVIEWED,8e1e6ffd-b90e-4ce0-82ee-124a12e1c60b,23a5ae21-7341-4fd3-a2ec-b08b87889777,ad705c59-6893-4980-bdbf-0837f1823cc4
300,ajv-keywords,5.1.0,Transitive Dependency,MIT License,PERMISSIVE,NOT_REVIEWED,23b5b6c8-65ca-41f8-91eb-8a9cec8ff9bf,6e81c138-a04f-416e-bc14-6769396969bb,ad705c59-6893-4980-bdbf-0837f1823cc4
301,alecthomas-kingpin,v2.2.6,Direct Dependency,MIT License,PERMISSIVE,NOT_REVIEWED,0f73e179-be72-495b-8dc1-ba014f46a87e,37f96faf-62d2-410f-a16e-6feae7af37ed,ad705c59-6893-4980-bdbf-0837f1823cc4
302,alecthomas-kingpin,v2.4.0,Transitive Dependency,MIT License,PERMISSIVE,NOT_REVIEWED,0f73e179-be72-495b-8dc1-ba014f46a87e,f62e9909-1166-4067-9a32-b9d9b180ec9c,ad705c59-6893-4980-bdbf-0837f1823cc4
303,alecthomas-template,20190718-snapshot-fb15b899,Direct Dependency,"BSD 3-clause ""New"" or ""Revised"" License",PERMISSIVE,NOT_REVIEWED,981a98dc-881e-4c70-b463-952e6881085a,efde50a5-18ac-46e4-ba1e-b5161e2a76f4,3d238144-44e6-450e-b523-3defbdaed9dc
304,alecthomas/participle,v2.1.0,Transitive Dependency,MIT License,PERMISSIVE,NOT_REVIEWED,89f543f8-918e-48fc-b6a2-8551fbb3bbbc,c680884e-987d-4a01-a6a5-eb47ef8b873d,ad705c59-6893-4980-bdbf-0837f1823cc4
305,andybalholm-cascadia,v1.3.4,Transitive Dependency,"BSD 2-clause ""Simplified"" License",PERMISSIVE,NOT_REVIEWED,b642f576-5401-4f6c-87bf-0a7871e65f05,039f53ed-5686-45ed-8caa-d74a33c617d4,cc875133-df38-4806-9921-473e0ef01a87
306,andybalholm/brotli,v1.2.2,Transitive Dependency,MIT License,PERMISSIVE,NOT_REVIEWED,17df341f-3845-4240-8bc3-ce7887647452,53b4b9fc-a847-4925-a4b1-02abf7d608ea,ad705c59-6893-4980-bdbf-0837f1823cc4
307,ansi-escapes,7.3.0,Transitive Dependency,MIT License,PERMISSIVE,NOT_REVIEWED,74cb3450-0f3e-451d-95ee-d21d53325b4e,a4c4b2ac-6f75-48da-9f4c-028e4a3d031d,ad705c59-6893-4980-bdbf-0837f1823cc4
308,anymatch,3.1.3,Transitive Dependency,ISC License,PERMISSIVE,NOT_REVIEWED,e9fb3104-bffe-4718-9fe4-2f49ba7075b4,86063d7a-02ce-47bf-b290-1b5400d99413,14b0b50b-acd2-4fc8-ac65-3b15f9e58260
309,aria-hidden,1.2.6,Transitive Dependency,MIT License,PERMISSIVE,NOT_REVIEWED,7eb653ec-fa4c-491a-9e6d-7297875760ed,7b012000-226e-4a71-83e5-371956a0ae0f,ad705c59-6893-4980-bdbf-0837f1823cc4
310,aria-query,5.3.0,Transitive Dependency,Apache License 2.0,PERMISSIVE,NOT_REVIEWED,0149375f-bd3e-4ca2-90dc-dc56e865833b,07138114-001b-44e5-87d4-30016cae25f8,7cae335f-1193-421e-92f1-8802b4243e93
311,aria-query,5.3.1,Transitive Dependency,Apache License 2.0,PERMISSIVE,NOT_REVIEWED,0149375f-bd3e-4ca2-90dc-dc56e865833b,0becbbb1-6024-4e7f-a701-d320e459d5c9,7cae335f-1193-421e-92f1-8802b4243e93
312,arktype,2.2.5,Transitive Dependency,MIT License,PERMISSIVE,NOT_REVIEWED,26cfbfa1-07cb-4329-9a3c-b95f0d062fba,4d7dcd86-4695-413c-91da-8f527034f598,ad705c59-6893-4980-bdbf-0837f1823cc4
313,array-buffer-byte-length,1.0.2,Transitive Dependency,MIT License,PERMISSIVE,NOT_REVIEWED,8c7275fb-07b8-4c01-afb3-c4ff1a6ecd13,e04e4a0b-7c81-4963-96ef-2f8034c25881,ad705c59-6893-4980-bdbf-0837f1823cc4
314,assertion-error,2.0.1,Transitive Dependency,MIT License,PERMISSIVE,NOT_REVIEWED,cb953ea0-b3c7-4920-bce3-025dd820cae9,629fabc7-d8e9-4ae6-8f99-38d7205a85b1,ad705c59-6893-4980-bdbf-0837f1823cc4
315,asynckit,0.4.0,Transitive Dependency,MIT License,PERMISSIVE,NOT_REVIEWED,43342b9f-3356-4797-9722-ee80bf3cd217,72a38dfa-4b4b-4b49-a621-5da57d3a0831,ad705c59-6893-4980-bdbf-0837f1823cc4
316,at-least-node,1.0.0,Transitive Dependency,ISC License,PERMISSIVE,NOT_REVIEWED,a9dbf3f6-ed6c-4dfb-80d7-358591cac32a,cb30bcd6-4273-44a6-aaa6-ad9d6d2242d0,14b0b50b-acd2-4fc8-ac65-3b15f9e58260
317,atomic-sleep,1.0.0,Transitive Dependency,MIT License,PERMISSIVE,NOT_REVIEWED,3f173ecb-6ffd-4fd3-a17a-3d4dc00b0add,a303f823-9b46-43f7-a472-87e83252846e,ad705c59-6893-4980-bdbf-0837f1823cc4
318,auth0/go-auth0,v1.50.0,Direct Dependency,MIT License,PERMISSIVE,NOT_REVIEWED,a632a4e1-8d9a-4bf4-b48e-38e6e19ae72f,c20e08da-bd20-4a16-901b-33ac2a092d85,ad705c59-6893-4980-bdbf-0837f1823cc4
319,aws-lambda-go,v1.54.0,Direct Dependency,Apache License 2.0,PERMISSIVE,NOT_REVIEWED,65cce23c-04f2-4787-8809-399783e0e7c1,79baa614-3683-41ff-932e-351ce07efbfd,7cae335f-1193-421e-92f1-8802b4243e93
320,aws/aws-sdk-go-v2,aws/protocol/eventstream/v1.7.18,Transitive Dependency,Apache License 2.0,PERMISSIVE,NOT_REVIEWED,a3b4b398-8875-452a-b3cd-308d80a1c075,2b219b54-c261-4f41-aed1-460eab15cd10,7cae335f-1193-421e-92f1-8802b4243e93
321,aws/aws-sdk-go-v2,config/v1.32.36,Direct Dependency,Apache License 2.0,PERMISSIVE,NOT_REVIEWED,a3b4b398-8875-452a-b3cd-308d80a1c075,4e50917d-61ec-4451-94a9-31058813b0b6,7cae335f-1193-421e-92f1-8802b4243e93
322,aws/aws-sdk-go-v2,credentials/v1.19.35,Direct Dependency,Apache License 2.0,PERMISSIVE,NOT_REVIEWED,a3b4b398-8875-452a-b3cd-308d80a1c075,67b4643b-8386-48bc-bf36-ae7980b35a63,7cae335f-1193-421e-92f1-8802b4243e93
323,aws/aws-sdk-go-v2,feature/ec2/imds/v1.18.36,Direct Dependency,Apache License 2.0,PERMISSIVE,NOT_REVIEWED,a3b4b398-8875-452a-b3cd-308d80a1c075,097aec6a-9467-4fee-b5a2-cc504112240d,7cae335f-1193-421e-92f1-8802b4243e93
324,aws/aws-sdk-go-v2,feature/s3/manager/v1.22.42,Direct Dependency,Apache License 2.0,PERMISSIVE,NOT_REVIEWED,a3b4b398-8875-452a-b3cd-308d80a1c075,27711abd-67eb-408a-a74c-04c20801ff7e,7cae335f-1193-421e-92f1-8802b4243e93
325,aws/aws-sdk-go-v2,internal/configsources/v1.5.3,Transitive Dependency,Apache License 2.0,PERMISSIVE,NOT_REVIEWED,a3b4b398-8875-452a-b3cd-308d80a1c075,7bc350da-1fa3-4b60-a07e-50e95451f8e2,7cae335f-1193-421e-92f1-8802b4243e93
326,aws/aws-sdk-go-v2,internal/endpoints/v2.8.3,Transitive Dependency,Apache License 2.0,PERMISSIVE,NOT_REVIEWED,a3b4b398-8875-452a-b3cd-308d80a1c075,df75fde3-edff-4b9f-8634-1241cff0fe4c,7cae335f-1193-421e-92f1-8802b4243e93
327,aws/aws-sdk-go-v2,internal/ini/v1.8.4,Transitive Dependency,Apache License 2.0,PERMISSIVE,NOT_REVIEWED,a3b4b398-8875-452a-b3cd-308d80a1c075,5a319a80-196c-46eb-8706-24b1a191fd98,7cae335f-1193-421e-92f1-8802b4243e93
328,aws/aws-sdk-go-v2,internal/v4a/v1.4.37,Transitive Dependency,Apache License 2.0,PERMISSIVE,NOT_REVIEWED,a3b4b398-8875-452a-b3cd-308d80a1c075,fba46779-9427-46dc-8c01-0c5daad7590c,7cae335f-1193-421e-92f1-8802b4243e93
329,aws/aws-sdk-go-v2,service/account/v1.35.5,Direct Dependency,Apache License 2.0,PERMISSIVE,NOT_REVIEWED,a3b4b398-8875-452a-b3cd-308d80a1c075,76cb0ca3-2274-439a-bb0f-216244d91013,7cae335f-1193-421e-92f1-8802b4243e93
330,aws/aws-sdk-go-v2,service/acm/v1.44.0,Direct Dependency,Apache License 2.0,PERMISSIVE,NOT_REVIEWED,a3b4b398-8875-452a-b3cd-308d80a1c075,11e392ec-ba33-477b-a694-49696058c2a7,7cae335f-1193-421e-92f1-8802b4243e93
331,aws/aws-sdk-go-v2,service/acmpca/v1.50.1,Direct Dependency,Apache License 2.0,PERMISSIVE,NOT_REVIEWED,a3b4b398-8875-452a-b3cd-308d80a1c075,5eb84333-78cd-4129-af62-7ed249340592,7cae335f-1193-421e-92f1-8802b4243e93
332,aws/aws-sdk-go-v2,service/athena/v1.60.5,Direct Dependency,Apache License 2.0,PERMISSIVE,NOT_REVIEWED,a3b4b398-8875-452a-b3cd-308d80a1c075,9c99951a-b809-4847-8ec4-8f9bb56b2321,7cae335f-1193-421e-92f1-8802b4243e93
333,aws/aws-sdk-go-v2,service/autoscaling/v1.72.0,Direct Dependency,Apache License 2.0,PERMISSIVE,NOT_REVIEWED,a3b4b398-8875-452a-b3cd-308d80a1c075,45e39237-357d-4067-957b-495124df78e1,7cae335f-1193-421e-92f1-8802b4243e93
334,aws/aws-sdk-go-v2,service/backup/v1.60.1,Direct Dependency,Apache License 2.0,PERMISSIVE,NOT_REVIEWED,a3b4b398-8875-452a-b3cd-308d80a1c075,9e2946a3-ff87-41fb-9410-a3eb712eb5a6,7cae335f-1193-421e-92f1-8802b4243e93
335,aws/aws-sdk-go-v2,service/bedrockruntime/v1.57.2,Direct Dependency,Apache License 2.0,PERMISSIVE,NOT_REVIEWED,a3b4b398-8875-452a-b3cd-308d80a1c075,f3cdf527-cc67-4dd4-8e97-cec7a5a6e682,7cae335f-1193-421e-92f1-8802b4243e93
336,aws/aws-sdk-go-v2,service/cloudtrail/v1.58.5,Direct Dependency,Apache License 2.0,PERMISSIVE,NOT_REVIEWED,a3b4b398-8875-452a-b3cd-308d80a1c075,b76af1ec-2db8-41aa-9cdd-6b08a76203e7,7cae335f-1193-421e-92f1-8802b4243e93
337,aws/aws-sdk-go-v2,service/cloudwatch/v1.72.0,Direct Dependency,Apache License 2.0,PERMISSIVE,NOT_REVIEWED,a3b4b398-8875-452a-b3cd-308d80a1c075,981024ac-cbe7-42b3-a91f-518450d3232b,7cae335f-1193-421e-92f1-8802b4243e93
338,aws/aws-sdk-go-v2,service/cloudwatchlogs/v1.82.1,Direct Dependency,Apache License 2.0,PERMISSIVE,NOT_REVIEWED,a3b4b398-8875-452a-b3cd-308d80a1c075,2ab69151-6c06-4a72-9704-f0f6d8e510c3,7cae335f-1193-421e-92f1-8802b4243e93
339,aws/aws-sdk-go-v2,service/cognitoidentityprovider/v1.67.5,Direct Dependency,Apache License 2.0,PERMISSIVE,NOT_REVIEWED,a3b4b398-8875-452a-b3cd-308d80a1c075,f651b447-441d-4aa6-b506-f8f10c3d5c14,7cae335f-1193-421e-92f1-8802b4243e93
340,aws/aws-sdk-go-v2,service/dynamodb/v1.31.1,Transitive Dependency,Apache License 2.0,PERMISSIVE,NOT_REVIEWED,a3b4b398-8875-452a-b3cd-308d80a1c075,1f664c13-7881-4087-8830-3d0ee65fa373,7cae335f-1193-421e-92f1-8802b4243e93
341,aws/aws-sdk-go-v2,service/ebs/v1.36.5,Direct Dependency,Apache License 2.0,PERMISSIVE,NOT_REVIEWED,a3b4b398-8875-452a-b3cd-308d80a1c075,5e1ea4ac-1a11-47ef-a4cb-8a0ac4a0964c,7cae335f-1193-421e-92f1-8802b4243e93
342,aws/aws-sdk-go-v2,service/ec2/v1.321.1,Direct Dependency,Apache License 2.0,PERMISSIVE,NOT_REVIEWED,a3b4b398-8875-452a-b3cd-308d80a1c075,8e929489-3045-4ca9-8286-7b10309bfc8d,7cae335f-1193-421e-92f1-8802b4243e93
343,aws/aws-sdk-go-v2,service/ecr/v1.60.5,Direct Dependency,Apache License 2.0,PERMISSIVE,NOT_REVIEWED,a3b4b398-8875-452a-b3cd-308d80a1c075,d26edd11-c736-46e3-a97d-5cc402e5829e,7cae335f-1193-421e-92f1-8802b4243e93
344,aws/aws-sdk-go-v2,service/ecs/v1.90.1,Direct Dependency,Apache License 2.0,PERMISSIVE,NOT_REVIEWED,a3b4b398-8875-452a-b3cd-308d80a1c075,f704ab07-4af4-449a-94d1-f821ff6dec70,7cae335f-1193-421e-92f1-8802b4243e93
345,aws/aws-sdk-go-v2,service/eks/v1.91.0,Direct Dependency,Apache License 2.0,PERMISSIVE,NOT_REVIEWED,a3b4b398-8875-452a-b3cd-308d80a1c075,8d64f711-c469-4782-9a48-ad0ad836ab05,7cae335f-1193-421e-92f1-8802b4243e93
346,aws/aws-sdk-go-v2,service/elasticache/v1.56.0,Transitive Dependency,Apache License 2.0,PERMISSIVE,NOT_REVIEWED,a3b4b398-8875-452a-b3cd-308d80a1c075,60e47463-3142-4be9-a3d6-21bbfb726417,7cae335f-1193-421e-92f1-8802b4243e93
347,aws/aws-sdk-go-v2,service/elasticloadbalancingv2/v1.58.6,Direct Dependency,Apache License 2.0,PERMISSIVE,NOT_REVIEWED,a3b4b398-8875-452a-b3cd-308d80a1c075,e090ce3b-c81e-4fe4-be6f-3b3727f2cfb0,7cae335f-1193-421e-92f1-8802b4243e93
348,aws/aws-sdk-go-v2,service/eventbridge/v1.30.4,Transitive Dependency,Apache License 2.0,PERMISSIVE,NOT_REVIEWED,a3b4b398-8875-452a-b3cd-308d80a1c075,57015ac5-fb27-4d67-ad53-0b1935d34b6d,7cae335f-1193-421e-92f1-8802b4243e93
349,aws/aws-sdk-go-v2,service/firehose/v1.46.5,Direct Dependency,Apache License 2.0,PERMISSIVE,NOT_REVIEWED,a3b4b398-8875-452a-b3cd-308d80a1c075,8705c5dd-a4b8-41c8-9f09-fb633317ae7f,7cae335f-1193-421e-92f1-8802b4243e93
350,aws/aws-sdk-go-v2,service/iam/v1.59.0,Direct Dependency,Apache License 2.0,PERMISSIVE,NOT_REVIEWED,a3b4b398-8875-452a-b3cd-308d80a1c075,f2428863-4b47-47df-b04d-335982048bd4,7cae335f-1193-421e-92f1-8802b4243e93
351,aws/aws-sdk-go-v2,service/internal/accept-encoding/v1.13.17,Transitive Dependency,Apache License 2.0,PERMISSIVE,NOT_REVIEWED,a3b4b398-8875-452a-b3cd-308d80a1c075,86a6deb3-01ed-480a-bc97-f5ee6a227ea8,7cae335f-1193-421e-92f1-8802b4243e93
352,aws/aws-sdk-go-v2,service/internal/checksum/v1.9.29,Transitive Dependency,Apache License 2.0,PERMISSIVE,NOT_REVIEWED,a3b4b398-8875-452a-b3cd-308d80a1c075,fec05ae5-e007-4e3f-bf45-13280c5a6655,7cae335f-1193-421e-92f1-8802b4243e93
353,aws/aws-sdk-go-v2,service/internal/endpoint-discovery/v1.9.6,Transitive Dependency,Apache License 2.0,PERMISSIVE,NOT_REVIEWED,a3b4b398-8875-452a-b3cd-308d80a1c075,3aa74e74-112a-43f0-bf1d-9ab42c8a28c0,7cae335f-1193-421e-92f1-8802b4243e93
354,aws/aws-sdk-go-v2,service/internal/presigned-url/v1.13.36,Transitive Dependency,Apache License 2.0,PERMISSIVE,NOT_REVIEWED,a3b4b398-8875-452a-b3cd-308d80a1c075,afef504f-2b93-4910-a4b9-6c4e83104b34,7cae335f-1193-421e-92f1-8802b4243e93
355,aws/aws-sdk-go-v2,service/internal/s3shared/v1.19.37,Transitive Dependency,Apache License 2.0,PERMISSIVE,NOT_REVIEWED,a3b4b398-8875-452a-b3cd-308d80a1c075,bb771791-58d7-477c-ab59-91ed72e12491,7cae335f-1193-421e-92f1-8802b4243e93
356,aws/aws-sdk-go-v2,service/kafka/v1.58.1,Direct Dependency,Apache License 2.0,PERMISSIVE,NOT_REVIEWED,a3b4b398-8875-452a-b3cd-308d80a1c075,eb071184-a426-4bd6-bf8d-c0742882a064,7cae335f-1193-421e-92f1-8802b4243e93
357,aws/aws-sdk-go-v2,service/kinesis/v1.27.4,Transitive Dependency,Apache License 2.0,PERMISSIVE,NOT_REVIEWED,a3b4b398-8875-452a-b3cd-308d80a1c075,08b9629c-7980-4e97-b9ed-03c41f075b91,7cae335f-1193-421e-92f1-8802b4243e93
358,aws/aws-sdk-go-v2,service/kms/v1.55.5,Direct Dependency,Apache License 2.0,PERMISSIVE,NOT_REVIEWED,a3b4b398-8875-452a-b3cd-308d80a1c075,fbb42aad-9572-41e8-ab91-4027519c7ee0,7cae335f-1193-421e-92f1-8802b4243e93
359,aws/aws-sdk-go-v2,service/lightsail/v1.58.0,Transitive Dependency,Apache License 2.0,PERMISSIVE,NOT_REVIEWED,a3b4b398-8875-452a-b3cd-308d80a1c075,ce8b6ba1-6ea2-4853-91ce-fa99499089e0,7cae335f-1193-421e-92f1-8802b4243e93
360,aws/aws-sdk-go-v2,service/organizations/v1.53.7,Direct Dependency,Apache License 2.0,PERMISSIVE,NOT_REVIEWED,a3b4b398-8875-452a-b3cd-308d80a1c075,413679fa-0f78-4566-92a1-bb2d7561acc4,7cae335f-1193-421e-92f1-8802b4243e93
361,aws/aws-sdk-go-v2,service/pricing/v1.44.5,Direct Dependency,Apache License 2.0,PERMISSIVE,NOT_REVIEWED,a3b4b398-8875-452a-b3cd-308d80a1c075,97907ae9-a927-45d6-a18c-6f85140d7ebf,7cae335f-1193-421e-92f1-8802b4243e93
362,aws/aws-sdk-go-v2,service/rds/v1.123.0,Transitive Dependency,Apache License 2.0,PERMISSIVE,NOT_REVIEWED,a3b4b398-8875-452a-b3cd-308d80a1c075,960fd987-c3f1-4163-a51c-52a87093b01c,7cae335f-1193-421e-92f1-8802b4243e93
363,aws/aws-sdk-go-v2,service/resourcegroupstaggingapi/v1.36.0,Direct Dependency,Apache License 2.0,PERMISSIVE,NOT_REVIEWED,a3b4b398-8875-452a-b3cd-308d80a1c075,0433db60-adab-4322-acd6-c254b06ff013,7cae335f-1193-421e-92f1-8802b4243e93
364,aws/aws-sdk-go-v2,service/route53/v1.65.7,Direct Dependency,Apache License 2.0,PERMISSIVE,NOT_REVIEWED,a3b4b398-8875-452a-b3cd-308d80a1c075,e7e916d2-fa16-49f3-88ff-b21bb95e15c8,7cae335f-1193-421e-92f1-8802b4243e93
365,aws/aws-sdk-go-v2,service/s3/v1.107.1,Direct Dependency,Apache License 2.0,PERMISSIVE,NOT_REVIEWED,a3b4b398-8875-452a-b3cd-308d80a1c075,b6365680-d6c3-4f83-bfa9-11a9eac5bf1a,7cae335f-1193-421e-92f1-8802b4243e93
366,aws/aws-sdk-go-v2,service/secretsmanager/v1.44.5,Direct Dependency,Apache License 2.0,PERMISSIVE,NOT_REVIEWED,a3b4b398-8875-452a-b3cd-308d80a1c075,9b376343-4898-4750-86c8-452cd7e4ec5f,7cae335f-1193-421e-92f1-8802b4243e93
367,aws/aws-sdk-go-v2,service/servicequotas/v1.37.5,Direct Dependency,Apache License 2.0,PERMISSIVE,NOT_REVIEWED,a3b4b398-8875-452a-b3cd-308d80a1c075,1cbc5504-3c92-4a04-97aa-fb068ef3c8d1,7cae335f-1193-421e-92f1-8802b4243e93
368,aws/aws-sdk-go-v2,service/sfn/v1.45.5,Direct Dependency,Apache License 2.0,PERMISSIVE,NOT_REVIEWED,a3b4b398-8875-452a-b3cd-308d80a1c075,42968b60-e663-41a6-8172-13ad8606574c,7cae335f-1193-421e-92f1-8802b4243e93
369,aws/aws-sdk-go-v2,service/signin/v1.5.5,Transitive Dependency,Apache License 2.0,PERMISSIVE,NOT_REVIEWED,a3b4b398-8875-452a-b3cd-308d80a1c075,4d470767-2292-4b04-bb9f-9ca69498eac7,7cae335f-1193-421e-92f1-8802b4243e93
370,aws/aws-sdk-go-v2,service/sns/v1.42.5,Direct Dependency,Apache License 2.0,PERMISSIVE,NOT_REVIEWED,a3b4b398-8875-452a-b3cd-308d80a1c075,d436d178-03ba-4d0e-a617-1fdb5cf2c3b6,7cae335f-1193-421e-92f1-8802b4243e93
371,aws/aws-sdk-go-v2,service/sqs/v1.46.5,Direct Dependency,Apache License 2.0,PERMISSIVE,NOT_REVIEWED,a3b4b398-8875-452a-b3cd-308d80a1c075,917127f5-d29c-41dd-ad7d-21537a7170fc,7cae335f-1193-421e-92f1-8802b4243e93
372,aws/aws-sdk-go-v2,service/ssm/v1.73.5,Direct Dependency,Apache License 2.0,PERMISSIVE,NOT_REVIEWED,a3b4b398-8875-452a-b3cd-308d80a1c075,b2a0b0d1-62af-4e90-8a8e-ac6498b038f7,7cae335f-1193-421e-92f1-8802b4243e93
373,aws/aws-sdk-go-v2,service/sso/v1.33.5,Transitive Dependency,Apache License 2.0,PERMISSIVE,NOT_REVIEWED,a3b4b398-8875-452a-b3cd-308d80a1c075,649d774c-5eaf-4aaf-9d8f-abf69ecad88e,7cae335f-1193-421e-92f1-8802b4243e93
374,aws/aws-sdk-go-v2,service/ssooidc/v1.38.5,Transitive Dependency,Apache License 2.0,PERMISSIVE,NOT_REVIEWED,a3b4b398-8875-452a-b3cd-308d80a1c075,499f5ee5-b823-4948-aee9-7969ceb2c415,7cae335f-1193-421e-92f1-8802b4243e93
375,aws/aws-sdk-go-v2,service/sts/v1.45.5,Direct Dependency,Apache License 2.0,PERMISSIVE,NOT_REVIEWED,a3b4b398-8875-452a-b3cd-308d80a1c075,3f685b80-5838-4c8c-832e-b944bb510b53,7cae335f-1193-421e-92f1-8802b4243e93
376,aws/aws-sdk-go-v2,service/support/v1.34.5,Direct Dependency,Apache License 2.0,PERMISSIVE,NOT_REVIEWED,a3b4b398-8875-452a-b3cd-308d80a1c075,fc44645d-cbae-4b40-b689-01dccd3d389c,7cae335f-1193-421e-92f1-8802b4243e93
377,aws/aws-sdk-go-v2,v1.47.0,Direct Dependency,Apache License 2.0,PERMISSIVE,NOT_REVIEWED,a3b4b398-8875-452a-b3cd-308d80a1c075,a52affcd-6ca5-427b-a1cc-075dd71c5731,7cae335f-1193-421e-92f1-8802b4243e93
378,axios,1.16.0,Direct Dependency,MIT License,PERMISSIVE,NOT_REVIEWED,0ddca5c6-f5a1-4417-86b1-14c3b79aca8a,520a294a-18d7-46ef-90f5-56913691865e,ad705c59-6893-4980-bdbf-0837f1823cc4
379,axios,1.18.1,Direct Dependency,MIT License,PERMISSIVE,NOT_REVIEWED,0ddca5c6-f5a1-4417-86b1-14c3b79aca8a,1c6a4d16-07b7-4806-b17f-a1cdd1932004,ad705c59-6893-4980-bdbf-0837f1823cc4
380,aymanbagabas/go-osc52,v2.0.1,Transitive Dependency,MIT License,PERMISSIVE,NOT_REVIEWED,560bfaa8-4cfb-4a80-af7d-78757eb95264,fd12ea89-fdd0-4f45-9bf8-c4a37acb77b3,ad705c59-6893-4980-bdbf-0837f1823cc4
381,azz/pretty-quick,3.1.3,Direct Dependency,MIT License,PERMISSIVE,NOT_REVIEWED,e3adc608-d2ae-4a3e-a35a-e40695392512,8f9ce2ad-9917-47fd-baee-59dedd35e4f0,ad705c59-6893-4980-bdbf-0837f1823cc4
382,b4a,1.8.0,Transitive Dependency,Apache License 2.0,PERMISSIVE,NOT_REVIEWED,311b0e95-b397-444e-9c05-00d4c783535c,74c05733-14e5-4771-9cb7-472e6e894eec,7cae335f-1193-421e-92f1-8802b4243e93
383,babel-loader,9.1.2,Direct Dependency,MIT License,PERMISSIVE,NOT_REVIEWED,29deb452-ea27-44f9-9659-b63beeb41fc4,b77631fe-83ae-4ffc-acd4-ac93b1792559,ad705c59-6893-4980-bdbf-0837f1823cc4
384,babel-traverse,7.29.0,Transitive Dependency,MIT License,PERMISSIVE,NOT_REVIEWED,bd2652a3-74ea-44a9-8889-f3e98aa4dfa0,305d07a0-da46-403f-9b0a-fe85a3b5e443,ad705c59-6893-4980-bdbf-0837f1823cc4
385,babel-traverse,7.29.7,Transitive Dependency,MIT License,PERMISSIVE,NOT_REVIEWED,bd2652a3-74ea-44a9-8889-f3e98aa4dfa0,a0ab8869-b0db-42b8-9515-d3ce74044d0d,ad705c59-6893-4980-bdbf-0837f1823cc4
386,bare-os,3.8.0,Transitive Dependency,Apache License 2.0,PERMISSIVE,NOT_REVIEWED,d7b62790-1826-4a50-9661-2403c0d6b6b4,c6f3446f-1006-408e-86d2-b7e3ed9b9a10,7cae335f-1193-421e-92f1-8802b4243e93
387,bare-path,3.0.0,Transitive Dependency,Apache License 2.0,PERMISSIVE,NOT_REVIEWED,ebcc7720-4191-46a1-bcdd-5b404d20fd6c,fac0bcec-36a6-4bf7-9a48-3dc7f9458d11,7cae335f-1193-421e-92f1-8802b4243e93
388,base64-js,1.5.1,Transitive Dependency,MIT License,PERMISSIVE,NOT_REVIEWED,fe419850-a90e-4d1c-be3c-8f89c78571c0,cbd57017-66ef-4eda-97c7-0681ddbfbae0,ad705c59-6893-4980-bdbf-0837f1823cc4
389,baseline-browser-mapping,2.10.20,Transitive Dependency,Apache License 2.0,PERMISSIVE,NOT_REVIEWED,7ddd2450-4ea7-4b8f-b084-291e924bf4c7,b22b1a71-7620-4628-b1dc-a3b60ccce57b,7cae335f-1193-421e-92f1-8802b4243e93
390,baseline-browser-mapping,2.10.38,Transitive Dependency,Apache License 2.0,PERMISSIVE,NOT_REVIEWED,7ddd2450-4ea7-4b8f-b084-291e924bf4c7,0872a61f-07d8-4d14-9506-8a1182298ebb,7cae335f-1193-421e-92f1-8802b4243e93
391,baseline-browser-mapping,2.11.26,Transitive Dependency,Apache License 2.0,PERMISSIVE,NOT_REVIEWED,7ddd2450-4ea7-4b8f-b084-291e924bf4c7,ac6397d3-6135-452e-be22-3c64863c2bed,7cae335f-1193-421e-92f1-8802b4243e93
392,basgys/goxml2json,20231018-snapshot-e66ee54c,Transitive Dependency,MIT License,PERMISSIVE,NOT_REVIEWED,d09e1e08-a27a-4444-bfa3-a91e6352d2f1,2a82efc9-e361-47c6-b742-c716adf98d68,ad705c59-6893-4980-bdbf-0837f1823cc4
393,basic-ftp,5.2.0,Transitive Dependency,MIT License,PERMISSIVE,NOT_REVIEWED,d3385e13-7959-4c48-b63d-7d43efba95c6,a0fa8d99-3bd0-4fbe-9c15-d30807b4302c,ad705c59-6893-4980-bdbf-0837f1823cc4
394,beorn7-perks,v1.0.1,Transitive Dependency,MIT License,PERMISSIVE,NOT_REVIEWED,a160fd2a-ab2a-4d35-8243-5bed42557272,9a891f96-ef74-4ef0-ae30-a33f42945b10,ad705c59-6893-4980-bdbf-0837f1823cc4
395,bgentry-speakeasy,0.1.0,Transitive Dependency,Apache License 2.0,PERMISSIVE,NOT_REVIEWED,ad66a430-c251-4e76-9f51-29c7916fc324,6a1ff730-b208-4bf0-b0c2-30019069156b,7cae335f-1193-421e-92f1-8802b4243e93
396,bigfft,20230129-snapshot-24d4a6f8,Transitive Dependency,"BSD 3-clause ""New"" or ""Revised"" License",PERMISSIVE,NOT_REVIEWED,9f7f2647-36a5-4368-abcc-ad6d6d3b9b22,290e3b52-9a4b-4918-862e-025253785401,3d238144-44e6-450e-b523-3defbdaed9dc
397,biter777/countries,v1.7.5,Direct Dependency,"BSD 2-clause ""Simplified"" License",PERMISSIVE,NOT_REVIEWED,3420baa6-eba7-4cab-8401-cd93e6ac47aa,1edb89fe-d2e2-4040-8636-d75a8c40e611,cc875133-df38-4806-9921-473e0ef01a87
398,blackfriday,v1.6.0,Transitive Dependency,"BSD 2-clause ""Simplified"" License",PERMISSIVE,NOT_REVIEWED,5efc4af3-2eda-490e-9cb9-4d39fc8f6184,ed57821c-4837-4895-b307-38c01d9e79da,cc875133-df38-4806-9921-473e0ef01a87
399,blackfriday,v2.1.0,Transitive Dependency,"BSD 2-clause ""Simplified"" License",PERMISSIVE,NOT_REVIEWED,5efc4af3-2eda-490e-9cb9-4d39fc8f6184,f84ebf99-4802-4ca2-9b92-84fd2b86c656,cc875133-df38-4806-9921-473e0ef01a87
400,blakeembrey/pluralize,8.0.0,Transitive Dependency,MIT License,PERMISSIVE,NOT_REVIEWED,c84a7f55-7b57-47b0-8d35-e81410f00421,bd86d302-41b8-41a1-97dd-89be16da3d13,ad705c59-6893-4980-bdbf-0837f1823cc4
401,blob-util,2.0.2,Transitive Dependency,Apache License 2.0,PERMISSIVE,NOT_REVIEWED,511cb03c-586e-4cca-b123-d63c89e5c11c,08f7c677-1668-4aba-bdc7-8d7ec973e950,7cae335f-1193-421e-92f1-8802b4243e93
402,bmatcuk/doublestar,v1.1.1,Transitive Dependency,MIT License,PERMISSIVE,NOT_REVIEWED,8fc68f64-eb18-40e5-943d-88729d2f7b3b,0d5c0d31-23ef-4331-a5af-4233072f91fa,ad705c59-6893-4980-bdbf-0837f1823cc4
403,bmatcuk/doublestar,v4.10.0,Transitive Dependency,MIT License,PERMISSIVE,NOT_REVIEWED,8fc68f64-eb18-40e5-943d-88729d2f7b3b,12518db0-e52c-4fec-bbc2-e7cd8f5f9738,ad705c59-6893-4980-bdbf-0837f1823cc4
404,body-parser,2.2.2,Transitive Dependency,MIT License,PERMISSIVE,NOT_REVIEWED,1e02638b-1f8e-47a7-bb89-b05ba6e0bfc9,9a98115c-cdea-4118-bf56-67f0ac76f139,ad705c59-6893-4980-bdbf-0837f1823cc4
405,browser-stdout,1.3.1,Transitive Dependency,ISC License,PERMISSIVE,NOT_REVIEWED,9aa807c6-18ac-45bd-bb3e-b2631d4d363f,0f44fb0b-72c5-442d-90d3-884f45e22897,14b0b50b-acd2-4fc8-ac65-3b15f9e58260
406,browserify/resolve,1.22.11,Transitive Dependency,MIT License,PERMISSIVE,NOT_REVIEWED,8602b937-e64a-4676-8c00-f66111ec2301,69bf370f-724f-40bb-ae5c-017e889248d0,ad705c59-6893-4980-bdbf-0837f1823cc4
407,browserify/resolve,1.22.12,Transitive Dependency,MIT License,PERMISSIVE,NOT_REVIEWED,8602b937-e64a-4676-8c00-f66111ec2301,c4b1df06-269d-491d-8c8f-dc8f0df98c86,ad705c59-6893-4980-bdbf-0837f1823cc4
408,btree,v1.1.3,Transitive Dependency,Apache License 2.0,PERMISSIVE,NOT_REVIEWED,8ae647a1-bdf4-48a5-a491-32142c77f6e0,2d6a90b1-8ead-4e39-b7e6-ac1a0a0a445d,7cae335f-1193-421e-92f1-8802b4243e93
409,bundle-name,4.1.0,Transitive Dependency,MIT License,PERMISSIVE,NOT_REVIEWED,82048a58-be40-49b0-ab11-098444b0e2f3,96216164-7f49-4065-bb5d-eaa07d61b2f4,ad705c59-6893-4980-bdbf-0837f1823cc4
410,bytes.js,3.1.2,Transitive Dependency,MIT License,PERMISSIVE,NOT_REVIEWED,f19400ed-0354-4616-aa6a-524365a21d92,7d06f361-2671-47e6-b50a-2e47428ada1e,ad705c59-6893-4980-bdbf-0837f1823cc4
411,caarlos0/env,v11.4.1,Direct Dependency,MIT License,PERMISSIVE,NOT_REVIEWED,b362e82f-7f71-4349-b696-5871fbf06f60,998f4345-0f14-4449-ace8-dd3612d135fb,ad705c59-6893-4980-bdbf-0837f1823cc4
412,cac,6.7.14,Transitive Dependency,MIT License,PERMISSIVE,NOT_REVIEWED,97b863f6-6c14-443e-9c9b-1b53080b21ed,2bba6d71-bf7f-4bb4-8da9-be989e7094f8,ad705c59-6893-4980-bdbf-0837f1823cc4
413,camelcase,5.3.1,Transitive Dependency,MIT License,PERMISSIVE,NOT_REVIEWED,19360446-2e16-4d8f-b1d0-6c17eae51176,7d2ea25b-3fc4-4cdc-b964-27abc968190c,ad705c59-6893-4980-bdbf-0837f1823cc4
414,camelcase,6.3.0,Transitive Dependency,MIT License,PERMISSIVE,NOT_REVIEWED,19360446-2e16-4d8f-b1d0-6c17eae51176,0990a8fd-5dd7-4b31-b8a7-ccdfc341c05b,ad705c59-6893-4980-bdbf-0837f1823cc4
415,camelcase,8.0.0,Transitive Dependency,MIT License,PERMISSIVE,NOT_REVIEWED,19360446-2e16-4d8f-b1d0-6c17eae51176,9fb9934f-7ea3-44b4-b998-996a13fcb554,ad705c59-6893-4980-bdbf-0837f1823cc4
416,caseless,0.12.0,Transitive Dependency,Apache License 2.0,PERMISSIVE,NOT_REVIEWED,ec8c8cd3-4abd-48fa-9ec7-1bc960e34884,044da25f-5eb2-49f2-968c-e6effdd8ed5a,7cae335f-1193-421e-92f1-8802b4243e93
417,cenkalti/backoff,v2.2.1,Transitive Dependency,MIT License,PERMISSIVE,NOT_REVIEWED,6f94ff16-df86-48dd-82bf-10cbe747809f,3abf5e4a-4fec-49d4-b68f-7a7d3fca6da8,ad705c59-6893-4980-bdbf-0837f1823cc4
418,cenkalti/backoff,v3.2.2,Transitive Dependency,MIT License,PERMISSIVE,NOT_REVIEWED,6f94ff16-df86-48dd-82bf-10cbe747809f,88e0deff-3450-42fe-a5f8-6e3014f5599d,ad705c59-6893-4980-bdbf-0837f1823cc4
419,cenkalti/backoff,v5.0.3,Transitive Dependency,MIT License,PERMISSIVE,NOT_REVIEWED,6f94ff16-df86-48dd-82bf-10cbe747809f,91a23895-4a45-4dc0-8221-b3a80115f466,ad705c59-6893-4980-bdbf-0837f1823cc4
420,chai2010-gettext-go,v1.0.2,Transitive Dependency,"BSD 3-clause ""New"" or ""Revised"" License",PERMISSIVE,NOT_REVIEWED,0a170d7e-cae3-4aff-b2c6-0d4b4d2c2218,7631bed2-11bc-4772-a3e8-a22f2103a3fb,3d238144-44e6-450e-b523-3defbdaed9dc
421,charenc,0.0.2,Transitive Dependency,"BSD 3-clause ""New"" or ""Revised"" License",PERMISSIVE,NOT_REVIEWED,23331417-34ed-4b40-994a-c0580f53aa25,95d52eab-fd6b-4230-b491-8c9cf2632e79,3d238144-44e6-450e-b523-3defbdaed9dc
422,chevrotain,11.1.2,Transitive Dependency,Apache License 2.0,PERMISSIVE,NOT_REVIEWED,2e064b12-f4dd-4438-b83c-5a36aafa3b12,c8c7c14d-6014-42a1-8920-14af1677a2e5,7cae335f-1193-421e-92f1-8802b4243e93
423,chevrotain-allstar,0.3.1,Transitive Dependency,MIT License,PERMISSIVE,NOT_REVIEWED,998efa6f-4c4d-4c64-8c59-c87ed6e8af15,5c9a9674-528e-4091-ae46-d0f4e7289ec3,ad705c59-6893-4980-bdbf-0837f1823cc4
424,chromedp/chromedp,v0.16.0,Direct Dependency,MIT License,PERMISSIVE,NOT_REVIEWED,826dd033-dbab-47d7-9986-2a3e16a2d759,0199c9a5-982d-48b7-a17b-0ddba9f36616,ad705c59-6893-4980-bdbf-0837f1823cc4
425,chromedp/sysutil,v1.1.0,Transitive Dependency,MIT License,PERMISSIVE,NOT_REVIEWED,977eddda-f82e-413b-bc1b-a37efa525153,e8f995ca-9f68-4829-935d-f5541c010546,ad705c59-6893-4980-bdbf-0837f1823cc4
426,chzyer/logex,v1.1.10,Direct Dependency,MIT License,PERMISSIVE,NOT_REVIEWED,adae0448-b8ec-4eff-858f-2c71c568791b,e71b6a76-2ef9-470b-89c0-7ea981223335,ad705c59-6893-4980-bdbf-0837f1823cc4
427,ci-info,4.4.0,Transitive Dependency,MIT License,PERMISSIVE,NOT_REVIEWED,89e21154-e5ae-4329-b266-1ef8ebb0165a,846b7b7e-27c0-4bf2-8eef-6427fc933b4d,ad705c59-6893-4980-bdbf-0837f1823cc4
428,circonus-labs/circonusllhist,v0.1.3,Transitive Dependency,"BSD 3-clause ""New"" or ""Revised"" License",PERMISSIVE,NOT_REVIEWED,2b77c760-61dd-4ecf-bb72-dd4098ca4e53,c066be56-2deb-4e64-ba4e-7a3b0c068261,3d238144-44e6-450e-b523-3defbdaed9dc
429,cli-cursor,5.0.0,Transitive Dependency,MIT License,PERMISSIVE,NOT_REVIEWED,086f28cb-78b2-4d6b-904e-c917b3980032,b724cc3f-c5c1-4d19-94ee-566155ed14a3,ad705c59-6893-4980-bdbf-0837f1823cc4
430,cli-table,0.3.11,Transitive Dependency,MIT License,PERMISSIVE,NOT_REVIEWED,1d646eb2-550e-4c89-be99-273320e84016,94b88cc4-3065-4af7-980f-ba4a4aa1e606,ad705c59-6893-4980-bdbf-0837f1823cc4
431,cli-width,4.1.0,Transitive Dependency,ISC License,PERMISSIVE,NOT_REVIEWED,82a57164-ab38-403d-9408-43814028cfba,25643174-f96a-42f2-b157-0cd8bc561c41,14b0b50b-acd2-4fc8-ac65-3b15f9e58260
432,client_golang,20260724-snapshot-ecdb8254,Transitive Dependency,Apache License 2.0,PERMISSIVE,NOT_REVIEWED,163bec4e-b7f6-4c8a-828d-5ba673aaa72a,b4384c74-d1d9-49e9-959e-7d4caa18317f,7cae335f-1193-421e-92f1-8802b4243e93
433,client_golang,v1.24.1,Direct Dependency,Apache License 2.0,PERMISSIVE,NOT_REVIEWED,163bec4e-b7f6-4c8a-828d-5ba673aaa72a,15b58c46-2697-4119-953e-2483854f1645,7cae335f-1193-421e-92f1-8802b4243e93
434,cliui,8.0.1,Transitive Dependency,ISC License,PERMISSIVE,NOT_REVIEWED,0284f5a9-3409-4425-a23a-a0ebab9a922e,502009ab-4e95-4e15-bee2-003f1923d1d4,14b0b50b-acd2-4fc8-ac65-3b15f9e58260
435,cliui,v6.0.0,Transitive Dependency,ISC License,PERMISSIVE,NOT_REVIEWED,0284f5a9-3409-4425-a23a-a0ebab9a922e,6b67fd91-dc77-44b6-b247-ab372085220f,14b0b50b-acd2-4fc8-ac65-3b15f9e58260
436,cloudykit/jet,v6.2.0,Transitive Dependency,Apache License 2.0,PERMISSIVE,NOT_REVIEWED,03b42e54-0dd9-4403-83ca-495c6546bb82,21082173-1c9b-475f-aa52-3d3259fad137,7cae335f-1193-421e-92f1-8802b4243e93
437,clsx,2.1.1,Direct Dependency,MIT License,PERMISSIVE,NOT_REVIEWED,9d997fe6-f04f-4853-b6bc-e66a01a8322b,ec5ad87c-bd7d-4aa9-8a2b-6ff70b34df2b,ad705c59-6893-4980-bdbf-0837f1823cc4
438,code-block-writer,13.0.3,Transitive Dependency,MIT License,PERMISSIVE,NOT_REVIEWED,99171490-8874-44ed-91b4-6c226c43bf79,5ab6d22f-900b-4717-b29e-f107481f0016,ad705c59-6893-4980-bdbf-0837f1823cc4
439,console.table,0.10.0,Transitive Dependency,MIT License,PERMISSIVE,NOT_REVIEWED,a6fa3faf-f78e-4d80-b18a-4ab19932ad8e,2945725d-dbc8-4b35-bb8e-3ce6c0f783f9,ad705c59-6893-4980-bdbf-0837f1823cc4
440,containerd/typeurl,v2.2.0,Transitive Dependency,Apache License 2.0,PERMISSIVE,NOT_REVIEWED,8bf72afc-c43a-4430-9254-0ed668073509,30ad0a7b-b3bb-4a64-a134-f64f0ff60bd0,7cae335f-1193-421e-92f1-8802b4243e93
441,content-disposition,1.1.0,Transitive Dependency,MIT License,PERMISSIVE,NOT_REVIEWED,8cf62651-accc-4a09-9729-d6334ee20e6b,85c0caf5-f6d9-4a34-9009-a3f98519221c,ad705c59-6893-4980-bdbf-0837f1823cc4
442,cookie,0.7.2,Transitive Dependency,MIT License,PERMISSIVE,NOT_REVIEWED,f1bfe3a5-aa79-429b-95a1-22081576912d,82efbea2-2962-4cb6-95c0-c4bc3512798c,ad705c59-6893-4980-bdbf-0837f1823cc4
443,cookie,1.1.1,Transitive Dependency,MIT License,PERMISSIVE,NOT_REVIEWED,f1bfe3a5-aa79-429b-95a1-22081576912d,fb82c2c5-b736-4cf4-9ec3-3697b6bc8036,ad705c59-6893-4980-bdbf-0837f1823cc4
444,coreos-go-oidc,v3.20.0,Direct Dependency,Apache License 2.0,PERMISSIVE,NOT_REVIEWED,97f09a83-51b1-437f-9503-8e74e01e6d2c,9596644d-657a-44cb-b6f5-f9cc1f811b3f,7cae335f-1193-421e-92f1-8802b4243e93
445,cose-base,1.0.3,Transitive Dependency,MIT License,PERMISSIVE,NOT_REVIEWED,312feea4-9b82-4e66-ac02-f197834f3cb0,3a2178b0-7e75-421d-b82f-be3152b194b7,ad705c59-6893-4980-bdbf-0837f1823cc4
446,cose-base,2.2.0,Transitive Dependency,MIT License,PERMISSIVE,NOT_REVIEWED,312feea4-9b82-4e66-ac02-f197834f3cb0,3d9d4383-c66e-45df-89af-cfe259c456fe,ad705c59-6893-4980-bdbf-0837f1823cc4
447,cosmiconfig,9.0.1,Transitive Dependency,MIT License,PERMISSIVE,NOT_REVIEWED,365924d9-4ccd-45c9-b9c3-92a5e3c40ebf,4798e492-a205-4b95-817a-f0f67de0b275,ad705c59-6893-4980-bdbf-0837f1823cc4
448,cosmiconfig,9.0.2,Transitive Dependency,MIT License,PERMISSIVE,NOT_REVIEWED,365924d9-4ccd-45c9-b9c3-92a5e3c40ebf,33c8c589-021d-4f88-a7da-7ef586ac006e,ad705c59-6893-4980-bdbf-0837f1823cc4
449,couchbase-cbauth,v0.1.13,Transitive Dependency,Apache License 2.0,PERMISSIVE,NOT_REVIEWED,5b25999a-cdba-4002-98e4-5ef9b60f408a,d1ca1c43-3564-4451-a8f7-aa01e39a694c,7cae335f-1193-421e-92f1-8802b4243e93
450,couchbase-clog,v0.1.0,Transitive Dependency,Business Source License 1.1,RESTRICTED_PROPRIETARY,NOT_REVIEWED,e248af4e-cbf9-4a59-8270-d078d55fa7e3,bc38ba64-e528-4774-9913-7223a6c23791,dde70004-f23f-437a-8982-c1aca19e3165
451,couchbase-go-couchbase,v0.1.1,Transitive Dependency,MIT License,PERMISSIVE,NOT_REVIEWED,28cd6692-6f63-4375-82b8-c699bb41e1fa,f5f3aaea-1352-4717-ba8d-f71af8db7644,ad705c59-6893-4980-bdbf-0837f1823cc4
452,couchbase-gomemcached,v0.3.3,Transitive Dependency,MIT License,PERMISSIVE,NOT_REVIEWED,d56f2d33-f6c1-4183-8f79-b98b55cfed9a,e908d658-8f67-47e5-bc98-96cb9a714267,ad705c59-6893-4980-bdbf-0837f1823cc4
453,couchbase-goutils,v0.2.0,Transitive Dependency,Apache License 2.0,PERMISSIVE,NOT_REVIEWED,4ac8a2b3-4807-4dff-907c-05fc8ffe6d4e,62520e09-cd52-44a5-9ada-5eb103853efe,7cae335f-1193-421e-92f1-8802b4243e93
454,couchbase/goprotostellar,20260407-snapshot-d7af2515,Transitive Dependency,Apache License 2.0,PERMISSIVE,NOT_REVIEWED,24e0c1ff-0ab0-4a61-824f-4e1e14328d7d,6fbaf230-5cc2-4fef-9539-ee52f4a205fe,7cae335f-1193-421e-92f1-8802b4243e93
455,couchbase/tools-common,auth/v2.1.0,Direct Dependency,Unknown License,UNKNOWN,NOT_REVIEWED,431f0b3c-070d-40f0-8f1d-604d56cdb6f9,fcbe3e7e-01fd-41dd-9658-a45104eddb16,00000000-0010-0000-0000-000000000000
456,couchbase/tools-common,cloud/v8.6.0,Direct Dependency,Unknown License,UNKNOWN,NOT_REVIEWED,431f0b3c-070d-40f0-8f1d-604d56cdb6f9,302f7faf-01f8-43b0-819e-96542af06228,00000000-0010-0000-0000-000000000000
457,couchbase/tools-common,couchbase/v3.9.0,Direct Dependency,Unknown License,UNKNOWN,NOT_REVIEWED,431f0b3c-070d-40f0-8f1d-604d56cdb6f9,de65ebcc-5cad-4d99-9a81-a6f02ff3bcf9,00000000-0010-0000-0000-000000000000
458,couchbase/tools-common,couchbase/v4.3.0,Direct Dependency,Unknown License,UNKNOWN,NOT_REVIEWED,431f0b3c-070d-40f0-8f1d-604d56cdb6f9,0793d827-b7b6-4924-b008-320e043e9086,00000000-0010-0000-0000-000000000000
459,couchbase/tools-common,environment/v1.1.4,Direct Dependency,Unknown License,UNKNOWN,NOT_REVIEWED,431f0b3c-070d-40f0-8f1d-604d56cdb6f9,bd0a2e18-df63-4211-abb1-7cb8c26536ca,00000000-0010-0000-0000-000000000000
460,couchbase/tools-common,errors/v1.1.0,Direct Dependency,Unknown License,UNKNOWN,NOT_REVIEWED,431f0b3c-070d-40f0-8f1d-604d56cdb6f9,768e2eb2-c8d7-4140-8d6d-d96eb7007c34,00000000-0010-0000-0000-000000000000
461,couchbase/tools-common,fs/v1.0.4,Direct Dependency,Unknown License,UNKNOWN,NOT_REVIEWED,431f0b3c-070d-40f0-8f1d-604d56cdb6f9,6eb97e8b-6a91-4321-b91f-f8cbdfc8e92d,00000000-0010-0000-0000-000000000000
462,couchbase/tools-common,functional/v1.4.1,Direct Dependency,Unknown License,UNKNOWN,NOT_REVIEWED,431f0b3c-070d-40f0-8f1d-604d56cdb6f9,f92b70e7-51a9-434b-9223-a14652426698,00000000-0010-0000-0000-000000000000
463,couchbase/tools-common,http/v1.1.1,Direct Dependency,Unknown License,UNKNOWN,NOT_REVIEWED,431f0b3c-070d-40f0-8f1d-604d56cdb6f9,671043e6-8d7d-4cd6-bf20-94dfdba8768d,00000000-0010-0000-0000-000000000000
464,couchbase/tools-common,strings/v1.0.0,Direct Dependency,Unknown License,UNKNOWN,NOT_REVIEWED,431f0b3c-070d-40f0-8f1d-604d56cdb6f9,a00288fe-6236-4cd5-b642-4c146caed6e8,00000000-0010-0000-0000-000000000000
465,couchbase/tools-common,sync/v2.0.3,Transitive Dependency,Unknown License,UNKNOWN,NOT_REVIEWED,431f0b3c-070d-40f0-8f1d-604d56cdb6f9,6a8e2b3b-1414-4219-98a7-cfac0e121ad3,00000000-0010-0000-0000-000000000000
466,couchbase/tools-common,testing/v1.0.3,Direct Dependency,Unknown License,UNKNOWN,NOT_REVIEWED,431f0b3c-070d-40f0-8f1d-604d56cdb6f9,c2271c3d-920b-4cb8-b5a7-2d9e0ebe079f,00000000-0010-0000-0000-000000000000
467,couchbase/tools-common,types/v2.2.3,Direct Dependency,Unknown License,UNKNOWN,NOT_REVIEWED,431f0b3c-070d-40f0-8f1d-604d56cdb6f9,76a49fda-1184-4a75-8e8a-936151f5afae,00000000-0010-0000-0000-000000000000
468,couchbase/tools-common,utils/v3.2.2,Direct Dependency,Unknown License,UNKNOWN,NOT_REVIEWED,431f0b3c-070d-40f0-8f1d-604d56cdb6f9,f8b0b472-3895-4207-b7ff-4882b53b76e1,00000000-0010-0000-0000-000000000000
469,couchbaselabs/gocaves,20250107-snapshot-f9647922,Transitive Dependency,Apache License 2.0,PERMISSIVE,NOT_REVIEWED,2a29191b-0048-4c15-891f-60285d2fba83,ab2c1adc-1171-44f1-ad97-902c5f1562ad,7cae335f-1193-421e-92f1-8802b4243e93
470,couchbaselabs/gocbconnstr,v2.0.0,Transitive Dependency,Apache License 2.0,PERMISSIVE,NOT_REVIEWED,57f974ce-4fd9-4050-a636-6595d3e98c1b,df15b989-4d45-4574-b932-f64c175450ad,7cae335f-1193-421e-92f1-8802b4243e93
471,cpuguy83-go-md2man,2.0.6,Transitive Dependency,MIT License,PERMISSIVE,NOT_REVIEWED,63e94eee-d11d-47ab-bc8a-9bd56a0b11b6,9d839b10-75e1-4efb-8b7e-2e53bf0de8c8,ad705c59-6893-4980-bdbf-0837f1823cc4
472,cross-env,10.1.0,Direct Dependency,MIT License,PERMISSIVE,NOT_REVIEWED,13e502f0-dbb9-4ad2-9da0-55a45ba9c43e,62ebf393-bf61-4851-bedd-226677a46f1c,ad705c59-6893-4980-bdbf-0837f1823cc4
473,css.escape,1.5.1,Transitive Dependency,MIT License,PERMISSIVE,NOT_REVIEWED,7948c029-5334-44bf-9140-4036f029b291,a91490c3-21dc-4f15-a293-3d2b37156cb2,ad705c59-6893-4980-bdbf-0837f1823cc4
474,cypress-parallel,0.15.0,Direct Dependency,MIT License,PERMISSIVE,NOT_REVIEWED,83592e55-bcd6-46a0-a32a-d6e68273c1cc,7a07b7d9-e6a7-499f-882c-0e1352d01124,ad705c59-6893-4980-bdbf-0837f1823cc4
475,cytoscape-fcose,2.2.0,Transitive Dependency,MIT License,PERMISSIVE,NOT_REVIEWED,d6dfdbc0-96a0-4338-8891-d75f25ab0179,7e5f50dc-d551-428b-a2e3-7817bf22da86,ad705c59-6893-4980-bdbf-0837f1823cc4
476,d3-array,2.12.1,Transitive Dependency,"BSD 3-clause ""New"" or ""Revised"" License",PERMISSIVE,NOT_REVIEWED,68d72be0-f915-4ab5-a215-4b14c2667777,cd454f15-9cde-4fd1-8d31-2b094a281c15,3d238144-44e6-450e-b523-3defbdaed9dc
477,d3-array,3.2.4,Transitive Dependency,ISC License,PERMISSIVE,NOT_REVIEWED,68d72be0-f915-4ab5-a215-4b14c2667777,b77c8094-7acc-47c9-9c55-9b0e808be3f6,14b0b50b-acd2-4fc8-ac65-3b15f9e58260
478,d3-axis,3.0.0,Transitive Dependency,ISC License,PERMISSIVE,NOT_REVIEWED,3e92695e-f074-4eb5-992f-0c6d8fb877b9,c8f9edd4-ac24-405a-8951-9a86f6a26a9a,14b0b50b-acd2-4fc8-ac65-3b15f9e58260
479,d3-color,3.1.0,Transitive Dependency,ISC License,PERMISSIVE,NOT_REVIEWED,61f1fd04-a644-400c-b0d0-1c1da3b15217,843c02ce-8811-4352-8284-df8809c4537c,14b0b50b-acd2-4fc8-ac65-3b15f9e58260
480,d3-contour,4.0.2,Transitive Dependency,ISC License,PERMISSIVE,NOT_REVIEWED,3e7a4a61-cf5d-4c3d-8bb8-294b8f8c7d9f,6140b111-d112-410b-80b3-acffdbcd5aca,14b0b50b-acd2-4fc8-ac65-3b15f9e58260
481,d3-dsv,3.0.1,Direct Dependency,ISC License,PERMISSIVE,NOT_REVIEWED,a11ab95f-5fcf-4260-8d5f-d51ef141bfb3,4062dd31-7d7b-4e2f-990e-b1394a11364a,14b0b50b-acd2-4fc8-ac65-3b15f9e58260
482,d3-fetch,3.0.1,Transitive Dependency,ISC License,PERMISSIVE,NOT_REVIEWED,6489c57a-56fe-4eed-91fd-624b7aa7bb63,690fed48-e1e1-4c9e-9bb5-cea600e81601,14b0b50b-acd2-4fc8-ac65-3b15f9e58260
483,d3-force,3.0.0,Transitive Dependency,ISC License,PERMISSIVE,NOT_REVIEWED,4cac6b8a-508a-4392-8b10-6e35347e2d29,36284a5b-fa4f-4764-bd11-6316a229ae35,14b0b50b-acd2-4fc8-ac65-3b15f9e58260
484,d3-format,3.1.2,Transitive Dependency,ISC License,PERMISSIVE,NOT_REVIEWED,ba3bcca9-9d89-4287-88f3-26f250170986,7ed5fcbe-12d5-4d8e-9731-a1d09957236e,14b0b50b-acd2-4fc8-ac65-3b15f9e58260
485,d3-geo,3.1.1,Transitive Dependency,ISC License,PERMISSIVE,NOT_REVIEWED,71a8317f-33ee-42f3-b948-01b5a56c68d7,b559282d-e807-4380-b842-58d227edf819,14b0b50b-acd2-4fc8-ac65-3b15f9e58260
486,d3-interpolate,3.0.1,Transitive Dependency,ISC License,PERMISSIVE,NOT_REVIEWED,ea3a8295-16dc-46b3-96aa-c4a2748fbcc4,29500588-2f56-4cf6-ad4f-7ec0597826e9,14b0b50b-acd2-4fc8-ac65-3b15f9e58260
487,d3-path,1.0.9,Transitive Dependency,"BSD 3-clause ""New"" or ""Revised"" License",PERMISSIVE,NOT_REVIEWED,42e02186-5d32-47a9-8688-a761de61fae2,26b5c588-3347-4b65-8fa6-6c24d85ec476,3d238144-44e6-450e-b523-3defbdaed9dc
488,d3-path,3.1.0,Transitive Dependency,ISC License,PERMISSIVE,NOT_REVIEWED,42e02186-5d32-47a9-8688-a761de61fae2,c03dd3e1-e695-4db8-8f77-ba74f14340ab,14b0b50b-acd2-4fc8-ac65-3b15f9e58260
489,d3-polygon,3.0.1,Transitive Dependency,ISC License,PERMISSIVE,NOT_REVIEWED,b467d93b-a2c8-437c-9522-23bf613cca14,eeafe603-dd3d-4033-92ff-4cc43ca026a1,14b0b50b-acd2-4fc8-ac65-3b15f9e58260
490,d3-random,3.0.1,Transitive Dependency,ISC License,PERMISSIVE,NOT_REVIEWED,0b52c00b-2c73-4e66-892c-ffd964295ddd,5b2dcec0-f79e-4bc9-b20b-071374a5b03f,14b0b50b-acd2-4fc8-ac65-3b15f9e58260
491,d3-scale-chromatic,3.1.0,Transitive Dependency,ISC License,PERMISSIVE,NOT_REVIEWED,33726d3e-0c2a-4618-952b-6ab8d8332756,c07d005e-d6a4-4dbb-b2a1-6907a47511b9,14b0b50b-acd2-4fc8-ac65-3b15f9e58260
492,d3-shape,3.2.0,Direct Dependency,ISC License,PERMISSIVE,NOT_REVIEWED,6a864b1c-cc56-40d8-bddb-505691ad907c,af189099-6c3e-42e1-8281-ea5a91101a43,14b0b50b-acd2-4fc8-ac65-3b15f9e58260
493,d3-shape,v1.3.7,Transitive Dependency,"BSD 3-clause ""New"" or ""Revised"" License",PERMISSIVE,NOT_REVIEWED,6a864b1c-cc56-40d8-bddb-505691ad907c,5de7cbd5-abf3-4268-8d4a-a5aabc5586a9,3d238144-44e6-450e-b523-3defbdaed9dc
494,d3-timer,3.0.1,Transitive Dependency,ISC License,PERMISSIVE,NOT_REVIEWED,1403fd28-c0c9-44b3-88f8-b7836b157af7,1a4e0200-d25d-46b4-8c9f-e6f87e78a4bd,14b0b50b-acd2-4fc8-ac65-3b15f9e58260
495,dagre-d3-es,7.0.14,Transitive Dependency,MIT License,PERMISSIVE,NOT_REVIEWED,40d51721-4f79-4779-8111-be30bc500614,a5620ade-8f5d-46ac-8ac4-9a1b0f6edb64,ad705c59-6893-4980-bdbf-0837f1823cc4
496,danielgtaylor/huma,v2.39.1,Direct Dependency,MIT License,PERMISSIVE,NOT_REVIEWED,bdf16a43-f6b4-464b-9fdf-972021125e84,3b4f9a6b-35f2-435e-a15f-3ecf56e2caf1,ad705c59-6893-4980-bdbf-0837f1823cc4
497,danieljoos/wincred,v1.2.3,Transitive Dependency,MIT License,PERMISSIVE,NOT_REVIEWED,ad4f9910-a249-45a6-84c4-f4c4f3b41365,30493367-b551-466b-a99c-f0a542e3502d,ad705c59-6893-4980-bdbf-0837f1823cc4
498,data-uri-to-buffer,4.0.1,Transitive Dependency,MIT License,PERMISSIVE,NOT_REVIEWED,bb9cf293-811b-41a7-87d1-6fbd5bae5bda,3dae9b90-4f02-41eb-898b-75f9d6e4096d,ad705c59-6893-4980-bdbf-0837f1823cc4
499,data-uri-to-buffer,6.0.2,Transitive Dependency,MIT License,PERMISSIVE,NOT_REVIEWED,bb9cf293-811b-41a7-87d1-6fbd5bae5bda,9fd1cf0d-8721-4879-a02e-f4a8b26513d3,ad705c59-6893-4980-bdbf-0837f1823cc4
500,date-fns/date-fns,4.4.0,Direct Dependency,MIT License,PERMISSIVE,NOT_REVIEWED,51e40b8a-b738-494d-9b57-2f1460da1c82,14fb4765-2306-405e-a7c4-c69760d6ddcd,ad705c59-6893-4980-bdbf-0837f1823cc4
501,dedent,1.7.2,Transitive Dependency,MIT License,PERMISSIVE,NOT_REVIEWED,e54a8d2e-df07-403a-bfb2-50645f6be8cb,2bf6e77b-e615-4321-8f5d-f800f06c17e9,ad705c59-6893-4980-bdbf-0837f1823cc4
502,deep-eql,5.0.2,Transitive Dependency,MIT License,PERMISSIVE,NOT_REVIEWED,71c0ee3a-d300-4f26-b6a2-f0b7784068fe,bec2f998-3c39-4086-90af-cde77d13ac04,ad705c59-6893-4980-bdbf-0837f1823cc4
503,deep-is,0.1.4,Transitive Dependency,MIT License,PERMISSIVE,NOT_REVIEWED,0b10c2e7-aee6-462a-b2ed-dd9e4089bf83,4f4640c2-82df-42d4-b149-9c36550ced74,ad705c59-6893-4980-bdbf-0837f1823cc4
504,define-lazy-prop,3.0.0,Transitive Dependency,MIT License,PERMISSIVE,NOT_REVIEWED,7630c0aa-cc12-411e-b654-839679836483,94b44eb4-88a4-4098-82bc-b49a1d069109,ad705c59-6893-4980-bdbf-0837f1823cc4
505,delayed-stream,1.0.0,Transitive Dependency,MIT License,PERMISSIVE,NOT_REVIEWED,845f033b-a90e-4e1a-b184-77208ddfd6a3,9f8eff9b-d7b5-476d-bf3d-5c01ec9be048,ad705c59-6893-4980-bdbf-0837f1823cc4
506,dennwc/varint,v1.0.0,Transitive Dependency,MIT License,PERMISSIVE,NOT_REVIEWED,874653ea-1ed4-4e10-bb07-4324b0fdba6b,8073a105-ae1c-4b84-925a-602b05310939,ad705c59-6893-4980-bdbf-0837f1823cc4
507,dequal,2.0.3,Transitive Dependency,MIT License,PERMISSIVE,NOT_REVIEWED,d139d837-e2a4-4ab0-9a74-3e1ddeecfc23,acc9dc06-8c98-4681-814b-111fe2d11258,ad705c59-6893-4980-bdbf-0837f1823cc4
508,detect-node-es,1.1.0,Transitive Dependency,MIT License,PERMISSIVE,NOT_REVIEWED,d6ca5981-127f-4f87-8d12-0310842d6ea7,368c554d-58ca-498d-9eed-e10d884b354b,ad705c59-6893-4980-bdbf-0837f1823cc4
509,detective-amd,6.1.0,Transitive Dependency,MIT License,PERMISSIVE,NOT_REVIEWED,48a0f63c-303d-4343-8d13-e069e7dd0014,6612168c-b52b-45f7-b276-cfe5f8b4ca1c,ad705c59-6893-4980-bdbf-0837f1823cc4
510,detective-cjs,6.1.1,Transitive Dependency,MIT License,PERMISSIVE,NOT_REVIEWED,a124cd09-cabf-467a-8a72-0b4b68840ade,af5b706f-6bd4-4abe-b9e2-cadbf30797bf,ad705c59-6893-4980-bdbf-0837f1823cc4
511,detective-es6,5.0.2,Transitive Dependency,MIT License,PERMISSIVE,NOT_REVIEWED,88cf3bf4-c5b1-4083-ac69-c484a6478026,aff68ec3-125b-4db5-acf8-07304fab0f12,ad705c59-6893-4980-bdbf-0837f1823cc4
512,didyoumean.js,1.2.2,Transitive Dependency,Apache License 2.0,PERMISSIVE,NOT_REVIEWED,5cc50113-e9d0-403f-9d22-6938dfe3359d,32538fd4-e20a-44ae-80c2-a45bd6ad2ec0,7cae335f-1193-421e-92f1-8802b4243e93
513,digitalocean-godo,v1.201.0,Transitive Dependency,MIT License,PERMISSIVE,NOT_REVIEWED,c94cc021-03cf-4951-aea7-b03c7ba8c385,c98a2845-c204-485f-916f-7c310c7d1626,ad705c59-6893-4980-bdbf-0837f1823cc4
514,dimfeld-httptreemux,v5.5.0,Transitive Dependency,MIT License,PERMISSIVE,NOT_REVIEWED,5dc1a987-5c4e-4c2d-a33d-e1906b3e3d4a,de166294-8c77-4a83-a329-cca022b8f1fe,ad705c59-6893-4980-bdbf-0837f1823cc4
515,dlclark/regexp2,v1.11.5,Transitive Dependency,MIT License,PERMISSIVE,NOT_REVIEWED,b1c3de5e-ff5a-4b8e-8988-5521e15ff308,e5ba6026-8c0d-4003-a674-4f7dce21962a,ad705c59-6893-4980-bdbf-0837f1823cc4
516,dnaeon/go-vcr,v3.2.0,Transitive Dependency,"BSD 2-clause ""Simplified"" License",PERMISSIVE,NOT_REVIEWED,e67b65ee-fce1-4b3f-b634-be2a467efeeb,b967e4df-4e0d-4d4c-9701-634aef6f1507,cc875133-df38-4806-9921-473e0ef01a87
517,doc-path,4.1.4,Transitive Dependency,MIT License,PERMISSIVE,NOT_REVIEWED,5dd4bb21-42ed-431e-8d71-ddd8682da05a,7e1787fb-2ebe-4642-8f77-843ab7e545cd,ad705c59-6893-4980-bdbf-0837f1823cc4
518,docker-cli,v29.7.2,Direct Dependency,Apache License 2.0,PERMISSIVE,NOT_REVIEWED,b4d7af6a-d1fd-4be8-ba06-4a847fc94c18,5d613ccc-3a49-4815-88c3-5396b1d3768e,7cae335f-1193-421e-92f1-8802b4243e93
519,dom-accessibility-api,0.5.16,Transitive Dependency,MIT License,PERMISSIVE,NOT_REVIEWED,b1629683-92be-4dea-9fcc-86babaa4bbd3,20124f82-ff70-4fe7-b1b2-d6e9976381e9,ad705c59-6893-4980-bdbf-0837f1823cc4
520,dom-accessibility-api,0.6.3,Transitive Dependency,MIT License,PERMISSIVE,NOT_REVIEWED,b1629683-92be-4dea-9fcc-86babaa4bbd3,39141123-cebe-4ef6-b330-18b970246ce1,ad705c59-6893-4980-bdbf-0837f1823cc4
521,dpdm,3.14.0,Direct Dependency,MIT License,PERMISSIVE,NOT_REVIEWED,301a567f-c85e-44c8-9f15-0afba9647453,be35d2f6-5df0-4ac9-81aa-56c383369e17,ad705c59-6893-4980-bdbf-0837f1823cc4
522,dsnet/compress,20210315-snapshot-f6699360,Transitive Dependency,"BSD 3-clause ""New"" or ""Revised"" License",PERMISSIVE,NOT_REVIEWED,69909b60-e9bf-47e4-9d79-3d9ec0082047,6dd7ad7e-1a62-4245-97e7-391a754ffdca,3d238144-44e6-450e-b523-3defbdaed9dc
523,dubzzz/fast-check,3.23.2,Transitive Dependency,MIT License,PERMISSIVE,NOT_REVIEWED,f23c6973-406d-48df-a131-3c67ea07f4f3,4eeaeb58-78bb-4845-b8a8-65132db4c65c,ad705c59-6893-4980-bdbf-0837f1823cc4
524,eapache-queue,v1.1.0,Transitive Dependency,MIT License,PERMISSIVE,NOT_REVIEWED,8ac17e1a-dd96-413c-963c-8d4f8009d31f,7cf56514-8fa2-4208-bbb3-663e07f50893,ad705c59-6893-4980-bdbf-0837f1823cc4
525,eapache/go-xerial-snappy,20230731-snapshot-c3228739,Transitive Dependency,MIT License,PERMISSIVE,NOT_REVIEWED,b5bbdea3-a68c-43ca-a65f-49ab7b8c521e,8ac6f645-8a87-483a-bc86-374f70edbbc3,ad705c59-6893-4980-bdbf-0837f1823cc4
526,eastasianwidth,0.2.0,Transitive Dependency,MIT License,PERMISSIVE,NOT_REVIEWED,75b9dcec-4ab1-4702-aa04-21d978ca9c41,88ec3c90-3b39-4820-80a8-321e1fbfdf17,ad705c59-6893-4980-bdbf-0837f1823cc4
527,ebitengine/purego,0.10.1,Transitive Dependency,Apache License 2.0,PERMISSIVE,NOT_REVIEWED,b8558193-e7a9-4acc-ab27-51f65dcfaaf8,7f5596cc-2547-4df2-8666-6271b622bf21,7cae335f-1193-421e-92f1-8802b4243e93
528,edsrzf/mmap-go,20241212-snapshot-fad1cd13,Transitive Dependency,"BSD 3-clause ""New"" or ""Revised"" License",PERMISSIVE,NOT_REVIEWED,59c21f6e-a5cd-4a74-8455-8c652cdbfa2b,0e7eab2e-dfbf-4578-b9ed-c3a07a69499d,3d238144-44e6-450e-b523-3defbdaed9dc
529,ee-first,1.1.1,Transitive Dependency,MIT License,PERMISSIVE,NOT_REVIEWED,6a87348b-8141-460c-9ddd-63577c1456ef,43f5d1c8-e714-464e-b9de-4ce35d298d96,ad705c59-6893-4980-bdbf-0837f1823cc4
530,effect,3.22.2,Transitive Dependency,MIT License,PERMISSIVE,NOT_REVIEWED,92994f57-a8cc-4de8-8068-1ba20ba58f6b,81c8c6e6-b9ef-4328-9704-f7ce888a17a2,ad705c59-6893-4980-bdbf-0837f1823cc4
531,einaros/ws,8.19.0,Transitive Dependency,MIT License,PERMISSIVE,NOT_REVIEWED,321ad992-7d1e-474a-b51d-183fd07343ee,bb4bfc7b-15b9-4ddb-bdad-893c86c1935e,ad705c59-6893-4980-bdbf-0837f1823cc4
532,einaros/ws,8.20.0,Transitive Dependency,MIT License,PERMISSIVE,NOT_REVIEWED,321ad992-7d1e-474a-b51d-183fd07343ee,39a99f6a-89db-45fd-a783-156f2aaaff05,ad705c59-6893-4980-bdbf-0837f1823cc4
533,einaros/ws,8.21.3,Transitive Dependency,MIT License,PERMISSIVE,NOT_REVIEWED,321ad992-7d1e-474a-b51d-183fd07343ee,dfec15e8-5afa-4ef8-be85-270b469abf30,ad705c59-6893-4980-bdbf-0837f1823cc4
534,einride/aip-go,v0.66.0,Transitive Dependency,MIT License,PERMISSIVE,NOT_REVIEWED,4ebaf111-c329-4186-8d4a-d4e11dabc6ad,3fa99356-ec9c-42a2-b69c-516e1ac662c4,ad705c59-6893-4980-bdbf-0837f1823cc4
535,electron-to-chromium,1.5.340,Transitive Dependency,ISC License,PERMISSIVE,NOT_REVIEWED,9d1bff91-b783-4d5d-bd14-66f29c62159e,28ba8877-008e-4fb2-8a8c-4923612deb7c,14b0b50b-acd2-4fc8-ac65-3b15f9e58260
536,electron-to-chromium,1.5.375,Transitive Dependency,ISC License,PERMISSIVE,NOT_REVIEWED,9d1bff91-b783-4d5d-bd14-66f29c62159e,5bdbf05f-e17b-4fd3-aed9-6bf7c40b203c,14b0b50b-acd2-4fc8-ac65-3b15f9e58260
537,electron-to-chromium,1.5.439,Transitive Dependency,ISC License,PERMISSIVE,NOT_REVIEWED,9d1bff91-b783-4d5d-bd14-66f29c62159e,62aadb4f-839d-44dd-a534-59337b2b9132,14b0b50b-acd2-4fc8-ac65-3b15f9e58260
538,emersion/go-smtp,v0.24.0,Transitive Dependency,MIT License,PERMISSIVE,NOT_REVIEWED,9bb68423-168e-49c5-840d-4f27a1cc7ced,e3af7fbc-c860-449c-860a-66a84b7c6fdf,ad705c59-6893-4980-bdbf-0837f1823cc4
539,emoji-regex,10.6.0,Transitive Dependency,MIT License,PERMISSIVE,NOT_REVIEWED,149d48ae-40a2-4e45-a0a5-f0ba3d7db32b,2ea675f7-ffb8-4ec8-969a-240b001658d7,ad705c59-6893-4980-bdbf-0837f1823cc4
540,emoji-regex,9.2.2,Transitive Dependency,MIT License,PERMISSIVE,NOT_REVIEWED,149d48ae-40a2-4e45-a0a5-f0ba3d7db32b,9d37b0ab-1c15-418b-b0aa-705d9fc132c3,ad705c59-6893-4980-bdbf-0837f1823cc4
541,emoji-regex,v8.0.0,Transitive Dependency,MIT License,PERMISSIVE,NOT_REVIEWED,149d48ae-40a2-4e45-a0a5-f0ba3d7db32b,c0b8399a-ed6b-4d06-a0db-8d359038b041,ad705c59-6893-4980-bdbf-0837f1823cc4
542,end-of-stream,1.4.5,Transitive Dependency,MIT License,PERMISSIVE,NOT_REVIEWED,1ca0931e-0100-4e89-8b83-47a0a49574c2,f91b3f1e-b79c-41fb-a994-4dd599fbacab,ad705c59-6893-4980-bdbf-0837f1823cc4
543,enhanced-resolve,5.20.1,Transitive Dependency,MIT License,PERMISSIVE,NOT_REVIEWED,8865ea31-0089-4215-81cd-b251d6ebbd30,80e493c6-b9f8-4e49-93a1-e0cf968a5643,ad705c59-6893-4980-bdbf-0837f1823cc4
544,enhanced-resolve,5.24.0,Transitive Dependency,MIT License,PERMISSIVE,NOT_REVIEWED,8865ea31-0089-4215-81cd-b251d6ebbd30,20e8e9d5-60df-4e47-adf8-869be7bdfa2a,ad705c59-6893-4980-bdbf-0837f1823cc4
545,enhanced-resolve,5.25.1,Transitive Dependency,MIT License,PERMISSIVE,NOT_REVIEWED,8865ea31-0089-4215-81cd-b251d6ebbd30,e914da9d-c8fd-430d-9f27-c50b87f16247,ad705c59-6893-4980-bdbf-0837f1823cc4
546,envoyproxy/go-control-plane,envoy/v1.39.0,Transitive Dependency,Apache License 2.0,PERMISSIVE,NOT_REVIEWED,50ef9d89-08b8-46cd-83d3-cd903c23cd4e,a0b48d42-a82f-4c0f-a8ba-06d1e353ef83,7cae335f-1193-421e-92f1-8802b4243e93
547,envoyproxy/go-control-plane,ratelimit/v0.1.0,Transitive Dependency,Apache License 2.0,PERMISSIVE,NOT_REVIEWED,50ef9d89-08b8-46cd-83d3-cd903c23cd4e,ce907287-57e7-49c8-a9d7-81fc862f0d3e,7cae335f-1193-421e-92f1-8802b4243e93
548,envoyproxy/go-control-plane,v0.14.0,Transitive Dependency,Apache License 2.0,PERMISSIVE,NOT_REVIEWED,50ef9d89-08b8-46cd-83d3-cd903c23cd4e,10fbd59c-8558-42ac-966f-49da7d08bdf9,7cae335f-1193-421e-92f1-8802b4243e93
549,envoyproxy/protoc-gen-validate,1.3.3,Transitive Dependency,Apache License 2.0,PERMISSIVE,NOT_REVIEWED,9ffb648d-8e4b-4b64-97c6-776b71fa4e29,d2a4ae24-3b79-4cec-a3bf-9c711341043a,7cae335f-1193-421e-92f1-8802b4243e93
550,errcheck,v1.5.0-alpha,Transitive Dependency,MIT License,PERMISSIVE,NOT_REVIEWED,747d6c9f-bc63-4e7d-8e1d-8d1cb73c4ceb,acd8d828-c88c-4634-960c-2f53b622d6ac,ad705c59-6893-4980-bdbf-0837f1823cc4
551,es-errors,1.3.0,Transitive Dependency,MIT License,PERMISSIVE,NOT_REVIEWED,62b20bc1-d6fd-4a1b-9ac2-9b8f76c143f7,b7aed5ed-7816-4d0c-b4c1-cc7effe04276,ad705c59-6893-4980-bdbf-0837f1823cc4
552,es-get-iterator,1.1.3,Transitive Dependency,MIT License,PERMISSIVE,NOT_REVIEWED,f5192635-592e-42f4-82a3-366d259e368a,11be5bef-0053-47ef-96cc-7c9ecfeb985a,ad705c59-6893-4980-bdbf-0837f1823cc4
553,es-object-atoms,1.1.1,Transitive Dependency,MIT License,PERMISSIVE,NOT_REVIEWED,e8adaa62-c839-4fd0-b54b-86a72c36b7d9,0c4a188b-d337-4ecf-afea-0ac9adfce7cd,ad705c59-6893-4980-bdbf-0837f1823cc4
554,es-object-atoms,1.1.2,Transitive Dependency,MIT License,PERMISSIVE,NOT_REVIEWED,e8adaa62-c839-4fd0-b54b-86a72c36b7d9,1f7d30bc-4688-4004-b613-0f272ede17ab,ad705c59-6893-4980-bdbf-0837f1823cc4
555,es-set-tostringtag,2.1.0,Transitive Dependency,MIT License,PERMISSIVE,NOT_REVIEWED,43ab3d51-990e-4fb7-88f8-d602384f073e,0ae68724-1e2e-432a-a122-4c3082fcdccd,ad705c59-6893-4980-bdbf-0837f1823cc4
556,escalade,3.2.0,Transitive Dependency,MIT License,PERMISSIVE,NOT_REVIEWED,f82b05a5-0c6d-4819-91ae-48d662bed54d,9d225a90-b9ee-4d14-b72a-10fb8686bae7,ad705c59-6893-4980-bdbf-0837f1823cc4
557,eslint-plugin-check-file,3.3.1,Direct Dependency,Apache License 2.0,PERMISSIVE,NOT_REVIEWED,c97eed2b-a43d-4dfa-9b9e-d9bd2c1a0f17,e76c95d3-2d2b-4543-97fb-65adb173de71,7cae335f-1193-421e-92f1-8802b4243e93
558,eslint-plugin-filenames-simple,0.9.0,Direct Dependency,MIT License,PERMISSIVE,NOT_REVIEWED,1d5601ff-8a55-4b6c-93d1-ab346214fb17,6262dd4f-f837-4fe4-9785-a8240efdcb09,ad705c59-6893-4980-bdbf-0837f1823cc4
559,eslint-plugin-import,2.27.5,Direct Dependency,MIT License,PERMISSIVE,NOT_REVIEWED,fe0221bc-21e3-468a-a1f3-36d300d23ba1,b6e5a14e-7856-4bc3-8ab5-20cc70612b08,ad705c59-6893-4980-bdbf-0837f1823cc4
560,eslint-plugin-jsx-a11y,6.7.1,Direct Dependency,MIT License,PERMISSIVE,NOT_REVIEWED,21a7fdb0-263e-49e7-b5f2-46dfe6ef15d9,cd3297fb-07c1-4e17-a503-68ade9c811ea,ad705c59-6893-4980-bdbf-0837f1823cc4
561,eslint-plugin-react-hooks,4.6.0,Direct Dependency,MIT License,PERMISSIVE,NOT_REVIEWED,01740734-f699-4b13-8f07-03e8ecbe1020,9ab68867-5409-4640-8b05-f93425433ee7,ad705c59-6893-4980-bdbf-0837f1823cc4
562,eslint-plugin-react-hooks,7.1.1,Direct Dependency,MIT License,PERMISSIVE,NOT_REVIEWED,01740734-f699-4b13-8f07-03e8ecbe1020,0a9c53b3-11bf-4875-a76d-7f3a5cb3db45,ad705c59-6893-4980-bdbf-0837f1823cc4
563,eslint-plugin-react-refresh,0.5.2,Direct Dependency,MIT License,PERMISSIVE,NOT_REVIEWED,f5caf1d2-c999-46d3-8835-a81f2cd423ca,3fedc031-9335-4084-bcf2-0e1d9e6bc6ea,ad705c59-6893-4980-bdbf-0837f1823cc4
564,eslint-visitor-keys,3.4.3,Transitive Dependency,Apache License 2.0,PERMISSIVE,NOT_REVIEWED,e55e8790-716c-4c1c-85a8-5829e350eb32,cdb32aac-c4f1-4939-bba3-d149a9fcb447,7cae335f-1193-421e-92f1-8802b4243e93
565,eslint-visitor-keys,4.2.1,Transitive Dependency,Apache License 2.0,PERMISSIVE,NOT_REVIEWED,e55e8790-716c-4c1c-85a8-5829e350eb32,f8f1a02d-07c2-4143-8e94-25069ec9cd2e,7cae335f-1193-421e-92f1-8802b4243e93
566,eslint-visitor-keys,5.0.1,Transitive Dependency,Apache License 2.0,PERMISSIVE,NOT_REVIEWED,e55e8790-716c-4c1c-85a8-5829e350eb32,6584cf4d-afc9-4e68-833e-fcab1d4b76f8,7cae335f-1193-421e-92f1-8802b4243e93
567,esm-env,1.2.2,Transitive Dependency,MIT License,PERMISSIVE,NOT_REVIEWED,cf774ba4-d63b-40ca-a035-f8c710964f03,3bcfe9e4-029f-4e12-bc4a-67b0fc3b48a9,ad705c59-6893-4980-bdbf-0837f1823cc4
568,esquery,1.7.0,Transitive Dependency,"BSD 3-clause ""New"" or ""Revised"" License",PERMISSIVE,NOT_REVIEWED,afec24fb-866e-48df-91f7-f2ff2a670b8b,7c772672-5231-4662-94b9-f2a5f6192c20,3d238144-44e6-450e-b523-3defbdaed9dc
569,esrap,2.3.13,Transitive Dependency,MIT License,PERMISSIVE,NOT_REVIEWED,c01deb00-5d4a-4a22-b042-97ad86d49ae5,9186105d-f9a1-414a-b4aa-16048d00da40,ad705c59-6893-4980-bdbf-0837f1823cc4
570,estraverse,5.3.0,Transitive Dependency,"BSD 2-clause ""Simplified"" License",PERMISSIVE,NOT_REVIEWED,9d73c140-8cfb-4a09-9d87-48865d8a04cf,b04c2840-b3c4-4194-bccc-f1531c7f383a,cc875133-df38-4806-9921-473e0ef01a87
571,estraverse,v4.3.0,Transitive Dependency,"BSD 2-clause ""Simplified"" License",PERMISSIVE,NOT_REVIEWED,9d73c140-8cfb-4a09-9d87-48865d8a04cf,56f0b205-9fdd-44da-ba73-dbf455296429,cc875133-df38-4806-9921-473e0ef01a87
572,esutils,2.0.3,Transitive Dependency,"BSD 2-clause ""Simplified"" License",PERMISSIVE,NOT_REVIEWED,0d9abaa9-c25c-4a65-ab30-3ba244d532b6,d412a0c0-53dc-4858-b1c8-3a7249e5690f,cc875133-df38-4806-9921-473e0ef01a87
573,eventemitter3,5.0.4,Transitive Dependency,MIT License,PERMISSIVE,NOT_REVIEWED,cd5abc5f-ddb6-45b9-839f-573e8adcbf20,d0ba4e3a-184b-47b7-837a-6c2b9a8cb0f2,ad705c59-6893-4980-bdbf-0837f1823cc4
574,events-universal,1.0.1,Transitive Dependency,Apache License 2.0,PERMISSIVE,NOT_REVIEWED,5904a549-a3b6-4fea-826a-283698cd9a23,47b182a3-16d3-4f79-9f6d-bdfc491251dc,7cae335f-1193-421e-92f1-8802b4243e93
575,execa,4.1.0,Transitive Dependency,MIT License,PERMISSIVE,NOT_REVIEWED,2d91ab06-ffee-41ae-87a7-77f96e6b0f94,54195c2a-c3ed-4445-ace1-76d5b89ad185,ad705c59-6893-4980-bdbf-0837f1823cc4
576,execa,5.1.1,Transitive Dependency,MIT License,PERMISSIVE,NOT_REVIEWED,2d91ab06-ffee-41ae-87a7-77f96e6b0f94,a4b74c28-96a5-4a9d-9cab-8f05352316a6,ad705c59-6893-4980-bdbf-0837f1823cc4
577,execa,9.6.1,Transitive Dependency,MIT License,PERMISSIVE,NOT_REVIEWED,2d91ab06-ffee-41ae-87a7-77f96e6b0f94,de0ab318-edab-42c0-92b6-31a626cfb233,ad705c59-6893-4980-bdbf-0837f1823cc4
578,executable,4.1.1,Transitive Dependency,MIT License,PERMISSIVE,NOT_REVIEWED,53fdf434-d608-4641-ad9d-6e57e29769f8,81bad3dc-46f1-49af-987d-210809c28c1a,ad705c59-6893-4980-bdbf-0837f1823cc4
579,exp,20260819-snapshot-ca536658,Direct Dependency,"BSD 3-clause ""New"" or ""Revised"" License",PERMISSIVE,NOT_REVIEWED,bbed20cb-7b3f-4c01-aff8-790411536863,031b38e0-8bc4-4421-b226-ca224c34423a,3d238144-44e6-450e-b523-3defbdaed9dc
580,expect-type,1.3.0,Transitive Dependency,Apache License 2.0,PERMISSIVE,NOT_REVIEWED,e824124b-d409-4ae2-9e27-3b69e99bf3ce,950e9bda-aea1-40dc-a4bc-12a392a5293b,7cae335f-1193-421e-92f1-8802b4243e93
581,expect-type,1.4.0,Transitive Dependency,Apache License 2.0,PERMISSIVE,NOT_REVIEWED,e824124b-d409-4ae2-9e27-3b69e99bf3ce,769afe8a-0f0a-49ba-95ea-700126aaf6b3,7cae335f-1193-421e-92f1-8802b4243e93
582,exponent-io/jsonpath,20210407-snapshot-1de76d71,Transitive Dependency,MIT License,PERMISSIVE,NOT_REVIEWED,9ec0234b-ede4-4630-9e77-e0505e377794,9c05aa63-a525-43ae-8d9d-8009fe17e29a,ad705c59-6893-4980-bdbf-0837f1823cc4
583,expressjs/accepts,2.0.0,Transitive Dependency,MIT License,PERMISSIVE,NOT_REVIEWED,e497af24-4d5c-4710-a443-42b438087e82,80469f9c-b11e-4071-b4c0-4b1dc8c8e7b9,ad705c59-6893-4980-bdbf-0837f1823cc4
584,extend,3.0.2,Transitive Dependency,MIT License,PERMISSIVE,NOT_REVIEWED,fe2172ff-2478-4649-b35e-185de54a60d0,91551503-bd5c-43c9-8c8e-b98fc9b9c72f,ad705c59-6893-4980-bdbf-0837f1823cc4
585,extsprintf,1.3.0,Transitive Dependency,MIT License,PERMISSIVE,NOT_REVIEWED,310e91b3-5082-4825-9ff3-c5c0cf11244b,b2271edf-222f-4205-a575-baeab48a56d5,ad705c59-6893-4980-bdbf-0837f1823cc4
586,facebookhermes,0.25.1,Transitive Dependency,MIT License,PERMISSIVE,NOT_REVIEWED,8be1eddd-0ba1-4f82-9fcc-9a5419d75e90,f45335d8-fa4c-43d5-b4a2-13f876608166,ad705c59-6893-4980-bdbf-0837f1823cc4
587,facette/natsort,20181210-snapshot-2cd4dd1e,Transitive Dependency,"BSD 3-clause ""New"" or ""Revised"" License",PERMISSIVE,NOT_REVIEWED,f5a7735a-007d-4789-87b2-812114d58d1f,50866384-310a-47bf-8399-c6fe0c7fc209,3d238144-44e6-450e-b523-3defbdaed9dc
588,fast-deep-equal,v3.1.3,Transitive Dependency,MIT License,PERMISSIVE,NOT_REVIEWED,3375adc9-4144-4bc7-89f3-4278c65ad336,2af34950-03c4-4e8f-be36-2d301b2f33ab,ad705c59-6893-4980-bdbf-0837f1823cc4
589,fast-equals,5.0.1,Direct Dependency,MIT License,PERMISSIVE,NOT_REVIEWED,b5b902e8-334a-4e79-a1cd-1417db478ac2,19232ef3-7a05-4bbf-876c-a6dde12d77d4,ad705c59-6893-4980-bdbf-0837f1823cc4
590,fast-fuzzy,1.12.0,Direct Dependency,ISC License,PERMISSIVE,NOT_REVIEWED,0e060b44-dc7d-4c4f-a9ba-0821b51e9dfe,c4509673-ed42-43ee-9ada-3f678e0107c9,14b0b50b-acd2-4fc8-ac65-3b15f9e58260
591,fast-levenshtein,2.0.6,Transitive Dependency,MIT License,PERMISSIVE,NOT_REVIEWED,8790e074-52f9-48ae-997b-9831933af540,34ac2ad3-a20e-433a-b1cd-ed8e1c12a973,ad705c59-6893-4980-bdbf-0837f1823cc4
592,fast-string-truncated-width,3.0.3,Transitive Dependency,MIT License,PERMISSIVE,NOT_REVIEWED,eba48857-2e57-4c4e-9e60-80aaa72f5c2d,8e03199d-16c6-43b9-8602-84ecce6dfdb4,ad705c59-6893-4980-bdbf-0837f1823cc4
593,fast-string-width,3.0.2,Transitive Dependency,MIT License,PERMISSIVE,NOT_REVIEWED,8a02d6f0-5d45-4183-8b5b-6206b58a1139,6f18a2ee-2840-4ecf-b44f-a12472f96ce3,ad705c59-6893-4980-bdbf-0837f1823cc4
594,fast-uri,3.1.2,Transitive Dependency,"BSD 3-clause ""New"" or ""Revised"" License",PERMISSIVE,NOT_REVIEWED,7d10d5f1-2766-4473-b26e-7c78e554aa08,10ecbdb2-be32-4898-bf94-bc57ccddf625,3d238144-44e6-450e-b523-3defbdaed9dc
595,fast-uri,3.1.3,Transitive Dependency,"BSD 3-clause ""New"" or ""Revised"" License",PERMISSIVE,NOT_REVIEWED,7d10d5f1-2766-4473-b26e-7c78e554aa08,21f11e55-08e3-4ac7-966a-9661f09d67bf,3d238144-44e6-450e-b523-3defbdaed9dc
596,fast-wrap-ansi,0.2.0,Transitive Dependency,MIT License,PERMISSIVE,NOT_REVIEWED,a073e555-c88d-4fd7-a17b-6989c49c5d31,4b3cb5b8-501b-477c-9c7c-b886f69cb82d,ad705c59-6893-4980-bdbf-0837f1823cc4
597,fatih-color,1.19.0,Direct Dependency,"(MIT License AND Apache License 2.0 AND BSD 3-clause ""New"" or ""Revised"" License)",PERMISSIVE,NOT_REVIEWED,57e889e5-f675-4e32-9077-6e3bc6d1368a,0c4a9fc1-6995-4d08-ab84-cd076b8f4701,"3d238144-44e6-450e-b523-3defbdaed9dc,ad705c59-6893-4980-bdbf-0837f1823cc4,7cae335f-1193-421e-92f1-8802b4243e93"
598,fd-slicer,1.1.0,Transitive Dependency,MIT License,PERMISSIVE,NOT_REVIEWED,73dd9ebc-6a18-4b79-8683-b5e0b4078cae,010313b4-8932-45ba-a065-a95b4c0657c9,ad705c59-6893-4980-bdbf-0837f1823cc4
599,fdir,6.5.0,Transitive Dependency,MIT License,PERMISSIVE,NOT_REVIEWED,a27b345f-d117-411f-bbc9-762d903e7b44,0e4da3c4-99f7-4e67-a1dd-eff82716e456,ad705c59-6893-4980-bdbf-0837f1823cc4
600,felixge/fgprof,v0.9.5,Transitive Dependency,MIT License,PERMISSIVE,NOT_REVIEWED,596620ad-db2a-497c-980b-db462db549fe,acd43614-91eb-4677-a879-c3f38e39c399,ad705c59-6893-4980-bdbf-0837f1823cc4
601,file-loader,v6.2.0,Direct Dependency,MIT License,PERMISSIVE,NOT_REVIEWED,f0df3b8a-58ab-4fef-8fc6-8c3872645b91,6dcc1562-d391-477e-965f-baf96b3f5e5d,ad705c59-6893-4980-bdbf-0837f1823cc4
602,fill-range,7.1.1,Transitive Dependency,MIT License,PERMISSIVE,NOT_REVIEWED,5a4dc4ef-962f-40e7-9ec2-34f999771171,8454965c-0c29-414a-8273-30c3826253f9,ad705c59-6893-4980-bdbf-0837f1823cc4
603,find-cypress-specs,1.54.12,Transitive Dependency,MIT License,PERMISSIVE,NOT_REVIEWED,8d9f2f6e-7821-4fb8-93e8-2fe67259c1cc,89e35333-853d-43bb-a0b7-07e94f10f5ab,ad705c59-6893-4980-bdbf-0837f1823cc4
604,find-up,v4.1.0,Transitive Dependency,MIT License,PERMISSIVE,NOT_REVIEWED,ec9013c8-794f-4830-a1c2-408d1da4dd03,d5b7703c-a8e7-4599-9cfb-747ad0be7407,ad705c59-6893-4980-bdbf-0837f1823cc4
605,find-up,v5.0.0,Transitive Dependency,MIT License,PERMISSIVE,NOT_REVIEWED,ec9013c8-794f-4830-a1c2-408d1da4dd03,c51b1a7c-93f0-4d0d-9979-4caafe77569a,ad705c59-6893-4980-bdbf-0837f1823cc4
606,find-up-simple,1.0.1,Transitive Dependency,MIT License,PERMISSIVE,NOT_REVIEWED,6e737b3e-7523-4f93-882a-ccc9b4a4ee4e,31c19086-7e64-4e18-a7d6-3fab6cc0e70f,ad705c59-6893-4980-bdbf-0837f1823cc4
607,flat-cache,4.0.1,Transitive Dependency,MIT License,PERMISSIVE,NOT_REVIEWED,4759d644-37f8-4d88-af93-26762ba35e73,fbbcc810-88aa-49bc-82f0-35b02fe2652e,ad705c59-6893-4980-bdbf-0837f1823cc4
608,flat-cache,6.1.23,Transitive Dependency,MIT License,PERMISSIVE,NOT_REVIEWED,4759d644-37f8-4d88-af93-26762ba35e73,8306eda5-7e6d-45bd-80b8-aee5c898613a,ad705c59-6893-4980-bdbf-0837f1823cc4
609,flatted,3.4.2,Transitive Dependency,ISC License,PERMISSIVE,NOT_REVIEWED,55c5b3ff-878f-4f29-8966-eead637de1be,bced9cf5-4258-48ae-a9f3-781434285388,14b0b50b-acd2-4fc8-ac65-3b15f9e58260
610,flatted,3.4.4,Transitive Dependency,ISC License,PERMISSIVE,NOT_REVIEWED,55c5b3ff-878f-4f29-8966-eead637de1be,6ca7afda-182f-4cd0-a3c3-9f17652a8693,14b0b50b-acd2-4fc8-ac65-3b15f9e58260
611,follow-redirects,1.16.0,Transitive Dependency,MIT License,PERMISSIVE,NOT_REVIEWED,722fe904-47d2-408c-9e3c-077ec790c7d8,814b9ae5-bbb8-4871-ab4b-c274953e30c1,ad705c59-6893-4980-bdbf-0837f1823cc4
612,foreground-child,3.3.1,Transitive Dependency,ISC License,PERMISSIVE,NOT_REVIEWED,8dcbed44-c777-4c25-8a64-5187b4985525,e5a7a4e3-064e-4f9a-a624-96d710a78b2f,14b0b50b-acd2-4fc8-ac65-3b15f9e58260
613,forever-agent,0.6.1,Transitive Dependency,Apache License 2.0,PERMISSIVE,NOT_REVIEWED,85635bfe-24a5-476e-a2c8-028edb66fe00,f0c5f57d-3ca4-4a72-b89e-b1a765361fb5,7cae335f-1193-421e-92f1-8802b4243e93
614,form-data,4.0.6,Transitive Dependency,MIT License,PERMISSIVE,NOT_REVIEWED,275be75e-0c11-423d-b6e0-b3c60e3bf767,15a6c030-fb0c-49e4-8a5f-a7e9e522287b,ad705c59-6893-4980-bdbf-0837f1823cc4
615,formsnap,2.0.1,Direct Dependency,MIT License,PERMISSIVE,NOT_REVIEWED,bea315db-ad16-4f48-a22f-a419b6156578,23882dd6-b09a-461b-9bc2-af9962a52355,ad705c59-6893-4980-bdbf-0837f1823cc4
616,fsevents,2.3.3,Transitive Dependency,MIT License,PERMISSIVE,NOT_REVIEWED,3c3c7c97-31fd-448d-8006-52e1e31a9bc8,7863a7f8-4e04-4ad8-b48d-8ad007f3efc3,ad705c59-6893-4980-bdbf-0837f1823cc4
617,fsnotify-fsnotify,v1.10.1,Direct Dependency,"BSD 3-clause ""New"" or ""Revised"" License",PERMISSIVE,NOT_REVIEWED,0904bfe8-1407-4e70-b859-69165bd444b1,ff8c2760-379e-4c05-9237-8f5fa6345bf8,3d238144-44e6-450e-b523-3defbdaed9dc
618,function-bind,1.1.2,Transitive Dependency,MIT License,PERMISSIVE,NOT_REVIEWED,14d73ddd-01dc-4a56-89cb-9bd8629119bb,d87bab2e-a870-4acf-a460-8b9a2d95066f,ad705c59-6893-4980-bdbf-0837f1823cc4
619,fuzzysort,3.1.0,Transitive Dependency,MIT License,PERMISSIVE,NOT_REVIEWED,59236516-628f-4675-a7cc-82c4ac22dd65,6032b7fa-a118-4cf2-a9c2-e6dd6d3fa2c1,ad705c59-6893-4980-bdbf-0837f1823cc4
620,gabriel-vasile/mimetype,v1.4.15,Direct Dependency,MIT License,PERMISSIVE,NOT_REVIEWED,8fda0281-7733-4251-8d03-b6685fe1bd2f,07f8af56-f3bd-487c-947d-0bad41e6ab7e,ad705c59-6893-4980-bdbf-0837f1823cc4
621,gensync,1.0.0-beta.2,Transitive Dependency,MIT License,PERMISSIVE,NOT_REVIEWED,9dca671b-63b0-4322-b40f-284505c570de,ab2f9b59-9497-4c54-a85c-75db1997c2e9,ad705c59-6893-4980-bdbf-0837f1823cc4
622,get-nonce,1.0.1,Transitive Dependency,MIT License,PERMISSIVE,NOT_REVIEWED,baa3860e-2925-431c-a80c-4b06ebe648cc,5831290f-885a-4a53-9a9a-f3b71ae43ae5,ad705c59-6893-4980-bdbf-0837f1823cc4
623,get-own-enumerable-keys,1.0.0,Transitive Dependency,MIT License,PERMISSIVE,NOT_REVIEWED,5687be20-0455-4c93-ba16-1e601ad28bfe,c9d989ff-f294-42ca-a150-b651ea9c29b7,ad705c59-6893-4980-bdbf-0837f1823cc4
624,get-proto,1.0.1,Transitive Dependency,MIT License,PERMISSIVE,NOT_REVIEWED,1fd6d9cb-b42f-4c38-8ba4-a7f04f90845a,55dd25ee-269c-45c7-8730-2c05614a3c08,ad705c59-6893-4980-bdbf-0837f1823cc4
625,get-uri,6.0.5,Transitive Dependency,MIT License,PERMISSIVE,NOT_REVIEWED,bd3f83d0-27f0-48c8-8d3e-2d60c1a6eaf9,fa8629c8-5f11-48f2-a5f1-2be77a277103,ad705c59-6893-4980-bdbf-0837f1823cc4
626,getkin/kin-openapi,v0.147.0,Direct Dependency,MIT License,PERMISSIVE,NOT_REVIEWED,a3bdc6f7-4ef3-4694-8186-dfee3c54518b,37164716-59c4-488b-92c9-a5d702d33af7,ad705c59-6893-4980-bdbf-0837f1823cc4
627,getpass,0.1.7,Transitive Dependency,MIT License,PERMISSIVE,NOT_REVIEWED,54270ddf-780b-49e7-884e-f005f6a7378b,2c4c831b-68b1-4c8c-bc9f-e8ad3ee48f41,ad705c59-6893-4980-bdbf-0837f1823cc4
628,gin-contrib/sse,v1.1.1,Transitive Dependency,MIT License,PERMISSIVE,NOT_REVIEWED,f31439bd-661a-4959-b4c7-73addee34170,bfe4bf75-3d99-4c7e-8593-e41843830f90,ad705c59-6893-4980-bdbf-0837f1823cc4
629,github.com/99designs/gqlgen,v0.17.72,Transitive Dependency,MIT License,PERMISSIVE,NOT_REVIEWED,068cc6fd-0a8c-4b89-9946-ce3634366828,6f054f76-3189-4b6b-9439-2f77e9274276,ad705c59-6893-4980-bdbf-0837f1823cc4
630,github.com/AdaLogics/go-fuzz-headers,20240806-snapshot-e8a1dd78,Transitive Dependency,Apache License 2.0,PERMISSIVE,NOT_REVIEWED,acdff7e6-c401-44f4-855f-abe62c7600d6,3dd41441-e673-4b90-a755-5763b0f0adc4,7cae335f-1193-421e-92f1-8802b4243e93
631,github.com/DataDog/go-sqllexer,v0.2.4,Transitive Dependency,MIT License,PERMISSIVE,NOT_REVIEWED,de24f06f-b1e9-45c3-8c9d-a876002741ae,18e7c21f-9c67-4800-a410-2a7f21bc7c37,ad705c59-6893-4980-bdbf-0837f1823cc4
632,github.com/antlr4-go/antlr,v4.13.1,Direct Dependency,"BSD 3-clause ""New"" or ""Revised"" License",PERMISSIVE,NOT_REVIEWED,1beccd7d-8be3-4a9c-ba01-ccd4be5176cd,ac6b8ba0-4243-48fc-82e9-0e7ef4ba90e9,3d238144-44e6-450e-b523-3defbdaed9dc
633,github.com/apapsch/go-jsonmerge,v2.0.0,Transitive Dependency,MIT License,PERMISSIVE,NOT_REVIEWED,b83af616-d91b-451b-bb31-98bd5d18cae4,bfb01568-c626-44c1-800d-04518216fd67,ad705c59-6893-4980-bdbf-0837f1823cc4
634,github.com/bboreham/go-loser,20230904-snapshot-fcc2c218,Transitive Dependency,Apache License 2.0,PERMISSIVE,NOT_REVIEWED,fda17ad6-e015-43f1-b580-35aba8aaf98f,1e034aa9-bc1f-42bd-983d-5460d3c9a2b3,7cae335f-1193-421e-92f1-8802b4243e93
635,github.com/cloudwego/iasm,v0.2.0,Transitive Dependency,Apache License 2.0,PERMISSIVE,NOT_REVIEWED,ab52fffd-29e8-4360-b24f-87e57d61b819,8afd8455-2868-4fa9-85d7-aca9e97a04f0,7cae335f-1193-421e-92f1-8802b4243e93
636,github.com/containerd/errdefs,pkg/v0.3.0,Transitive Dependency,Apache License 2.0,PERMISSIVE,NOT_REVIEWED,32dfffde-7ff0-4f6a-9a81-78d7585a2e39,f3402a43-b6fb-48b5-a591-3ab9e125f81a,7cae335f-1193-421e-92f1-8802b4243e93
637,github.com/containerd/errdefs,v1.0.0,Direct Dependency,Apache License 2.0,PERMISSIVE,NOT_REVIEWED,32dfffde-7ff0-4f6a-9a81-78d7585a2e39,a02bf61d-5e40-4ddc-ab57-43b18d5aeb21,7cae335f-1193-421e-92f1-8802b4243e93
638,github.com/containerd/log,v0.1.0,Transitive Dependency,Apache License 2.0,PERMISSIVE,NOT_REVIEWED,f5e21585-6058-4e82-995a-d64e26d59322,f79d5007-9aba-4033-afbf-872359360e28,7cae335f-1193-421e-92f1-8802b4243e93
639,github.com/couchbase/gocbcoreps,20260107-snapshot-1c3a03f8,Transitive Dependency,Apache License 2.0,PERMISSIVE,NOT_REVIEWED,854d2653-8297-42ea-b64e-b16156e8c4ce,a81822b4-3fe1-4293-9f8b-3b538641baa0,7cae335f-1193-421e-92f1-8802b4243e93
640,github.com/distribution/reference,v0.6.0,Transitive Dependency,Apache License 2.0,PERMISSIVE,NOT_REVIEWED,470a236f-bbe6-4168-ade2-d81b25556bde,bbbf8821-24ae-4c2c-852e-328537aa8213,7cae335f-1193-421e-92f1-8802b4243e93
641,github.com/elastic/elastic-transport-go,v8.1.0,Transitive Dependency,Apache License 2.0,PERMISSIVE,NOT_REVIEWED,1e9e7606-da13-4c73-bf29-0e9d1a17343b,30348817-6eef-44ff-9681-147656992b86,7cae335f-1193-421e-92f1-8802b4243e93
642,github.com/go-logr/zapr,v1.3.0,Transitive Dependency,Apache License 2.0,PERMISSIVE,NOT_REVIEWED,272327c7-02b9-4013-86b5-caa74cf04763,8e38e8f3-1c1a-47c0-aab6-ed75d6c06887,7cae335f-1193-421e-92f1-8802b4243e93
643,github.com/gofrs/flock,v0.13.0,Transitive Dependency,"BSD 3-clause ""New"" or ""Revised"" License",PERMISSIVE,NOT_REVIEWED,0de3bb95-29ba-4ff1-89f4-793396fdfb13,b6b16a12-bd7c-420b-8f0f-e271e44d2e79,3d238144-44e6-450e-b523-3defbdaed9dc
644,github.com/google/cel-spec,v0.25.3,Transitive Dependency,Apache License 2.0,PERMISSIVE,NOT_REVIEWED,21e338ba-c80f-4c2d-bf8c-7141b53cbe3b,5987295d-a31b-4dae-ae8b-c2b04910c13f,7cae335f-1193-421e-92f1-8802b4243e93
645,github.com/grafana/regexp,20250905-snapshot-f7b3be9d,Transitive Dependency,"BSD 3-clause ""New"" or ""Revised"" License",PERMISSIVE,NOT_REVIEWED,48c14d8c-55d4-4269-b17b-5ec3b8015c37,fdefb51b-237d-49f7-a30f-3f225b9c3ba6,3d238144-44e6-450e-b523-3defbdaed9dc
646,github.com/hashicorp/go-secure-stdlib,parseutil/v0.2.0,Transitive Dependency,Mozilla Public License 2.0,WEAK_RECIPROCAL,NOT_REVIEWED,9dedcef4-afc5-4ab6-a072-c1f33a65201a,a3e0d786-b5c4-413e-b7ee-5bdec35fb9a8,ce3dd63e-c569-4cea-986a-46bc5efe9896
647,github.com/hashicorp/go-secure-stdlib,strutil/v0.1.2,Transitive Dependency,Mozilla Public License 2.0,WEAK_RECIPROCAL,NOT_REVIEWED,9dedcef4-afc5-4ab6-a072-c1f33a65201a,9f2830c0-0aff-44e5-b57b-9dad2118f7dc,ce3dd63e-c569-4cea-986a-46bc5efe9896
648,github.com/juju/gnuflag,20171113-snapshot-2ce1bb71,Transitive Dependency,"BSD 3-clause ""New"" or ""Revised"" License",PERMISSIVE,NOT_REVIEWED,5906fb56-8783-4113-b14b-0e3f2edd120c,79f3fde1-f776-42e4-ba2e-3914383f2832,3d238144-44e6-450e-b523-3defbdaed9dc
649,github.com/konsorten/go-windows-terminal-sequences,v1.0.1,Direct Dependency,MIT License,PERMISSIVE,NOT_REVIEWED,3deb5cb9-6927-4d5f-aee8-b68c0bbc13c0,4c13597b-6a9f-41b2-a499-f98c10234256,ad705c59-6893-4980-bdbf-0837f1823cc4
650,github.com/linode/linodego,v1.69.1,Transitive Dependency,MIT License,PERMISSIVE,NOT_REVIEWED,e31b5040-3032-4da7-965b-3145ab095411,06fb6b6d-c268-47bd-8e1c-f4cd0a22eaa0,ad705c59-6893-4980-bdbf-0837f1823cc4
651,github.com/lufia/plan9stats,20260627-snapshot-477a6601,Transitive Dependency,"BSD 3-clause ""New"" or ""Revised"" License",PERMISSIVE,NOT_REVIEWED,831aec7f-f1ef-42fe-aefd-e2e905bc4f0c,42d2f313-22de-4529-977f-4a1d726220b2,3d238144-44e6-450e-b523-3defbdaed9dc
652,github.com/mailgun/raymond,v2.0.48,Transitive Dependency,MIT License,PERMISSIVE,NOT_REVIEWED,5aa239b0-1873-47c5-9781-fa6d7631f5b6,36ab9e7f-0043-4a80-8291-5782d984a07d,ad705c59-6893-4980-bdbf-0837f1823cc4
653,github.com/mdlayher/socket,v0.6.0,Transitive Dependency,MIT License,PERMISSIVE,NOT_REVIEWED,78db1ded-1bff-4210-b119-30b72a065e3b,424008d5-c484-4afb-9c5c-3a5c9eec4945,ad705c59-6893-4980-bdbf-0837f1823cc4
654,github.com/microsoft/kiota-serialization-form-go,v1.1.3,Transitive Dependency,MIT License,PERMISSIVE,NOT_REVIEWED,cf61eb58-32bb-455f-aabf-34e2c0efba01,44352f18-4dc4-4c5d-9f76-49da120711b4,ad705c59-6893-4980-bdbf-0837f1823cc4
655,github.com/microsoft/kiota-serialization-text-go,v1.1.3,Transitive Dependency,MIT License,PERMISSIVE,NOT_REVIEWED,aa5c912a-2b53-4ac7-b715-cf19ab8a704f,1f8319e6-8700-460d-8632-aaa80d966491,ad705c59-6893-4980-bdbf-0837f1823cc4
656,github.com/microsoftgraph/msgraph-sdk-go,v1.101.0,Direct Dependency,MIT License,PERMISSIVE,NOT_REVIEWED,9e73103a-04e5-4210-94fc-2df2579cb33e,a505f086-1907-44af-82b0-52544e4803ce,ad705c59-6893-4980-bdbf-0837f1823cc4
657,github.com/moby/docker-image-spec,v1.3.1,Transitive Dependency,Apache License 2.0,PERMISSIVE,NOT_REVIEWED,c31be6a3-f2b4-4ccb-a29c-b1d3a72b8a8a,d44fb8a3-bf49-4f43-bf5c-efa6b7eecad7,7cae335f-1193-421e-92f1-8802b4243e93
658,github.com/munnerz/goautoneg,20191010-snapshot-a7dc8b61,Transitive Dependency,"BSD 3-clause ""New"" or ""Revised"" License",PERMISSIVE,NOT_REVIEWED,c2aa130b-0092-4037-addc-fd1fe1ad68ea,919c470c-9f6a-4eca-a5a5-520eb702ef5d,3d238144-44e6-450e-b523-3defbdaed9dc
659,github.com/oapi-codegen/runtime,v1.7.0,Direct Dependency,Apache License 2.0,PERMISSIVE,NOT_REVIEWED,276ce32b-3014-4497-b7cc-2cc3eb35ce54,7974e31d-49cd-4dc1-aeb1-84a3fbaf8411,7cae335f-1193-421e-92f1-8802b4243e93
660,github.com/oasdiff/yaml3,v0.0.14,Transitive Dependency,(MIT License AND Apache License 2.0),PERMISSIVE,NOT_REVIEWED,eab2568f-a7b4-41ba-9988-6c9a8b091386,1b51124e-b56f-4333-99fb-b2ed8ba82cbf,"ad705c59-6893-4980-bdbf-0837f1823cc4,7cae335f-1193-421e-92f1-8802b4243e93"
661,github.com/pb33f/libopenapi-validator,v0.14.0,Transitive Dependency,MIT License,PERMISSIVE,NOT_REVIEWED,3054c44e-5948-4cbf-8c7c-49024703a3aa,6f6d1b7e-2b0a-47f8-9e89-a0a7f70ca37c,ad705c59-6893-4980-bdbf-0837f1823cc4
662,github.com/pkoukk/tiktoken-go,v0.1.8,Direct Dependency,MIT License,PERMISSIVE,NOT_REVIEWED,690c595c-fc10-4055-bf2b-88a5b0d84c4f,265a3132-7803-4890-b139-629c3edb4aea,ad705c59-6893-4980-bdbf-0837f1823cc4
663,github.com/power-devops/perfstat,20240221-snapshot-82ca3683,Transitive Dependency,MIT License,PERMISSIVE,NOT_REVIEWED,81259380-9260-4c46-92c6-70e33c8678ff,f08f31d2-7934-4f4d-924a-ea4e172e1083,ad705c59-6893-4980-bdbf-0837f1823cc4
664,github.com/prometheus/otlptranslator,v1.0.0,Transitive Dependency,Apache License 2.0,PERMISSIVE,NOT_REVIEWED,cd6e3c1e-4501-4adf-bb0b-2a3082ba2c34,4b82efb4-059d-461e-9124-676399333259,7cae335f-1193-421e-92f1-8802b4243e93
665,github.com/prometheus/sigv4,v0.4.1,Transitive Dependency,Apache License 2.0,PERMISSIVE,NOT_REVIEWED,9fa65a0f-bfe4-466a-ab38-0e4f588765d8,9bdcba61-f6f7-4dfe-9b88-8b3969bdfd9c,7cae335f-1193-421e-92f1-8802b4243e93
666,github.com/puzpuzpuz/xsync,v3.5.1,Transitive Dependency,Apache License 2.0,PERMISSIVE,NOT_REVIEWED,5d4f4cc5-dd8b-406d-b5f8-63fbc40c5ccc,9d8309f0-1b57-4686-af95-67b6995e541a,7cae335f-1193-421e-92f1-8802b4243e93
667,github.com/puzpuzpuz/xsync,v4.5.0,Transitive Dependency,Apache License 2.0,PERMISSIVE,NOT_REVIEWED,5d4f4cc5-dd8b-406d-b5f8-63fbc40c5ccc,380bfb46-1ed5-4a3f-a809-e6ec77576b23,7cae335f-1193-421e-92f1-8802b4243e93
668,github.com/redis/go-redis,v9.7.3,Transitive Dependency,"BSD 2-clause ""Simplified"" License",PERMISSIVE,NOT_REVIEWED,22d4b0ed-b156-4803-99ea-ea836b51ca82,42717565-7722-4d8a-ad40-438b6cbefea4,cc875133-df38-4806-9921-473e0ef01a87
669,github.com/rivo/uniseg,v0.4.7,Transitive Dependency,MIT License,PERMISSIVE,NOT_REVIEWED,8998e29b-aa2c-4a6f-91b4-d85355892544,599923da-6af9-450c-baf0-8ad91a7589a3,ad705c59-6893-4980-bdbf-0837f1823cc4
670,github.com/rogpeppe/fastuuid,v1.2.0,Transitive Dependency,"BSD 3-clause ""New"" or ""Revised"" License",PERMISSIVE,NOT_REVIEWED,1688d332-ab71-4faa-b749-b8ccbf465d21,40ed45f5-79fb-42cb-abaa-6cb242e467ea,3d238144-44e6-450e-b523-3defbdaed9dc
671,github.com/vektah/gqlparser,v2.5.25,Transitive Dependency,MIT License,PERMISSIVE,NOT_REVIEWED,d4a1c5f3-7125-4421-9604-12aa9adae141,b6a5964f-913e-40e1-9cd5-c61ff70ceee2,ad705c59-6893-4980-bdbf-0837f1823cc4
672,github.com/yusufpapurcu/wmi,v1.2.4,Transitive Dependency,MIT License,PERMISSIVE,NOT_REVIEWED,9c084162-c3c6-494c-be40-0955568446cb,d815ecc4-01cd-4bfc-bae6-99990ed30eee,ad705c59-6893-4980-bdbf-0837f1823cc4
673,gitlab.com/cznic/ccgo,v3.16.15,Transitive Dependency,"BSD 3-clause ""New"" or ""Revised"" License",PERMISSIVE,NOT_REVIEWED,b93039b6-1071-4178-8f5e-6ed37a91231d,68ce2c92-8f52-4ef1-b4e1-1882d5d355b3,3d238144-44e6-450e-b523-3defbdaed9dc
674,gitlab.com/cznic/memory,v1.7.2,Transitive Dependency,"BSD 3-clause ""New"" or ""Revised"" License",PERMISSIVE,NOT_REVIEWED,6ffe735b-f912-477f-91a4-6e866af1d9cf,4d6f9a88-22c1-4a18-a452-b1d31ea94abd,3d238144-44e6-450e-b523-3defbdaed9dc
675,gitlab.com/cznic/sqlite,v1.28.0,Transitive Dependency,"BSD 3-clause ""New"" or ""Revised"" License",PERMISSIVE,NOT_REVIEWED,6d79c114-4ed6-41c9-9e34-d67d437cfb96,d19b5f41-1b84-4724-bc07-fc733b24e6ed,3d238144-44e6-450e-b523-3defbdaed9dc
676,gitlab.com/cznic/token,v1.1.0,Transitive Dependency,"BSD 3-clause ""New"" or ""Revised"" License",PERMISSIVE,NOT_REVIEWED,e391f988-e948-4a55-88f2-7f54848c4d4d,f159a1c3-abaf-4b08-86e5-ab1f88701d14,3d238144-44e6-450e-b523-3defbdaed9dc
677,glob-escape,0.0.2,Transitive Dependency,MIT License,PERMISSIVE,NOT_REVIEWED,362c23dc-65a0-429a-87de-b74baf539937,89b516c1-0771-4a28-aedc-b7ebe8992c1d,ad705c59-6893-4980-bdbf-0837f1823cc4
678,glob-to-regexp,0.4.1,Transitive Dependency,"BSD 2-clause ""Simplified"" License",PERMISSIVE,NOT_REVIEWED,536faee5-3ef6-433c-a0d6-bf29d9158082,bd478489-014e-47eb-8709-d0d1a639cbac,cc875133-df38-4806-9921-473e0ef01a87
679,go humanize,v1.1.0,Direct Dependency,MIT License,PERMISSIVE,NOT_REVIEWED,d993ce4e-3697-479e-ae29-a9d69b5e8234,3ce4917f-2ec7-4315-a9a3-61ac2a662804,ad705c59-6893-4980-bdbf-0837f1823cc4
680,go-chi,v1.5.4,Transitive Dependency,MIT License,PERMISSIVE,NOT_REVIEWED,9f45b197-d656-4e6a-9770-dd26c5d4d4a1,c88b8385-e5b1-4f6c-b476-bdf86a940753,ad705c59-6893-4980-bdbf-0837f1823cc4
681,go-chi,v5.3.2,Direct Dependency,MIT License,PERMISSIVE,NOT_REVIEWED,9f45b197-d656-4e6a-9770-dd26c5d4d4a1,6da94b35-6c36-44bf-8b19-eadf4e044da1,ad705c59-6893-4980-bdbf-0837f1823cc4
682,go-cidr,v1.1.1,Direct Dependency,MIT License,PERMISSIVE,NOT_REVIEWED,45650b4f-6565-442b-a20a-c1421d884441,ba447d54-a596-426d-927e-87da00b9435a,ad705c59-6893-4980-bdbf-0837f1823cc4
683,go-gorm/sqlserver,v1.4.2,Transitive Dependency,MIT License,PERMISSIVE,NOT_REVIEWED,bef06f1f-f9aa-4f00-8dad-8915580d832e,c7373abf-bac7-481e-83e4-99ce1a70cf72,ad705c59-6893-4980-bdbf-0837f1823cc4
684,go-inf-inf,v0.9.1,Transitive Dependency,"BSD 3-clause ""New"" or ""Revised"" License",PERMISSIVE,NOT_REVIEWED,c352674c-9597-445c-903a-ac9da892cd94,1e841754-db72-496d-a138-ff68aace314e,3d238144-44e6-450e-b523-3defbdaed9dc
685,go-jose,v3.0.4,Transitive Dependency,Apache License 2.0,PERMISSIVE,NOT_REVIEWED,2dc7da6d-7851-4609-b0ea-893d0b2de776,832ccc25-4e42-4b4d-a779-ba471daff89c,7cae335f-1193-421e-92f1-8802b4243e93
686,go-jose,v4.1.4,Transitive Dependency,Apache License 2.0,PERMISSIVE,NOT_REVIEWED,2dc7da6d-7851-4609-b0ea-893d0b2de776,11a75cf7-3a5c-4296-a49d-9da672b7925e,7cae335f-1193-421e-92f1-8802b4243e93
687,go-jwx,v2.1.6,Transitive Dependency,MIT License,PERMISSIVE,NOT_REVIEWED,242dea7d-d377-4722-b624-7bb680f4e647,6377a89e-552c-4738-a921-d0eb1195f6bd,ad705c59-6893-4980-bdbf-0837f1823cc4
688,go-kit-kit,v0.9.0,Direct Dependency,MIT License,PERMISSIVE,NOT_REVIEWED,d7134299-2921-4840-9546-8dc2c6369f83,e99168a6-89a9-4dee-9b69-1bec2d63f1c7,ad705c59-6893-4980-bdbf-0837f1823cc4
689,go-logr/logr,v1.4.4,Transitive Dependency,Apache License 2.0,PERMISSIVE,NOT_REVIEWED,4e2d3ed6-968b-4f3e-b6f0-2d8ce12c1cef,a854195b-abca-4f4a-a722-5ccec251f57c,7cae335f-1193-421e-92f1-8802b4243e93
690,go-logr/stdr,v1.2.2,Transitive Dependency,Apache License 2.0,PERMISSIVE,NOT_REVIEWED,6fc73b30-33a9-4bed-a350-c5ad1fab9fcd,a77050ff-3955-424d-a285-90c6a0989899,7cae335f-1193-421e-92f1-8802b4243e93
691,go-metrics,20201227-snapshot-cf1acfcd,Transitive Dependency,"BSD 2-clause ""Simplified"" License",PERMISSIVE,NOT_REVIEWED,1719f48c-e3e5-4024-ad13-d532ad2ea942,f2cae91d-b239-4b0b-8baa-6ccbc466be49,cc875133-df38-4806-9921-473e0ef01a87
692,go-ole-go-ole,v1.3.0,Transitive Dependency,MIT License,PERMISSIVE,NOT_REVIEWED,3ee0c6fa-12ad-48bf-9ec9-d978fe301d78,a3e6ad84-8d87-4061-a8ac-6554a34d2c7c,ad705c59-6893-4980-bdbf-0837f1823cc4
693,go-openapi/analysis,v0.25.5,Transitive Dependency,Apache License 2.0,PERMISSIVE,NOT_REVIEWED,439c7bc1-c417-4985-9ca6-cba98c22de2f,dc94b933-ad12-4f0d-9234-3ae8a9eb6192,7cae335f-1193-421e-92f1-8802b4243e93
694,go-openapi/runtime,server-middleware/v0.33.0,Transitive Dependency,Apache License 2.0,PERMISSIVE,NOT_REVIEWED,2db9b101-b760-4faf-8740-cab9d2785cc6,7cb8bdd3-b25d-4e7a-b8e9-71ace163199c,7cae335f-1193-421e-92f1-8802b4243e93
695,go-openapi/runtime,v0.33.0,Transitive Dependency,Apache License 2.0,PERMISSIVE,NOT_REVIEWED,2db9b101-b760-4faf-8740-cab9d2785cc6,ab667748-1078-492d-b613-7ac476604955,7cae335f-1193-421e-92f1-8802b4243e93
696,go-openapi/spec,v0.22.9,Transitive Dependency,Apache License 2.0,PERMISSIVE,NOT_REVIEWED,b09390d1-61e9-4adf-a16a-182bf27f0e49,87402f2c-8ff0-459f-9530-8341c09a24fa,7cae335f-1193-421e-92f1-8802b4243e93
697,go-openapi/validate,v0.26.1,Transitive Dependency,Apache License 2.0,PERMISSIVE,NOT_REVIEWED,c0520059-9e92-49a4-8967-7d5c6d1abfea,d8238712-70bb-4ed3-b6fc-b3f8bce31356,7cae335f-1193-421e-92f1-8802b4243e93
698,go-pg-pg,v10.15.0,Transitive Dependency,"BSD 2-clause ""Simplified"" License",PERMISSIVE,NOT_REVIEWED,e3b4c68e-376e-4e98-b355-9cac04c8d69a,dedc4116-ecd0-42b4-a378-bb7b42c28d1c,cc875133-df38-4806-9921-473e0ef01a87
699,go-playground/assert,v2.2.0,Transitive Dependency,MIT License,PERMISSIVE,NOT_REVIEWED,4a8ad223-2f20-40f8-9f3b-9e7630a1a9b8,916a6cb8-76ca-40a5-834a-b65066bf79bf,ad705c59-6893-4980-bdbf-0837f1823cc4
700,go-playground/locales,v0.14.1,Direct Dependency,MIT License,PERMISSIVE,NOT_REVIEWED,1b7f5486-06f3-4564-ae7a-e26c2aaba5fc,2984a2a9-97cf-43ce-9207-2b67bbb91321,ad705c59-6893-4980-bdbf-0837f1823cc4
701,go-redis-redis,v6.15.9,Transitive Dependency,"BSD 2-clause ""Simplified"" License",PERMISSIVE,NOT_REVIEWED,3a50dbd3-b500-473e-aef6-1bc79928fe61,3fb8f73e-fa1b-4d9a-90d6-324f550fdb34,cc875133-df38-4806-9921-473e0ef01a87
702,go-redis-redis,v7.4.1,Transitive Dependency,"BSD 2-clause ""Simplified"" License",PERMISSIVE,NOT_REVIEWED,3a50dbd3-b500-473e-aef6-1bc79928fe61,beee68ca-34ce-4c1f-a90f-45234e7ba055,cc875133-df38-4806-9921-473e0ef01a87
703,go-redis-redis,v8.11.5,Transitive Dependency,"BSD 2-clause ""Simplified"" License",PERMISSIVE,NOT_REVIEWED,3a50dbd3-b500-473e-aef6-1bc79928fe61,e37c5dd0-6746-4f72-ac75-213141ed7ecc,cc875133-df38-4806-9921-473e0ef01a87
704,go-restful,v2.16.0,Transitive Dependency,MIT License,PERMISSIVE,NOT_REVIEWED,b0d49a58-bf92-4f9a-95cb-44d0b907e71b,f5467801-97ce-4ecb-bab5-bc300f1d0cfa,ad705c59-6893-4980-bdbf-0837f1823cc4
705,go-restful,v3.13.0,Transitive Dependency,MIT License,PERMISSIVE,NOT_REVIEWED,b0d49a58-bf92-4f9a-95cb-44d0b907e71b,756025b6-c438-4dbc-b19c-17529c5f44cf,ad705c59-6893-4980-bdbf-0837f1823cc4
706,go-spew,20180930-snapshot-d8f796af,Transitive Dependency,ISC License,PERMISSIVE,NOT_REVIEWED,02a60272-a845-4ff3-abee-9e6034969db2,68469cd5-292e-45a4-81aa-741f29f41d9d,14b0b50b-acd2-4fc8-ac65-3b15f9e58260
707,go-sql-driver,v1.6.0,Transitive Dependency,Mozilla Public License 2.0,WEAK_RECIPROCAL,NOT_REVIEWED,85d738d8-9ac6-4da0-8702-87aeec3a8897,7ef54fa2-0fa7-41cf-bb2e-0db3e75699c9,ce3dd63e-c569-4cea-986a-46bc5efe9896
708,go-stack-stack,v1.8.0,Direct Dependency,MIT License,PERMISSIVE,NOT_REVIEWED,81857eda-f43c-4840-bea8-2710dbefde1e,30b0e0c9-a184-4921-8931-1b1b1052661b,ad705c59-6893-4980-bdbf-0837f1823cc4
709,go-systemd,v22.7.0,Direct Dependency,Apache License 2.0,PERMISSIVE,NOT_REVIEWED,a9f03f80-d81e-487f-81fc-05d49104dc73,360921cb-f670-41b9-b59b-b608b828458a,7cae335f-1193-421e-92f1-8802b4243e93
710,go-task/slim-sprig,20210107-snapshot-348f09db,Transitive Dependency,MIT License,PERMISSIVE,NOT_REVIEWED,c4e904c7-6543-4eaf-b9a9-9f5e13409c7d,08c53a98-35e3-4247-8ba9-bded83f29d36,ad705c59-6893-4980-bdbf-0837f1823cc4
711,go-task/slim-sprig,v3.0.0,Transitive Dependency,MIT License,PERMISSIVE,NOT_REVIEWED,c4e904c7-6543-4eaf-b9a9-9f5e13409c7d,c31318b2-c2e2-4ba6-843d-bd7b62f1a7a6,ad705c59-6893-4980-bdbf-0837f1823cc4
712,go-test/deep,v1.1.1,Transitive Dependency,MIT License,PERMISSIVE,NOT_REVIEWED,0c3eb3d7-2aaf-4033-b3e9-bd3bf29e8bd4,d6a16d35-f8f7-4443-aea5-06144faa38f1,ad705c59-6893-4980-bdbf-0837f1823cc4
713,go-tomb-tomb,20150422-snapshot-dd632973,Transitive Dependency,"BSD 3-clause ""New"" or ""Revised"" License",PERMISSIVE,NOT_REVIEWED,905f64af-fe49-424a-9f06-0844895aed63,b14d7eeb-75c8-4fe6-84d5-ebfc67e3b414,3d238144-44e6-450e-b523-3defbdaed9dc
714,go-toml,v2.4.3,Transitive Dependency,MIT License,PERMISSIVE,NOT_REVIEWED,790b8de4-dcdb-40f3-bbc3-bfe92ef7e7cc,ef7bfd57-c4c0-48ff-b4ec-97988c736637,ad705c59-6893-4980-bdbf-0837f1823cc4
715,go-xdr,20161122-snapshot-e6a2ba00,Transitive Dependency,ISC License,PERMISSIVE,NOT_REVIEWED,3384c457-16eb-46f1-88e3-f233c4b712d2,0631f15f-da61-4d6a-af9d-7757477e0ee3,14b0b50b-acd2-4fc8-ac65-3b15f9e58260
716,go.opentelemetry.io/proto,otlp/v1.10.0,Transitive Dependency,Apache License 2.0,PERMISSIVE,NOT_REVIEWED,526e072b-6d98-490a-ac45-133d51df8ab9,7dbb8f0d-43cd-45a8-947f-1b294a32bd78,7cae335f-1193-421e-92f1-8802b4243e93
717,go.opentelemetry.io/proto,slim/otlp/collector/profiles/v1development/v0.3.0,Transitive Dependency,Apache License 2.0,PERMISSIVE,NOT_REVIEWED,526e072b-6d98-490a-ac45-133d51df8ab9,59aa0596-86a7-4249-a719-ada7e7cc56ba,7cae335f-1193-421e-92f1-8802b4243e93
718,go.opentelemetry.io/proto,slim/otlp/profiles/v1development/v0.3.0,Transitive Dependency,Apache License 2.0,PERMISSIVE,NOT_REVIEWED,526e072b-6d98-490a-ac45-133d51df8ab9,03618948-39f6-49ef-b147-c770a0a488b9,7cae335f-1193-421e-92f1-8802b4243e93
719,go.opentelemetry.io/proto,slim/otlp/v1.10.0,Transitive Dependency,Apache License 2.0,PERMISSIVE,NOT_REVIEWED,526e072b-6d98-490a-ac45-133d51df8ab9,628fd0e8-80a2-45b0-9341-a5a58af3d09b,7cae335f-1193-421e-92f1-8802b4243e93
720,go.uber.org/automaxprocs,v1.6.0,Transitive Dependency,MIT License,PERMISSIVE,NOT_REVIEWED,78733525-8b8e-4943-b6ac-5948c0ecd455,554b1ae6-f60d-46bf-a7d4-c92bf21811ef,ad705c59-6893-4980-bdbf-0837f1823cc4
721,go.uber.org/multierr,v1.11.0,Transitive Dependency,MIT License,PERMISSIVE,NOT_REVIEWED,2aea5277-bf2d-4cd6-b47c-dc19ae3ebf1d,9f39e91b-7b6b-4f33-b633-7c5e94d8fefb,ad705c59-6893-4980-bdbf-0837f1823cc4
722,go.yaml.in/yaml/v2,v2.4.4,Transitive Dependency,Apache License 2.0,PERMISSIVE,NOT_REVIEWED,0f9cced4-b4d5-48ed-9d5e-cbb93c013e11,67500aaa-a39c-4f51-ab5d-bf6ad253ea08,7cae335f-1193-421e-92f1-8802b4243e93
723,go.yaml.in/yaml/v2,v3.0.5,Transitive Dependency,Apache License 2.0,PERMISSIVE,NOT_REVIEWED,0f9cced4-b4d5-48ed-9d5e-cbb93c013e11,a09b7939-b945-4e9d-8745-30382135d1a6,7cae335f-1193-421e-92f1-8802b4243e93
724,go.yaml.in/yaml/v2,v4.0.0-rc.6,Transitive Dependency,Apache License 2.0,PERMISSIVE,NOT_REVIEWED,0f9cced4-b4d5-48ed-9d5e-cbb93c013e11,742c0911-6695-48b8-b7e4-d0e97932fc38,7cae335f-1193-421e-92f1-8802b4243e93
725,gobwas-glob,0.2.3,Transitive Dependency,MIT License,PERMISSIVE,NOT_REVIEWED,736bcec8-5f2b-4649-b86e-17c003cc8ea6,ca33a693-484a-45b6-9708-c1169cbf7533,ad705c59-6893-4980-bdbf-0837f1823cc4
726,gobwas/httphead,v0.1.0,Transitive Dependency,MIT License,PERMISSIVE,NOT_REVIEWED,2f4e409a-8536-47aa-876a-b6fa4ca06d43,8455c800-67b9-4280-871a-9b1a50f7904b,ad705c59-6893-4980-bdbf-0837f1823cc4
727,goccy/go-yaml,v1.19.2,Direct Dependency,MIT License,PERMISSIVE,NOT_REVIEWED,e041b5ea-2458-45db-87a1-9d45e7a10cdd,bc6ab9eb-45c9-437f-887d-af672955e201,ad705c59-6893-4980-bdbf-0837f1823cc4
728,gocql/gocql,v1.6.0,Transitive Dependency,"BSD 3-clause ""New"" or ""Revised"" License",PERMISSIVE,NOT_REVIEWED,52a8ced3-cbf7-4a6f-be52-eb853d65d0a2,4de6f020-5061-4ee3-8cd2-de706dcdfa04,3d238144-44e6-450e-b523-3defbdaed9dc
729,godbus-dbus,v5.2.2,Direct Dependency,"BSD 2-clause ""Simplified"" License",PERMISSIVE,NOT_REVIEWED,2bb09f06-ed46-4595-ae69-24cff55e6572,2df3b451-89cc-47ea-9895-a3c263c1278f,cc875133-df38-4806-9921-473e0ef01a87
730,godotenv,v1.5.1,Direct Dependency,MIT License,PERMISSIVE,NOT_REVIEWED,bd1b4ee4-1277-41d6-88d2-dacc1f49c8e2,f9de158d-18f2-4a27-a5f2-ebfe51b7210a,ad705c59-6893-4980-bdbf-0837f1823cc4
731,gofiber/fiber,v2.52.14,Transitive Dependency,MIT License,PERMISSIVE,NOT_REVIEWED,1b900bd2-9b64-41bc-b5fc-76d8e05389da,e13e1242-aab5-4428-aba7-76302ae78518,ad705c59-6893-4980-bdbf-0837f1823cc4
732,gofiber/fiber,v3.4.0,Transitive Dependency,MIT License,PERMISSIVE,NOT_REVIEWED,1b900bd2-9b64-41bc-b5fc-76d8e05389da,f2c1dc89-a9b6-468f-afee-9b0c59d9bc42,ad705c59-6893-4980-bdbf-0837f1823cc4
733,gofiber/utils,v2.2.0,Transitive Dependency,MIT License,PERMISSIVE,NOT_REVIEWED,bf29ca1a-b34d-40b5-9b46-c9482e4d7247,1d2a2aba-c74a-490e-a88b-52bd9a964b4b,ad705c59-6893-4980-bdbf-0837f1823cc4
734,gogo/protobuf,v1.3.2,Transitive Dependency,"BSD 3-clause ""New"" or ""Revised"" License",PERMISSIVE,NOT_REVIEWED,a7fd0552-aa3c-48b4-bf2e-afa790342b4b,77dc4a4e-830c-4257-86ba-72a8598668f5,3d238144-44e6-450e-b523-3defbdaed9dc
735,golang-github-docker-go-connections-dev,v0.8.1,Transitive Dependency,Apache License 2.0,PERMISSIVE,NOT_REVIEWED,7e696f17-e46c-439d-8be9-f7947d10121a,d2968029-17f4-44cb-bce3-544678da2081,7cae335f-1193-421e-92f1-8802b4243e93
736,golang-github-hashicorp-memberlist,v0.6.0,Transitive Dependency,Mozilla Public License 2.0,WEAK_RECIPROCAL,NOT_REVIEWED,25b523d3-ae4c-4080-b178-82debeb064ab,91db9599-2236-4f72-9d51-251007fa790e,ce3dd63e-c569-4cea-986a-46bc5efe9896
737,golang-github-spf13-pflag-dev,v1.0.10,Direct Dependency,"BSD 3-clause ""New"" or ""Revised"" License",PERMISSIVE,NOT_REVIEWED,7da255a2-0cbb-4423-bf64-69d93fde4326,32bb21f9-73a2-4123-a643-ae68e23f3569,3d238144-44e6-450e-b523-3defbdaed9dc
738,golang-snappy-go-dev,v1.0.0,Direct Dependency,"BSD 3-clause ""New"" or ""Revised"" License",PERMISSIVE,NOT_REVIEWED,b4466511-21ef-4990-bddb-70fdbe9cddc1,6a42c381-3334-4049-bc56-b50d0811b561,3d238144-44e6-450e-b523-3defbdaed9dc
739,golang-sql/civil,20220223-snapshot-b8325118,Transitive Dependency,Apache License 2.0,PERMISSIVE,NOT_REVIEWED,1338c763-b796-47ae-ab6f-c5c18cb5490f,d7fe6833-7b9f-4119-85c6-cdc4dfd2adb4,7cae335f-1193-421e-92f1-8802b4243e93
740,golang.org/x/crypto,v0.57.0,Direct Dependency,"BSD 3-clause ""New"" or ""Revised"" License",PERMISSIVE,NOT_REVIEWED,f70a2589-da78-4d33-bc69-7a92c6b4eb4c,22b91e2f-5f2a-43d0-acdc-120221b3cd1d,3d238144-44e6-450e-b523-3defbdaed9dc
741,golang.org/x/sys,v0.48.0,Transitive Dependency,"BSD 3-clause ""New"" or ""Revised"" License",PERMISSIVE,NOT_REVIEWED,0faf96d2-f25b-44c9-ada2-54a9140e3569,63955d41-ddad-4108-8d99-7b2fa200b137,3d238144-44e6-450e-b523-3defbdaed9dc
742,golang.org/x/term,v0.46.0,Direct Dependency,"BSD 3-clause ""New"" or ""Revised"" License",PERMISSIVE,NOT_REVIEWED,92e824e9-7afe-43dd-82c6-ed0defe6816c,95b15e2c-8c65-4bd8-afb0-cc09045efeff,3d238144-44e6-450e-b523-3defbdaed9dc
743,golang.org/x/time,v0.16.0,Direct Dependency,"BSD 3-clause ""New"" or ""Revised"" License",PERMISSIVE,NOT_REVIEWED,c4b7d4ea-b69e-41cd-8158-8f370c2195ad,73c02713-617b-47d7-87e2-cb3b88eec55d,3d238144-44e6-450e-b523-3defbdaed9dc
744,golang.org/x/xerrors,20240902-snapshot-7835f813,Transitive Dependency,"BSD 3-clause ""New"" or ""Revised"" License",PERMISSIVE,NOT_REVIEWED,c0c23a48-16d3-4f0c-a040-30a60b2592b2,f00469db-cb8c-43ae-85db-e46a5a9b3d0f,3d238144-44e6-450e-b523-3defbdaed9dc
745,golang/net,v0.59.0,Direct Dependency,"BSD 3-clause ""New"" or ""Revised"" License",PERMISSIVE,NOT_REVIEWED,f9578cfe-b575-44ea-a33e-2a594aba92b0,6f2a4c95-69ea-405d-bd1e-fe6ec8146ac5,3d238144-44e6-450e-b523-3defbdaed9dc
746,golang/sync,v0.23.0,Direct Dependency,"BSD 3-clause ""New"" or ""Revised"" License",PERMISSIVE,NOT_REVIEWED,ffd9a8bc-14e6-49b6-bf3a-ab778af14f59,63e422f1-b2fa-4ba6-9200-e4265678e8a3,3d238144-44e6-450e-b523-3defbdaed9dc
747,golang/telemetry,20260820-snapshot-7221e139,Transitive Dependency,"BSD 3-clause ""New"" or ""Revised"" License",PERMISSIVE,NOT_REVIEWED,20c70c5d-740d-4786-864c-5ca2d04bc820,3982a9e5-e2c6-4171-9aca-d6dcd4e0f225,3d238144-44e6-450e-b523-3defbdaed9dc
748,golang/text,v0.42.0,Direct Dependency,"BSD 3-clause ""New"" or ""Revised"" License",PERMISSIVE,NOT_REVIEWED,1566e7c5-6837-4b8b-bb4c-f53079002207,45505177-73a6-4b99-a701-22623c3ee523,3d238144-44e6-450e-b523-3defbdaed9dc
749,goleveldb,20220720-snapshot-126854af,Transitive Dependency,"BSD 2-clause ""Simplified"" License",PERMISSIVE,NOT_REVIEWED,cb7301fa-f217-4831-8b7a-62a063cb3a4d,b07ee096-7c17-4abc-81df-9abb3364c2f3,cc875133-df38-4806-9921-473e0ef01a87
750,gomarkdown/markdown,20240328-snapshot-4d01890c,Transitive Dependency,"BSD 2-clause ""Simplified"" License",PERMISSIVE,NOT_REVIEWED,3b261c11-9b84-41e9-9133-65b15be90913,e4cb803f-50d3-4003-a59b-2022cc00c393,cc875133-df38-4806-9921-473e0ef01a87
751,google/cel-go,v0.26.0,Transitive Dependency,Apache License 2.0,PERMISSIVE,NOT_REVIEWED,866531d0-8f7e-4277-8c63-e8913c12be4c,8302b637-70f5-449c-9e77-03ed673fc98e,7cae335f-1193-421e-92f1-8802b4243e93
752,google/go-cmp,v0.7.0,Direct Dependency,"BSD 3-clause ""New"" or ""Revised"" License",PERMISSIVE,NOT_REVIEWED,458e027c-e2ba-49eb-b32e-654a62244631,aa529b89-4f6a-4dad-a683-9aafd72c434c,3d238144-44e6-450e-b523-3defbdaed9dc
753,google/go-pkcs11,v0.3.0,Transitive Dependency,Apache License 2.0,PERMISSIVE,NOT_REVIEWED,5b4dab18-5dce-4636-835a-ae418ba41aaa,f73ec7f3-796f-4323-b6ca-042b7b74c48b,7cae335f-1193-421e-92f1-8802b4243e93
754,google/pprof,20260709-snapshot-b9395ee1,Transitive Dependency,Apache License 2.0,PERMISSIVE,NOT_REVIEWED,db003823-eda5-4726-aef5-3d7d68928389,2ca80f16-03b5-42c1-9bb8-b8b7a2d80afd,7cae335f-1193-421e-92f1-8802b4243e93
755,googleapis/enterprise-certificate-proxy,v0.3.21,Transitive Dependency,Apache License 2.0,PERMISSIVE,NOT_REVIEWED,ebe5eddb-f86d-4c41-ad9f-2085ec9ae054,6432d36c-cbba-48e4-8296-890954147c29,7cae335f-1193-421e-92f1-8802b4243e93
756,googleapis/gax-go,v2.24.0,Direct Dependency,"BSD 3-clause ""New"" or ""Revised"" License",PERMISSIVE,NOT_REVIEWED,059871d2-6cd1-426a-ac38-0ba7e18668da,2745626b-eb6d-4187-b8eb-0f6ffddf72d7,3d238144-44e6-450e-b523-3defbdaed9dc
757,googleapis/go-genproto,20260807-snapshot-c8921c73,Transitive Dependency,Apache License 2.0,PERMISSIVE,NOT_REVIEWED,b1e6bf42-b243-4385-a118-af40bba11ff3,12ed552c-f20e-4db1-80ec-ed316339f956,7cae335f-1193-421e-92f1-8802b4243e93
758,googleapis/go-genproto,20260819-snapshot-08b0e422,"Direct Dependency,Transitive Dependency",Apache License 2.0,PERMISSIVE,NOT_REVIEWED,b1e6bf42-b243-4385-a118-af40bba11ff3,a82e7e92-4358-424c-b850-ace6d1613629,7cae335f-1193-421e-92f1-8802b4243e93
759,googleapis/go-genproto,20260918-snapshot-cecb6472,Transitive Dependency,Apache License 2.0,PERMISSIVE,NOT_REVIEWED,b1e6bf42-b243-4385-a118-af40bba11ff3,c6ceba18-50e4-4024-aecd-ae322912d03d,7cae335f-1193-421e-92f1-8802b4243e93
760,gopd,1.2.0,Transitive Dependency,MIT License,PERMISSIVE,NOT_REVIEWED,36ed7b83-3e00-4c94-ac47-ca9ddbf314fe,084ea16c-7567-44b8-8345-dfaf9fff7994,ad705c59-6893-4980-bdbf-0837f1823cc4
761,gopkg.in/jcmturner/aescts.v1,v2.0.0,Transitive Dependency,Apache License 2.0,PERMISSIVE,NOT_REVIEWED,91f342aa-ec3a-40fe-82b5-28bbb4c1095d,66b45f90-3c51-404c-988f-bab669ddb74f,7cae335f-1193-421e-92f1-8802b4243e93
762,gopsutil,v4.26.6,Transitive Dependency,"BSD 3-clause ""New"" or ""Revised"" License",PERMISSIVE,NOT_REVIEWED,76525962-fcce-451f-9ab6-90bac98e58e7,2645a178-92ba-40e1-bfb8-d00156fd83b0,3d238144-44e6-450e-b523-3defbdaed9dc
763,gorilla/css,v1.0.1,Transitive Dependency,"BSD 3-clause ""New"" or ""Revised"" License",PERMISSIVE,NOT_REVIEWED,a5224ddd-5622-4cb8-ba6d-f5887a4991b6,b1c87880-9639-4293-9b73-8cf68a38d26e,3d238144-44e6-450e-b523-3defbdaed9dc
764,gorm,v1.9.16,Transitive Dependency,MIT License,PERMISSIVE,NOT_REVIEWED,01bae939-6787-45d0-8391-c1fdad9bfdec,02c7e40d-b74e-40c3-98fb-52c4bac22f6e,ad705c59-6893-4980-bdbf-0837f1823cc4
765,gorm,v1.9.2,Transitive Dependency,MIT License,PERMISSIVE,NOT_REVIEWED,01bae939-6787-45d0-8391-c1fdad9bfdec,977a5483-f4a1-46fc-9aa9-31c58f035320,ad705c59-6893-4980-bdbf-0837f1823cc4
766,groupcache,20241129-snapshot-2c02b820,Transitive Dependency,Apache License 2.0,PERMISSIVE,NOT_REVIEWED,8aac6968-bb3d-4a2f-bbc0-ace502f6983f,59be0399-a4f9-4cb7-848b-9fabb2e3c3ff,7cae335f-1193-421e-92f1-8802b4243e93
767,grpc-gateway,v2.29.0,Transitive Dependency,"BSD 3-clause ""New"" or ""Revised"" License",PERMISSIVE,NOT_REVIEWED,470ec045-d07d-4722-961d-ebfe2ddb12aa,bf0a1a7d-2f36-49be-95ce-68e8556532ed,3d238144-44e6-450e-b523-3defbdaed9dc
768,grpc-go,20250407-snapshot-b368379e,Transitive Dependency,Apache License 2.0,PERMISSIVE,NOT_REVIEWED,dd4726fa-fe56-484c-95c8-14a2ca3431ad,65093ce1-430f-41a3-8cf8-c820ee4b3a94,7cae335f-1193-421e-92f1-8802b4243e93
769,grpc-go,v1.84.0,Direct Dependency,Apache License 2.0,PERMISSIVE,NOT_REVIEWED,dd4726fa-fe56-484c-95c8-14a2ca3431ad,06acfd93-2cfa-42bd-a55e-67c2fb29e07b,7cae335f-1193-421e-92f1-8802b4243e93
770,hailocab-go-hostpool,20160125-snapshot-e80d13ce,Transitive Dependency,MIT License,PERMISSIVE,NOT_REVIEWED,525c3204-9f15-4761-8358-9bfbfa9e85b7,51ceb536-cd44-4d84-8c50-2efb127b194a,ad705c59-6893-4980-bdbf-0837f1823cc4
771,hamba/avro,v2.17.2,Transitive Dependency,MIT License,PERMISSIVE,NOT_REVIEWED,70546978-6d0e-41cf-af4e-2a5b8f3f0f74,ba3d43d5-6b36-4db6-8e36-25e81c15cd28,ad705c59-6893-4980-bdbf-0837f1823cc4
772,has-ansi,4.0.1,Transitive Dependency,MIT License,PERMISSIVE,NOT_REVIEWED,f7553ebe-885d-4df2-8e0f-06687b5fa64b,70622d51-99d7-4e68-a3ac-e57e8c180ed7,ad705c59-6893-4980-bdbf-0837f1823cc4
773,has-bigints,1.1.0,Transitive Dependency,MIT License,PERMISSIVE,NOT_REVIEWED,0857b465-87f4-45be-9245-8a7e1778419d,59a7765d-7bea-4f5b-9737-cfff499ea029,ad705c59-6893-4980-bdbf-0837f1823cc4
774,has-property-descriptors,1.0.2,Transitive Dependency,MIT License,PERMISSIVE,NOT_REVIEWED,2a231ba8-361d-4fb6-bb78-0c204aec5b3b,cc5bd094-6e0a-46c5-8625-5b5177d30485,ad705c59-6893-4980-bdbf-0837f1823cc4
775,has-symbols,1.1.0,Transitive Dependency,MIT License,PERMISSIVE,NOT_REVIEWED,1e845348-6d04-4aa1-844b-f6615379eb7a,b08b7e41-45e6-4c42-a3cd-41cd0f6be17c,ad705c59-6893-4980-bdbf-0837f1823cc4
776,has-tostringtag,1.0.2,Transitive Dependency,MIT License,PERMISSIVE,NOT_REVIEWED,f791a490-f477-40bd-8c11-d7028f98eaab,583ab172-11af-4f53-a76e-5e06fb890070,ad705c59-6893-4980-bdbf-0837f1823cc4
777,hasha,5.2.2,Transitive Dependency,MIT License,PERMISSIVE,NOT_REVIEWED,231a2014-5667-4f10-8404-37faf359c562,a88ad512-fec1-482c-b772-7e5995696c6d,ad705c59-6893-4980-bdbf-0837f1823cc4
778,hashicorp serf,v0.10.4,Transitive Dependency,Mozilla Public License 2.0,WEAK_RECIPROCAL,NOT_REVIEWED,1c0cda29-6773-4510-9682-d0a7b64c9e7e,5886f3af-7f69-4816-864b-967566860095,ce3dd63e-c569-4cea-986a-46bc5efe9896
779,hashicorp-go-version,v1.9.0,Transitive Dependency,Mozilla Public License 2.0,WEAK_RECIPROCAL,NOT_REVIEWED,49ec3f67-b5cf-465b-b840-746d9e30c5de,14064de1-5dcb-4f8e-bdcd-f0c6376628b2,ce3dd63e-c569-4cea-986a-46bc5efe9896
780,hashicorp/go-sockaddr,v1.0.7,Transitive Dependency,Mozilla Public License 2.0,WEAK_RECIPROCAL,NOT_REVIEWED,565e9561-bae5-400d-b59e-e39b978fc904,c13395b8-7a02-4fa9-b530-4f7c49048f59,ce3dd63e-c569-4cea-986a-46bc5efe9896
781,hashicorp_nomad,20260724-snapshot-37c73b29,Transitive Dependency,Business Source License 1.1,RESTRICTED_PROPRIETARY,NOT_REVIEWED,ff0fd13c-f05d-4d53-b0b4-8c6b03bd1892,1260eda7-0b6a-46d5-9c3f-73e47bb1c7a7,dde70004-f23f-437a-8982-c1aca19e3165
782,hasown,2.0.2,Transitive Dependency,MIT License,PERMISSIVE,NOT_REVIEWED,79d75e28-d7ce-462f-a7a1-bdcc41bbc80f,3eb8cbec-0eae-41f7-bf6b-51bfacb54ee5,ad705c59-6893-4980-bdbf-0837f1823cc4
783,hasown,2.0.4,Transitive Dependency,MIT License,PERMISSIVE,NOT_REVIEWED,79d75e28-d7ce-462f-a7a1-bdcc41bbc80f,3603e252-e2d7-44a6-bbf9-61d6886d750f,ad705c59-6893-4980-bdbf-0837f1823cc4
784,hetznercloud/hcloud-go,v2.47.0,Transitive Dependency,MIT License,PERMISSIVE,NOT_REVIEWED,d2da9020-6882-41a2-8227-c80aa1377db2,7a4102da-2f52-4e0c-b51f-55eb9dfea955,ad705c59-6893-4980-bdbf-0837f1823cc4
785,hosted-git-info,9.0.3,Transitive Dependency,ISC License,PERMISSIVE,NOT_REVIEWED,f4962be2-6a67-4524-8ace-e2640b10283a,8a180b5b-1274-474d-af5f-fcbaf4e7c4d1,14b0b50b-acd2-4fc8-ac65-3b15f9e58260
786,html-encoding-sniffer,4.0.0,Transitive Dependency,MIT License,PERMISSIVE,NOT_REVIEWED,eaad83b5-7810-4a3d-ac5c-ebb16c8884cd,a8f328d6-6089-4f3a-8067-92f9a08ad6ed,ad705c59-6893-4980-bdbf-0837f1823cc4
787,html-to-image,1.11.13,Transitive Dependency,MIT License,PERMISSIVE,NOT_REVIEWED,9ba08d4b-a67d-4db7-b2fe-6da0303c613b,8b96a010-fd31-46a6-b18e-9e64d35900e7,ad705c59-6893-4980-bdbf-0837f1823cc4
788,http-errors,2.0.1,Transitive Dependency,MIT License,PERMISSIVE,NOT_REVIEWED,0c07f246-6fb8-4785-87f1-0a8c5a601125,3554ef4a-5dff-4bd7-ba0a-c77108dced65,ad705c59-6893-4980-bdbf-0837f1823cc4
789,https-proxy-agent,7.0.6,Transitive Dependency,MIT License,PERMISSIVE,NOT_REVIEWED,4466aa31-36a3-4516-86bb-e4eba19514b7,33dd19cb-6d98-4be8-9de4-d6f68ef46753,ad705c59-6893-4980-bdbf-0837f1823cc4
790,ianstormtaylor/superstruct,0.14.2,Transitive Dependency,MIT License,PERMISSIVE,NOT_REVIEWED,2d89d85c-c0ca-4a7f-934f-d43d7c04152c,39479453-2a92-49e8-9296-991de8b19acd,ad705c59-6893-4980-bdbf-0837f1823cc4
791,ianstormtaylor/superstruct,2.0.2,Transitive Dependency,MIT License,PERMISSIVE,NOT_REVIEWED,2d89d85c-c0ca-4a7f-934f-d43d7c04152c,2ef2c2eb-6063-4a94-84b0-b7f6f96edbb3,ad705c59-6893-4980-bdbf-0837f1823cc4
792,iconv-lite,0.6.3,Transitive Dependency,MIT License,PERMISSIVE,NOT_REVIEWED,94bfe3df-c0a0-4b94-8834-4e3557203750,ee02f4b5-3ef9-40e0-b639-77f61cf486e7,ad705c59-6893-4980-bdbf-0837f1823cc4
793,iconv-lite,0.7.2,Transitive Dependency,MIT License,PERMISSIVE,NOT_REVIEWED,94bfe3df-c0a0-4b94-8834-4e3557203750,7cece43c-4171-4ed0-a19b-ab8e6e82d1c7,ad705c59-6893-4980-bdbf-0837f1823cc4
794,immer,10.2.0,Transitive Dependency,MIT License,PERMISSIVE,NOT_REVIEWED,c65a5fbd-7545-4b7d-bd22-23bca0347845,0e555ae2-31b0-46cc-93cc-ec099f96473d,ad705c59-6893-4980-bdbf-0837f1823cc4
795,indent-string,v4.0.0,Transitive Dependency,MIT License,PERMISSIVE,NOT_REVIEWED,fadf4f80-0e5f-416a-81eb-e477af37ff49,08b52e2e-6ddc-4b5c-b7b4-c50be30693b4,ad705c59-6893-4980-bdbf-0837f1823cc4
796,index-to-position,1.2.0,Transitive Dependency,MIT License,PERMISSIVE,NOT_REVIEWED,89c59ff5-e9f7-40f7-b5be-c3e0c3a66e0d,98709d90-ced9-4015-8b31-b4440db47c5c,ad705c59-6893-4980-bdbf-0837f1823cc4
797,inherits,2.0.3,Transitive Dependency,ISC License,PERMISSIVE,NOT_REVIEWED,d481a553-a8e0-47ec-8c86-268ef4d2ac6f,c2eb869b-d8c7-48d4-94b8-85366a73d569,14b0b50b-acd2-4fc8-ac65-3b15f9e58260
798,inherits,v2.0.4,Transitive Dependency,ISC License,PERMISSIVE,NOT_REVIEWED,d481a553-a8e0-47ec-8c86-268ef4d2ac6f,9cfcbde0-8633-45b6-8339-62d8018f985e,14b0b50b-acd2-4fc8-ac65-3b15f9e58260
799,io-ts,2.2.22,Transitive Dependency,MIT License,PERMISSIVE,NOT_REVIEWED,8e9a5417-eebe-4e06-9f3d-5aa62fdd9ea5,f72da976-7b1a-4305-a5b1-74ac4e297bbd,ad705c59-6893-4980-bdbf-0837f1823cc4
800,ionos-cloud/sdk-go,v6.3.11,Transitive Dependency,Apache License 2.0,PERMISSIVE,NOT_REVIEWED,f990f606-c7f6-460b-9031-d372df9c6849,bc9bac54-9190-4f9e-8801-5830fe51e79f,7cae335f-1193-421e-92f1-8802b4243e93
801,is-array-buffer,3.0.5,Transitive Dependency,MIT License,PERMISSIVE,NOT_REVIEWED,629fd78f-5f81-4c85-a013-c298d58d9a77,81a877da-0a69-4749-9ed9-511015648ecf,ad705c59-6893-4980-bdbf-0837f1823cc4
802,is-arrayish,0.2.1,Transitive Dependency,MIT License,PERMISSIVE,NOT_REVIEWED,439a3fc5-3b7b-4997-9f73-e757b09fc594,440f7406-3850-4639-bb0d-51805a77ce23,ad705c59-6893-4980-bdbf-0837f1823cc4
803,is-bigint,1.1.0,Transitive Dependency,MIT License,PERMISSIVE,NOT_REVIEWED,ae16490a-44f7-4c8d-93d2-e41f0cb377e1,74adfb8e-98d8-47cd-83b1-3fd012e9f9e0,ad705c59-6893-4980-bdbf-0837f1823cc4
804,is-buffer,1.1.6,Transitive Dependency,MIT License,PERMISSIVE,NOT_REVIEWED,ef2c5d71-254e-42d4-af20-fb145932db21,8ea7ac7c-2261-4dee-913f-cba63369fcde,ad705c59-6893-4980-bdbf-0837f1823cc4
805,is-date-object,1.1.0,Transitive Dependency,MIT License,PERMISSIVE,NOT_REVIEWED,de35fa5e-7949-4798-8037-6d8783532c40,9259a9ec-558a-4e46-81dc-bca3720bc3b1,ad705c59-6893-4980-bdbf-0837f1823cc4
806,is-docker,3.0.0,Transitive Dependency,MIT License,PERMISSIVE,NOT_REVIEWED,817ad18d-6b7e-4b03-8dfc-fedb3f364ee3,892d2e52-d5ed-4169-95f5-6db8a4e985da,ad705c59-6893-4980-bdbf-0837f1823cc4
807,is-extglob,2.1.1,Transitive Dependency,MIT License,PERMISSIVE,NOT_REVIEWED,278a98fa-7281-4d56-9f5c-f5655bafcd94,2c69b1ed-d9d3-4841-9d1a-e4db0911990f,ad705c59-6893-4980-bdbf-0837f1823cc4
808,is-in-ssh,1.0.0,Transitive Dependency,MIT License,PERMISSIVE,NOT_REVIEWED,0772d783-fc84-498d-94bf-603624c5b8b4,0897b9f1-2a1d-4572-a186-fc0c58c89331,ad705c59-6893-4980-bdbf-0837f1823cc4
809,is-interactive,2.0.0,Transitive Dependency,MIT License,PERMISSIVE,NOT_REVIEWED,0fa23649-4077-47f1-a690-fbfbb7c34267,a72ddc1c-f192-4b7e-a916-d5bd757c26d4,ad705c59-6893-4980-bdbf-0837f1823cc4
810,is-map,2.0.3,Transitive Dependency,MIT License,PERMISSIVE,NOT_REVIEWED,59c8b47c-0b20-4bb6-bb2b-92191fd854a7,baf75588-b7b0-4ae0-b379-e8db604d8520,ad705c59-6893-4980-bdbf-0837f1823cc4
811,is-npm,5.0.0,Transitive Dependency,MIT License,PERMISSIVE,NOT_REVIEWED,68d51675-a63f-4b65-92c4-1824d196662a,3f01258e-d10f-4990-ae3e-036b0503234d,ad705c59-6893-4980-bdbf-0837f1823cc4
812,is-number-object,1.1.1,Transitive Dependency,MIT License,PERMISSIVE,NOT_REVIEWED,b7fd7bbd-4c43-4834-9b76-70fc253fe167,ff01a87f-94f5-45d6-8151-37023a58119d,ad705c59-6893-4980-bdbf-0837f1823cc4
813,is-obj,1.0.1,Transitive Dependency,MIT License,PERMISSIVE,NOT_REVIEWED,ca46b8b2-e082-4c3b-a19b-0e8eb810de06,cc8b6147-a60c-4d29-b50f-f6a46bdadf2a,ad705c59-6893-4980-bdbf-0837f1823cc4
814,is-obj,3.0.0,Transitive Dependency,MIT License,PERMISSIVE,NOT_REVIEWED,ca46b8b2-e082-4c3b-a19b-0e8eb810de06,a17bb034-ede9-49be-a1a9-99fdf207d4dd,ad705c59-6893-4980-bdbf-0837f1823cc4
815,is-path-inside,3.0.3,Transitive Dependency,MIT License,PERMISSIVE,NOT_REVIEWED,a905e469-101c-4b81-9c9c-f052b07846d9,e511bf36-afba-4e89-a418-66f1e2cf1ab8,ad705c59-6893-4980-bdbf-0837f1823cc4
816,is-potential-custom-element-name,1.0.1,Transitive Dependency,MIT License,PERMISSIVE,NOT_REVIEWED,80efd6e2-ccaa-4ee3-be0c-25795624f6ff,84fde0f9-b56a-483a-b33c-354bad2bdd47,ad705c59-6893-4980-bdbf-0837f1823cc4
817,is-reference,3.0.3,Transitive Dependency,MIT License,PERMISSIVE,NOT_REVIEWED,d1bb5611-f721-4178-b01c-46e046e027ce,54767aae-8e23-4c12-a181-e61e9ee91c48,ad705c59-6893-4980-bdbf-0837f1823cc4
818,is-regexp,1.0.0,Transitive Dependency,MIT License,PERMISSIVE,NOT_REVIEWED,102ebd20-7f3e-4f6c-9df1-22311f2f2a17,00e53e5e-7972-4afb-8a76-7d6592d7c357,ad705c59-6893-4980-bdbf-0837f1823cc4
819,is-regexp,3.1.0,Transitive Dependency,MIT License,PERMISSIVE,NOT_REVIEWED,102ebd20-7f3e-4f6c-9df1-22311f2f2a17,bb8457f3-4758-4d25-a068-4c4a3f07a040,ad705c59-6893-4980-bdbf-0837f1823cc4
820,is-typed-array,1.0.0,Transitive Dependency,MIT License,PERMISSIVE,NOT_REVIEWED,1ec47d39-4f6e-428d-9c17-8e7b801da196,009bbeb3-c9d6-48b0-97ff-e51e55657723,ad705c59-6893-4980-bdbf-0837f1823cc4
821,is-unicode-supported,0.1.0,Transitive Dependency,MIT License,PERMISSIVE,NOT_REVIEWED,78596cbb-8df0-491a-9a75-1414a77c7e24,0a75d13d-c8a2-4656-9746-aecc6e1517a1,ad705c59-6893-4980-bdbf-0837f1823cc4
822,is-unicode-supported,1.3.0,Transitive Dependency,MIT License,PERMISSIVE,NOT_REVIEWED,78596cbb-8df0-491a-9a75-1414a77c7e24,7c036978-da65-45ad-80a1-e660fb316553,ad705c59-6893-4980-bdbf-0837f1823cc4
823,is-unicode-supported,2.1.0,Transitive Dependency,MIT License,PERMISSIVE,NOT_REVIEWED,78596cbb-8df0-491a-9a75-1414a77c7e24,4dce54d2-3ebb-44e4-a838-bb196c3d9826,ad705c59-6893-4980-bdbf-0837f1823cc4
824,is-url-superb,4.0.0,Transitive Dependency,MIT License,PERMISSIVE,NOT_REVIEWED,09ebc190-fe45-44af-b7d1-bba0456faa83,256be600-b007-43db-832e-4416da5a2645,ad705c59-6893-4980-bdbf-0837f1823cc4
825,is-weakmap,2.0.2,Transitive Dependency,MIT License,PERMISSIVE,NOT_REVIEWED,003c224a-dd17-403b-a0af-74bd50c9dfd8,1cf982a8-400e-4775-8f83-905ed830f5fb,ad705c59-6893-4980-bdbf-0837f1823cc4
826,is-weakset,2.0.4,Transitive Dependency,MIT License,PERMISSIVE,NOT_REVIEWED,a8d650e4-1fd7-4735-8ea1-68da54140c28,b486d222-d2e0-4e21-a0eb-35a98523b8c9,ad705c59-6893-4980-bdbf-0837f1823cc4
827,is-wsl,3.1.1,Transitive Dependency,MIT License,PERMISSIVE,NOT_REVIEWED,17ec6672-bb18-4f95-b49a-09ce4010a946,c418483f-5618-4c24-a352-a7698a551af0,ad705c59-6893-4980-bdbf-0837f1823cc4
828,isaacs/once,1.4.0,Transitive Dependency,ISC License,PERMISSIVE,NOT_REVIEWED,a7fabb15-7ef2-4d0b-886f-4910b22076c3,3d55bdee-4a21-4564-a945-be545f62532e,14b0b50b-acd2-4fc8-ac65-3b15f9e58260
829,isstream,0.1.2,Transitive Dependency,MIT License,PERMISSIVE,NOT_REVIEWED,5144e2dc-46ab-4ec8-ad19-23da04d0e0d9,2e942dce-53a2-4a83-b3c3-da7af9788b01,ad705c59-6893-4980-bdbf-0837f1823cc4
830,jackc/pgpassfile,v1.0.0,Transitive Dependency,MIT License,PERMISSIVE,NOT_REVIEWED,d100642a-8bc2-4e63-998e-bd6d2aef0eb8,12693ac8-8bfd-47b9-b682-a2520a041e8a,ad705c59-6893-4980-bdbf-0837f1823cc4
831,jackc/puddle,v2.2.2,Transitive Dependency,MIT License,PERMISSIVE,NOT_REVIEWED,4cfc91a9-fb06-4870-bfba-cdb419b165c0,9a8d44e7-a439-4d89-9e37-08a52aaf11b2,ad705c59-6893-4980-bdbf-0837f1823cc4
832,jackspeak,3.4.3,Transitive Dependency,Blue Oak Model License 1.0.0,PERMISSIVE,NOT_REVIEWED,f56b9899-8cb6-4d6b-b609-14a0329f27e9,360a9d85-7145-4e8e-805f-bfca8542b92c,9581ad88-048e-43d1-a7bc-f3675f8f3558
833,jackspeak,4.2.3,Transitive Dependency,Blue Oak Model License 1.0.0,PERMISSIVE,NOT_REVIEWED,f56b9899-8cb6-4d6b-b609-14a0329f27e9,a395c8f0-1370-4b3f-99c9-0a0bac0030ea,9581ad88-048e-43d1-a7bc-f3675f8f3558
834,jcmturner/dnsutils,v2.0.0,Transitive Dependency,Apache License 2.0,PERMISSIVE,NOT_REVIEWED,79d466a8-45c6-4a8e-ad3d-7d8c706be7a0,18bf0a93-cdcd-488c-a5a3-98b5a23d0ec1,7cae335f-1193-421e-92f1-8802b4243e93
835,jcmturner/gofork,v1.7.6,Transitive Dependency,"BSD 3-clause ""New"" or ""Revised"" License",PERMISSIVE,NOT_REVIEWED,4e7376c6-719c-4946-8d0a-97533e9119c6,1cda0c43-9fe1-4c4a-beff-1f0b87c7892f,3d238144-44e6-450e-b523-3defbdaed9dc
836,jcmturner/gokrb5,v8.4.4,Transitive Dependency,Apache License 2.0,PERMISSIVE,NOT_REVIEWED,3589f18f-436b-41f8-9650-d9096943a311,03c9f421-0b71-4c91-9971-e127c56b36ca,7cae335f-1193-421e-92f1-8802b4243e93
837,jessie-codes/safe-flat,2.1.0,Direct Dependency,MIT License,PERMISSIVE,NOT_REVIEWED,457209dd-ba67-4203-a6c5-845db8dbd72f,16aabf2a-d0dc-40b8-a341-8de06c35f30a,ad705c59-6893-4980-bdbf-0837f1823cc4
838,jest-worker,27.5.1,Transitive Dependency,MIT License,PERMISSIVE,NOT_REVIEWED,2b172474-b6ca-4d44-a03f-89905c777d6b,93895c46-2390-42d2-ba19-6a779d24596b,ad705c59-6893-4980-bdbf-0837f1823cc4
839,jinzhu-inflection,v1.0.0,Transitive Dependency,MIT License,PERMISSIVE,NOT_REVIEWED,2b8d60a9-7bce-4ffe-bdd8-5a136c8dce5e,3f8b9dfc-687a-4176-b9ed-bc8247cdfd42,ad705c59-6893-4980-bdbf-0837f1823cc4
840,joi,17.13.8,Transitive Dependency,"BSD 3-clause ""New"" or ""Revised"" License",PERMISSIVE,NOT_REVIEWED,1a5034fd-7faa-43db-8f9b-210d4ef30477,273719b9-bd51-433a-b3ca-f68a7845c3d8,3d238144-44e6-450e-b523-3defbdaed9dc
841,jonboulle-clockwork,v0.5.0,Transitive Dependency,Apache License 2.0,PERMISSIVE,NOT_REVIEWED,362d335a-9ab9-42cd-8175-09a383f5ee33,adb76df8-2923-46eb-b01f-78543e1963fa,7cae335f-1193-421e-92f1-8802b4243e93
842,js-cookie,3.0.7,Direct Dependency,MIT License,PERMISSIVE,NOT_REVIEWED,a4e8dcc8-5d0b-48a2-8311-ce02402ee03e,64165b1f-f3ac-4900-996f-a8e89254e883,ad705c59-6893-4980-bdbf-0837f1823cc4
843,js-yaml,4.1.1,Transitive Dependency,MIT License,PERMISSIVE,NOT_REVIEWED,a8c1201e-b916-4252-8d6f-8115b179cb0e,1f1739bb-11d8-42b5-bb3a-38bb465bc80a,ad705c59-6893-4980-bdbf-0837f1823cc4
844,js-yaml,4.2.0,Transitive Dependency,MIT License,PERMISSIVE,NOT_REVIEWED,a8c1201e-b916-4252-8d6f-8115b179cb0e,e3339123-60dd-4496-9378-3163007ecae0,ad705c59-6893-4980-bdbf-0837f1823cc4
845,jsbn,0.1.1,Transitive Dependency,MIT License,PERMISSIVE,NOT_REVIEWED,7624a17a-ba5d-4811-aa4b-fc52ce53e69a,caf7da89-3cd6-4552-8cb3-ca82c0f4a4b2,ad705c59-6893-4980-bdbf-0837f1823cc4
846,jsdom,21.1.1,Direct Dependency,MIT License,PERMISSIVE,NOT_REVIEWED,4d61314d-bde7-41a2-af1b-daea1d8c23b2,05d56e18-93b5-48d5-a8bc-5aa83af19664,ad705c59-6893-4980-bdbf-0837f1823cc4
847,jsdom,25.0.1,Direct Dependency,MIT License,PERMISSIVE,NOT_REVIEWED,4d61314d-bde7-41a2-af1b-daea1d8c23b2,f811c812-9d50-4bfe-86f3-15e0ee23ca87,ad705c59-6893-4980-bdbf-0837f1823cc4
848,jsdom-worker,0.3.0,Direct Dependency,MIT License,PERMISSIVE,NOT_REVIEWED,1f67dd02-53ef-4e65-8977-ca3fa09816b2,a1e133c6-3b62-47b3-a8fe-8291e1127c11,ad705c59-6893-4980-bdbf-0837f1823cc4
849,jshttp/mime-types,2.1.35,Transitive Dependency,MIT License,PERMISSIVE,NOT_REVIEWED,6fe95cdd-045a-4c45-9078-94ea405c611c,1478f14d-789f-4955-8d96-272936b2e862,ad705c59-6893-4980-bdbf-0837f1823cc4
850,jshttp/mime-types,3.0.2,Transitive Dependency,MIT License,PERMISSIVE,NOT_REVIEWED,6fe95cdd-045a-4c45-9078-94ea405c611c,ee4d960d-0a83-4913-9af2-a28b5df9c07a,ad705c59-6893-4980-bdbf-0837f1823cc4
851,json-buffer,3.0.1,Transitive Dependency,MIT License,PERMISSIVE,NOT_REVIEWED,6c40bfb7-be18-4d93-abdd-1a6b56d102f2,d6e58d8c-9ebb-4ea9-8d9a-2e0484f41d27,ad705c59-6893-4980-bdbf-0837f1823cc4
852,json-parse-even-better-errors,2.3.1,Transitive Dependency,MIT License,PERMISSIVE,NOT_REVIEWED,eabeab5b-5450-46bb-9fae-a420c85c9c59,9142b87c-baff-40b3-995d-a42f35a94311,ad705c59-6893-4980-bdbf-0837f1823cc4
853,json5,2.2.3,Transitive Dependency,MIT License,PERMISSIVE,NOT_REVIEWED,f51003ef-632b-483e-ad08-c499934a9edc,7d482315-c08d-453e-a104-d8730d5f9f44,ad705c59-6893-4980-bdbf-0837f1823cc4
854,jsoniter-go,v1.1.12,Direct Dependency,MIT License,PERMISSIVE,NOT_REVIEWED,7773904d-6f03-42e5-9ce5-3ef396562e35,09b8a499-cf56-4399-b387-6972c1cfcf44,ad705c59-6893-4980-bdbf-0837f1823cc4
855,jsonreference,v1.0.0,Transitive Dependency,Apache License 2.0,PERMISSIVE,NOT_REVIEWED,97376a79-d552-43cc-a1ba-d3e611803df8,7689db6e-7e37-4e86-b98e-693adcc6c8c3,7cae335f-1193-421e-92f1-8802b4243e93
856,jsprim,2.0.2,Transitive Dependency,MIT License,PERMISSIVE,NOT_REVIEWED,19874dfd-610a-40e1-89c9-ae10af5bac6f,a488ba3d-3366-4376-a322-75e5d7e30514,ad705c59-6893-4980-bdbf-0837f1823cc4
857,k8s.io/cli-runtime,v0.36.4,Transitive Dependency,Apache License 2.0,PERMISSIVE,NOT_REVIEWED,8fe2635a-dbee-4f49-ab10-dabef376afbd,b265be38-2c13-48d0-963a-76aa8c1e69d0,7cae335f-1193-421e-92f1-8802b4243e93
858,k8s.io/klog,2.140.0,Transitive Dependency,Apache License 2.0,PERMISSIVE,NOT_REVIEWED,8f01da5e-6c7f-4b09-9b01-2c559365fac7,cbee5a36-a3a6-4ff1-a5db-460ddc98403a,7cae335f-1193-421e-92f1-8802b4243e93
859,k8s.io/klog,v1.0.0,Transitive Dependency,Apache License 2.0,PERMISSIVE,NOT_REVIEWED,8f01da5e-6c7f-4b09-9b01-2c559365fac7,a551a12a-c4ec-412f-afdf-a6903cd3717e,7cae335f-1193-421e-92f1-8802b4243e93
860,kataras/pio,v0.0.13,Transitive Dependency,"BSD 3-clause ""New"" or ""Revised"" License",PERMISSIVE,NOT_REVIEWED,7f5e2926-3e4f-4774-9141-004c926f0e2e,bf4ebac9-db91-4c7f-a6c8-9b22aca9c71a,3d238144-44e6-450e-b523-3defbdaed9dc
861,kataras/sitemap,v0.0.6,Transitive Dependency,MIT License,PERMISSIVE,NOT_REVIEWED,1f18a14a-7e8f-4df6-9e40-c02a984f5068,f1cc1064-ab37-4c08-acd3-02206ef89ea3,ad705c59-6893-4980-bdbf-0837f1823cc4
862,keyv,4.5.4,Transitive Dependency,MIT License,PERMISSIVE,NOT_REVIEWED,b02b3c2a-afe6-4d54-8715-b87d46709858,9acbcda4-023e-48fb-ac20-cc9475335efa,ad705c59-6893-4980-bdbf-0837f1823cc4
863,keyv,5.6.0,Transitive Dependency,MIT License,PERMISSIVE,NOT_REVIEWED,b02b3c2a-afe6-4d54-8715-b87d46709858,cae28e2d-2db0-4d25-91a7-83fbdd97885f,ad705c59-6893-4980-bdbf-0837f1823cc4
864,khroma,2.1.0,Transitive Dependency,MIT License,PERMISSIVE,NOT_REVIEWED,1017634b-06c3-45ce-93df-1181d18986fb,5ac891e6-22bc-4817-9495-8c754ddf3933,ad705c59-6893-4980-bdbf-0837f1823cc4
865,kisielk-gotool,v1.0.0,Transitive Dependency,"(MIT License AND BSD 3-clause ""New"" or ""Revised"" License)",PERMISSIVE,NOT_REVIEWED,985d9202-8677-4edb-b3b7-c764dc70cfe5,951a8b61-4a6b-47ab-b9ea-1ae884aa7ba5,"3d238144-44e6-450e-b523-3defbdaed9dc,ad705c59-6893-4980-bdbf-0837f1823cc4"
866,klauspost-compress,v1.19.2,Transitive Dependency,"BSD 3-clause ""New"" or ""Revised"" License",PERMISSIVE,NOT_REVIEWED,84c00881-4da6-4b06-b722-1277dc503364,13bbf9df-4f46-483b-8710-f2d188124893,3d238144-44e6-450e-b523-3defbdaed9dc
867,klauspost-cpuid,v2.4.0,Transitive Dependency,MIT License,PERMISSIVE,NOT_REVIEWED,14a36108-70ec-4932-81ce-0ed02971117c,f1c49b96-2952-46d0-86cf-ceb232ad3d4f,ad705c59-6893-4980-bdbf-0837f1823cc4
868,klauspost/asmfmt,v1.3.2,Transitive Dependency,MIT License,PERMISSIVE,NOT_REVIEWED,1432d5f8-cb0d-431a-ad78-ed60b1e71bea,99e55cc8-bbe8-46c9-92bb-58af0aefcc96,ad705c59-6893-4980-bdbf-0837f1823cc4
869,kleur,3.0.3,Transitive Dependency,MIT License,PERMISSIVE,NOT_REVIEWED,8a5a16dd-f1ee-4507-9f77-460bdc3b8115,7e357cec-31a2-458a-98bd-7b56ef5f8a31,ad705c59-6893-4980-bdbf-0837f1823cc4
870,kleur,4.1.5,Transitive Dependency,MIT License,PERMISSIVE,NOT_REVIEWED,8a5a16dd-f1ee-4507-9f77-460bdc3b8115,a36375ae-20c8-4203-86b9-9f05c18bf3a2,ad705c59-6893-4980-bdbf-0837f1823cc4
871,known-css-properties,0.37.0,Transitive Dependency,MIT License,PERMISSIVE,NOT_REVIEWED,31bf725b-5bf9-4c10-b26f-e8a53594b3a8,e177940f-9ac8-41c6-8f5b-3b1ed31b123b,ad705c59-6893-4980-bdbf-0837f1823cc4
872,kubectl,v0.36.4,Direct Dependency,Apache License 2.0,PERMISSIVE,NOT_REVIEWED,06c057d5-7bbc-47a5-a793-3a40e5a7ccbc,f3b9427a-e56b-414f-8f92-c839be34863e,7cae335f-1193-421e-92f1-8802b4243e93
873,kubernetes-sigs/structured-merge-diff,v4.4.2,Transitive Dependency,Apache License 2.0,PERMISSIVE,NOT_REVIEWED,c64f0787-9dbf-482a-9cb2-c222eeb7210a,83600734-3c6d-4f87-ad41-0a512716316e,7cae335f-1193-421e-92f1-8802b4243e93
874,kubernetes-sigs/structured-merge-diff,v6.4.2,Transitive Dependency,Apache License 2.0,PERMISSIVE,NOT_REVIEWED,c64f0787-9dbf-482a-9cb2-c222eeb7210a,ea3c5893-e32d-4639-b106-2b5f7d6fe886,7cae335f-1193-421e-92f1-8802b4243e93
875,kubernetes/api,v0.36.4,Direct Dependency,Apache License 2.0,PERMISSIVE,NOT_REVIEWED,1f9b60a8-93bb-4af8-920e-9d3b690fc054,4e4176df-6811-4cff-9421-85b989924ce0,7cae335f-1193-421e-92f1-8802b4243e93
876,kubernetes/component-base,v0.36.4,Transitive Dependency,Apache License 2.0,PERMISSIVE,NOT_REVIEWED,2accd2fb-2d75-4f0e-9c9a-92cac4edba18,c3030816-0461-4b67-b0e2-00afa70feddd,7cae335f-1193-421e-92f1-8802b4243e93
877,kubernetes/metrics,v0.36.4,Transitive Dependency,Apache License 2.0,PERMISSIVE,NOT_REVIEWED,66f7b5ae-a90c-41d9-a6bd-a3dbd9909987,5f375ddf-7b33-460f-8e43-2bb4d499bc2e,7cae335f-1193-421e-92f1-8802b4243e93
878,kustomize,api/v0.21.1,Transitive Dependency,Apache License 2.0,PERMISSIVE,NOT_REVIEWED,a3a4d2f1-33d2-4729-9dd1-f99796a01a9b,8397de6e-c533-48c3-b14f-01a7bf246178,7cae335f-1193-421e-92f1-8802b4243e93
879,kustomize,kustomize/v5.8.1,Transitive Dependency,Apache License 2.0,PERMISSIVE,NOT_REVIEWED,a3a4d2f1-33d2-4729-9dd1-f99796a01a9b,ae25d56d-53f9-4e61-a442-8aacbfd80420,7cae335f-1193-421e-92f1-8802b4243e93
880,kustomize,kyaml/v0.21.1,Transitive Dependency,Apache License 2.0,PERMISSIVE,NOT_REVIEWED,a3a4d2f1-33d2-4729-9dd1-f99796a01a9b,4b54d5ce-ba7f-43dd-a0b0-7a37395bfd7c,7cae335f-1193-421e-92f1-8802b4243e93
881,langium,4.2.1,Transitive Dependency,MIT License,PERMISSIVE,NOT_REVIEWED,19189991-a832-442f-80a6-74d101fcdffd,7e2afb23-2d4d-40d4-b62d-590cde4e4577,ad705c59-6893-4980-bdbf-0837f1823cc4
882,layout-base,1.0.2,Transitive Dependency,MIT License,PERMISSIVE,NOT_REVIEWED,c93b1671-388d-474b-8eb7-8c5471e01aed,44ad3acb-647c-42ab-8649-10dbe575e73e,ad705c59-6893-4980-bdbf-0837f1823cc4
883,layout-base,2.0.1,Transitive Dependency,MIT License,PERMISSIVE,NOT_REVIEWED,c93b1671-388d-474b-8eb7-8c5471e01aed,013c0ffe-1544-4d79-8d94-e7cfa49b90ae,ad705c59-6893-4980-bdbf-0837f1823cc4
884,ledongthuc/pdf,20220302-snapshot-0c2507a1,Transitive Dependency,"BSD 3-clause ""New"" or ""Revised"" License",PERMISSIVE,NOT_REVIEWED,cb349b46-c551-4477-a543-9533d2ff07c7,0f2bc6fe-2d1d-4e01-b451-d83842cdf18d,3d238144-44e6-450e-b523-3defbdaed9dc
885,leodido/go-urn,v1.4.0,Transitive Dependency,MIT License,PERMISSIVE,NOT_REVIEWED,fd26f419-4b15-4cce-b786-296adbe566ba,02eb9485-28f9-4ef5-9723-8680b8c273af,ad705c59-6893-4980-bdbf-0837f1823cc4
886,lestrrat-go/httpcc,v1.0.1,Transitive Dependency,MIT License,PERMISSIVE,NOT_REVIEWED,cfc3f70a-8f63-4e76-a12c-e6b6c5dd4306,d8cbc6f8-fd2c-4b85-84ce-2835a422f627,ad705c59-6893-4980-bdbf-0837f1823cc4
887,lestrrat-go/iter,v1.0.2,Transitive Dependency,MIT License,PERMISSIVE,NOT_REVIEWED,9d2a828c-f432-47c0-94e0-2aab5bad2dbd,2f233928-8369-45ac-b29d-74b33e713358,ad705c59-6893-4980-bdbf-0837f1823cc4
888,lestrrat-go/option,v1.0.1,Transitive Dependency,MIT License,PERMISSIVE,NOT_REVIEWED,7e2ebe3e-babd-4d73-94a4-8f132d60d301,923505f7-c2c4-4035-bf85-ab1a5ae0d32f,ad705c59-6893-4980-bdbf-0837f1823cc4
889,lib/pq,v1.10.2,Transitive Dependency,MIT License,PERMISSIVE,NOT_REVIEWED,4af0a345-7c20-4993-804c-e546946f1c0b,32a22481-f8ec-4095-80ab-c98758ee687b,ad705c59-6893-4980-bdbf-0837f1823cc4
890,liggitt/tabwriter,20181228-snapshot-89fcab3d,Transitive Dependency,"BSD 3-clause ""New"" or ""Revised"" License",PERMISSIVE,NOT_REVIEWED,343794fb-345e-4655-bc97-e0047b807778,aed76a19-e98c-41e8-9b2c-1243b3aada44,3d238144-44e6-450e-b523-3defbdaed9dc
891,lightningcss,1.32.0,Transitive Dependency,Mozilla Public License 2.0,WEAK_RECIPROCAL,NOT_REVIEWED,bb70dbd0-59c6-4159-bd09-44b4cbe32353,bb092beb-f248-46d9-bc1b-e40bb21587db,ce3dd63e-c569-4cea-986a-46bc5efe9896
892,lightningcss,1.33.0,Transitive Dependency,Mozilla Public License 2.0,WEAK_RECIPROCAL,NOT_REVIEWED,bb70dbd0-59c6-4159-bd09-44b4cbe32353,dab31d27-a20e-4ec7-80b7-d5aafa07f713,ce3dd63e-c569-4cea-986a-46bc5efe9896
893,lightningcss-freebsd-x64,1.32.0,Transitive Dependency,Mozilla Public License 2.0,WEAK_RECIPROCAL,NOT_REVIEWED,ea668c1f-ce82-4e99-a6d8-8cce8b28e08c,723c9f5b-ac84-404d-a92f-f724a6397312,ce3dd63e-c569-4cea-986a-46bc5efe9896
894,lightningcss-freebsd-x64,1.33.0,Transitive Dependency,Mozilla Public License 2.0,WEAK_RECIPROCAL,NOT_REVIEWED,ea668c1f-ce82-4e99-a6d8-8cce8b28e08c,69929310-a1cc-4dbd-9ae6-89ac69dd900b,ce3dd63e-c569-4cea-986a-46bc5efe9896
895,lightningcss-linux-arm-gnueabihf,1.32.0,Transitive Dependency,Mozilla Public License 2.0,WEAK_RECIPROCAL,NOT_REVIEWED,4c016c6c-67f8-468e-a158-8234f224dd28,0f546e1f-05b1-432f-8673-b717c905b9af,ce3dd63e-c569-4cea-986a-46bc5efe9896
896,lightningcss-linux-arm-gnueabihf,1.33.0,Transitive Dependency,Mozilla Public License 2.0,WEAK_RECIPROCAL,NOT_REVIEWED,4c016c6c-67f8-468e-a158-8234f224dd28,ce8bce69-248a-4f1c-836e-4c4fecf9d9b4,ce3dd63e-c569-4cea-986a-46bc5efe9896
897,lightningcss-linux-arm64-gnu,1.32.0,Transitive Dependency,Mozilla Public License 2.0,WEAK_RECIPROCAL,NOT_REVIEWED,84871f1d-e7d1-4ec6-b1db-245baab2dedc,fa4d9399-18e2-4d06-8316-b1d3b9069e6a,ce3dd63e-c569-4cea-986a-46bc5efe9896
898,lightningcss-linux-arm64-gnu,1.33.0,Transitive Dependency,Mozilla Public License 2.0,WEAK_RECIPROCAL,NOT_REVIEWED,84871f1d-e7d1-4ec6-b1db-245baab2dedc,cc691969-c0b4-4644-97a7-631f10ff7936,ce3dd63e-c569-4cea-986a-46bc5efe9896
899,lightningcss-win32-x64-msvc,1.32.0,Transitive Dependency,Mozilla Public License 2.0,WEAK_RECIPROCAL,NOT_REVIEWED,37c546e9-1475-42c2-b13a-c00759106fda,591ab662-e743-4448-8e61-7a2ba1fcf789,ce3dd63e-c569-4cea-986a-46bc5efe9896
900,lightningcss-win32-x64-msvc,1.33.0,Transitive Dependency,Mozilla Public License 2.0,WEAK_RECIPROCAL,NOT_REVIEWED,37c546e9-1475-42c2-b13a-c00759106fda,dcdaa64d-7e92-4ea8-8c8b-435317056b27,ce3dd63e-c569-4cea-986a-46bc5efe9896
901,linkdata/deadlock,v0.5.5,Transitive Dependency,MIT License,PERMISSIVE,NOT_REVIEWED,1629d6c9-8b60-4bd8-b663-a16358ddb798,8c3ddd2d-3d79-49e2-ae79-29415fc8902b,ad705c59-6893-4980-bdbf-0837f1823cc4
902,listr2,9.0.5,Transitive Dependency,MIT License,PERMISSIVE,NOT_REVIEWED,e7731ce2-99dd-4283-83f3-956098da5717,77a0c546-06ec-4e9a-99c0-2ef721e4751a,ad705c59-6893-4980-bdbf-0837f1823cc4
903,lithammer/dedent,v1.1.0,Transitive Dependency,MIT License,PERMISSIVE,NOT_REVIEWED,7526a536-ead0-41c8-a450-3f9eb72add10,e87511f4-fb87-4847-b6a8-2e0116dd17ed,ad705c59-6893-4980-bdbf-0837f1823cc4
904,ljharb/object.assign,4.1.7,Transitive Dependency,MIT License,PERMISSIVE,NOT_REVIEWED,23b9db09-7d9a-437a-a2b5-fc82b8787234,0615c16c-5df1-4e31-b145-7d85bbf13dfd,ad705c59-6893-4980-bdbf-0837f1823cc4
905,loader-runner,4.3.2,Transitive Dependency,MIT License,PERMISSIVE,NOT_REVIEWED,41e9fcd2-3e25-456f-b3c7-9e29a99f495f,37313e5b-5deb-4524-b289-8a70a14e6c44,ad705c59-6893-4980-bdbf-0837f1823cc4
906,locate-character,3.0.0,Transitive Dependency,MIT License,PERMISSIVE,NOT_REVIEWED,39a7f58b-fd57-48ef-86bf-988b652aa251,4ff80ab2-b646-4ce1-902c-01c271fe73cc,ad705c59-6893-4980-bdbf-0837f1823cc4
907,locate-path,5.0.0,Transitive Dependency,MIT License,PERMISSIVE,NOT_REVIEWED,0107da38-94a9-4160-91c0-ddc6d98a9c77,2cdb47d1-c5d9-40e4-98b0-9832e16c7050,ad705c59-6893-4980-bdbf-0837f1823cc4
908,locate-path,6.0.0,Transitive Dependency,MIT License,PERMISSIVE,NOT_REVIEWED,0107da38-94a9-4160-91c0-ddc6d98a9c77,43ca30aa-e1d5-4628-88f5-fb760fdc1bf4,ad705c59-6893-4980-bdbf-0837f1823cc4
909,lodash.isobject,3.0.2,Transitive Dependency,MIT License,PERMISSIVE,NOT_REVIEWED,389567bb-55db-4a7f-9da4-e25f8c851ac7,95bfed4c-29a4-4723-96b2-188bfb682d51,ad705c59-6893-4980-bdbf-0837f1823cc4
910,lodash.isstring,4.0.1,Transitive Dependency,MIT License,PERMISSIVE,NOT_REVIEWED,9e13ed19-2bd7-48cb-b731-05a43db9569a,70b48abb-f549-42a4-9e45-07a6d4b7cca3,ad705c59-6893-4980-bdbf-0837f1823cc4
911,lodash.mergewith,4.6.2,Transitive Dependency,MIT License,PERMISSIVE,NOT_REVIEWED,1255e575-2d82-4e3c-bfca-f81d41f95a32,a09b1e7c-889a-4053-b776-27f67b5a3adf,ad705c59-6893-4980-bdbf-0837f1823cc4
912,lodash.sortby,4.7.0,Transitive Dependency,MIT License,PERMISSIVE,NOT_REVIEWED,a4448aaf-ec76-414a-95a6-0b58072299c5,cb7574cf-b404-45e6-a2c0-d58db0fbb9ee,ad705c59-6893-4980-bdbf-0837f1823cc4
913,log-symbols,4.1.0,Transitive Dependency,MIT License,PERMISSIVE,NOT_REVIEWED,3c69fb7d-1a4f-4073-a8d0-306d173c7b42,61647e3e-13bc-49a6-8c3f-ab96bee64764,ad705c59-6893-4980-bdbf-0837f1823cc4
914,log-symbols,6.0.0,Transitive Dependency,MIT License,PERMISSIVE,NOT_REVIEWED,3c69fb7d-1a4f-4073-a8d0-306d173c7b42,f9672c57-2c84-4826-92eb-927bf78b82d5,ad705c59-6893-4980-bdbf-0837f1823cc4
915,log-update,6.1.0,Transitive Dependency,MIT License,PERMISSIVE,NOT_REVIEWED,07c3fd3a-992a-47ba-a66c-abb9b6249263,8cd80452-f6b6-4ede-9eff-eb9d499cbaa6,ad705c59-6893-4980-bdbf-0837f1823cc4
916,logfmt,20140226-snapshot-b84e30ac,Direct Dependency,MIT License,PERMISSIVE,NOT_REVIEWED,a9ba7f54-7822-4042-a6d4-4e9469d7b8a0,679d23d0-9f37-4d53-9104-b87f7d664886,ad705c59-6893-4980-bdbf-0837f1823cc4
917,loose-envify,1.4.0,Transitive Dependency,MIT License,PERMISSIVE,NOT_REVIEWED,9f016a85-9725-46a6-a8c6-bb6df6423462,4d14a963-d742-44cf-b75d-db830f44db25,ad705c59-6893-4980-bdbf-0837f1823cc4
918,loupe,3.2.1,Transitive Dependency,MIT License,PERMISSIVE,NOT_REVIEWED,a8d900c9-3282-4aa6-8f84-d7faa1e3e799,f8a0933d-302c-4eba-9912-fbf02453ca01,ad705c59-6893-4980-bdbf-0837f1823cc4
919,lower-case,2.0.2,Transitive Dependency,MIT License,PERMISSIVE,NOT_REVIEWED,e49142cc-4539-4687-a8e1-14c79a035498,fdb3b177-9134-4e51-86bc-04798d823f68,ad705c59-6893-4980-bdbf-0837f1823cc4
920,luxon,3.7.2,Transitive Dependency,MIT License,PERMISSIVE,NOT_REVIEWED,16644a1d-6cee-4a2f-b30a-43076e70b335,8843669b-4327-4366-993e-ec1a2904a363,ad705c59-6893-4980-bdbf-0837f1823cc4
921,mafintosh/pump,3.0.4,Transitive Dependency,MIT License,PERMISSIVE,NOT_REVIEWED,57194207-0e37-49ef-9fd5-6b1a9ebc693b,57fcdb90-5a91-40fb-bea2-48a68a822e27,ad705c59-6893-4980-bdbf-0837f1823cc4
922,magic-string,0.30.21,Transitive Dependency,MIT License,PERMISSIVE,NOT_REVIEWED,a740c914-e6fd-4815-916e-a3d10b69327e,a1019486-c7b7-4f5b-86af-41fb34da2275,ad705c59-6893-4980-bdbf-0837f1823cc4
923,magic-string,1.4.2,Transitive Dependency,MIT License,PERMISSIVE,NOT_REVIEWED,a740c914-e6fd-4815-916e-a3d10b69327e,1198d2cc-5a67-45a0-a83d-44b6fdb95b0f,ad705c59-6893-4980-bdbf-0837f1823cc4
924,mailru/easyjson,v0.7.7,Transitive Dependency,MIT License,PERMISSIVE,NOT_REVIEWED,83df47d3-8149-4037-92d1-bb5fcd9e1845,3e092270-7298-4dd8-823a-c7fa6f19c69f,ad705c59-6893-4980-bdbf-0837f1823cc4
925,mapstructure,20231216-snapshot-8508981c,Transitive Dependency,MIT License,PERMISSIVE,NOT_REVIEWED,51ba14ba-de81-4a26-991b-df050110a2f4,3ccdff19-5f7c-4e03-b3cb-a6e2ac6fb9c3,ad705c59-6893-4980-bdbf-0837f1823cc4
926,markedjs,14.0.0,Transitive Dependency,MIT License,PERMISSIVE,NOT_REVIEWED,111b7081-7090-458d-b4a7-445a60826ee3,71a15526-c740-432c-9727-7c976ef9d22f,ad705c59-6893-4980-bdbf-0837f1823cc4
927,markedjs,16.4.2,Transitive Dependency,MIT License,PERMISSIVE,NOT_REVIEWED,111b7081-7090-458d-b4a7-445a60826ee3,c0b8e3a0-6e59-4146-9948-a57098ea1a1d,ad705c59-6893-4980-bdbf-0837f1823cc4
928,markedjs,4.3.0,Transitive Dependency,MIT License,PERMISSIVE,NOT_REVIEWED,111b7081-7090-458d-b4a7-445a60826ee3,8a6be89c-cb6f-4ba0-9b3c-17647a3ab1f4,ad705c59-6893-4980-bdbf-0837f1823cc4
929,mattn-go-colorable,v0.1.15,Transitive Dependency,MIT License,PERMISSIVE,NOT_REVIEWED,e51e4421-2f5c-4406-af01-828f8285538a,9fa3e744-11b9-4347-864f-69b9305a560d,ad705c59-6893-4980-bdbf-0837f1823cc4
930,mattn-go-runewidth,v0.0.30,Transitive Dependency,MIT License,PERMISSIVE,NOT_REVIEWED,6e7d2dea-02d8-416b-9024-b517706a9f0b,5be1187d-64e9-44e9-b18f-9b362f73a519,ad705c59-6893-4980-bdbf-0837f1823cc4
931,mattn-go-sqlite3,v1.14.18,Transitive Dependency,MIT License,PERMISSIVE,NOT_REVIEWED,63e43e1f-20d9-47ce-bc41-e1ba2f1573dc,a6741ea4-58d1-4e6e-ba1b-0f8a07b5875f,ad705c59-6893-4980-bdbf-0837f1823cc4
932,matttproud-golang_protobuf_extensions,v1.0.1,Direct Dependency,Apache License 2.0,PERMISSIVE,NOT_REVIEWED,fe670e13-a8b1-4636-a212-f6c338b9679e,0d76a752-de17-41a7-92f7-9347a6ac870b,7cae335f-1193-421e-92f1-8802b4243e93
933,md5,2.3.0,Transitive Dependency,"BSD 3-clause ""New"" or ""Revised"" License",PERMISSIVE,NOT_REVIEWED,3cee6bf3-8a46-4716-906a-06a8060e3c09,535583c4-117d-4dc0-b941-b4acff36af6f,3d238144-44e6-450e-b523-3defbdaed9dc
934,memoize-weak,1.0.2,Transitive Dependency,ISC License,PERMISSIVE,NOT_REVIEWED,fda2d7bb-5ded-438a-a2b8-8defb6a952a8,8501976a-c228-4ca3-9d7b-964912954ce0,14b0b50b-acd2-4fc8-ac65-3b15f9e58260
935,merge-descriptors,2.0.0,Transitive Dependency,MIT License,PERMISSIVE,NOT_REVIEWED,205b26dd-4f7b-482e-822e-9552d2323945,847f08f2-0364-4f50-9452-e40b0245a73a,ad705c59-6893-4980-bdbf-0837f1823cc4
936,mermaid,11.13.0,Transitive Dependency,MIT License,PERMISSIVE,NOT_REVIEWED,858e5fac-c7de-4906-b92a-faf658a83560,00e6e645-7972-49c5-8537-ebc77aca30fc,ad705c59-6893-4980-bdbf-0837f1823cc4
937,microsoft/go-mssqldb,v0.21.0,Transitive Dependency,"BSD 3-clause ""New"" or ""Revised"" License",PERMISSIVE,NOT_REVIEWED,4e484bc4-8bb5-4a08-b847-614cbc5ebc06,62ec8d06-12be-466c-954f-2a09ca2101a8,3d238144-44e6-450e-b523-3defbdaed9dc
938,microsoft/kiota-authentication-azure-go,v1.3.1,Transitive Dependency,MIT License,PERMISSIVE,NOT_REVIEWED,6d40cb51-d117-4da2-98d3-0dbc71fa5bb5,42137c49-3157-4b55-ba3a-ff80bfeb9a15,ad705c59-6893-4980-bdbf-0837f1823cc4
939,microsoft/kiota-http-go,v1.5.6,Transitive Dependency,MIT License,PERMISSIVE,NOT_REVIEWED,4fc0f9e3-f9a6-4181-bae9-a36424acf7ae,c459796d-66dd-4089-bc23-4edab81190db,ad705c59-6893-4980-bdbf-0837f1823cc4
940,miekg/dns,v1.1.72,Transitive Dependency,"BSD 3-clause ""New"" or ""Revised"" License",PERMISSIVE,NOT_REVIEWED,9d8e0d11-b48a-4fae-b0a3-c42b3d3ef68a,7edc88cf-49ba-48c2-9c0d-3e9bc9ce028a,3d238144-44e6-450e-b523-3defbdaed9dc
941,mime,3.0.0,Transitive Dependency,MIT License,PERMISSIVE,NOT_REVIEWED,5ee678c4-0578-4756-ac44-7ec95d1b6ab2,7f300cf7-1393-4d70-9c3b-c5e686831bfc,ad705c59-6893-4980-bdbf-0837f1823cc4
942,minimatch,10.2.5,Transitive Dependency,ISC License,PERMISSIVE,NOT_REVIEWED,213461e4-29a5-4b35-b33c-d7f122dffd1f,a8d7c5f5-3b57-4e3f-af3e-a6a3c955f49b,14b0b50b-acd2-4fc8-ac65-3b15f9e58260
943,minimatch,10.2.6,Transitive Dependency,Blue Oak Model License 1.0.0,PERMISSIVE,NOT_REVIEWED,213461e4-29a5-4b35-b33c-d7f122dffd1f,c7374049-0449-4228-b8bc-e15920fedbfa,9581ad88-048e-43d1-a7bc-f3675f8f3558
944,minimatch,3.1.5,Transitive Dependency,ISC License,PERMISSIVE,NOT_REVIEWED,213461e4-29a5-4b35-b33c-d7f122dffd1f,316967d9-73de-4e81-aca2-4983e18459fe,14b0b50b-acd2-4fc8-ac65-3b15f9e58260
945,minimatch,9.0.9,Transitive Dependency,ISC License,PERMISSIVE,NOT_REVIEWED,213461e4-29a5-4b35-b33c-d7f122dffd1f,01e1f866-3572-4698-8927-72cb8764dafa,14b0b50b-acd2-4fc8-ac65-3b15f9e58260
946,minimist,1.2.8,Transitive Dependency,MIT License,PERMISSIVE,NOT_REVIEWED,5c9476fd-5f82-4a31-bb81-e549abf8cec0,4d4627b3-66c6-43fb-b867-fe1f357c3de6,ad705c59-6893-4980-bdbf-0837f1823cc4
947,minipass,7.1.3,Transitive Dependency,Blue Oak Model License 1.0.0,PERMISSIVE,NOT_REVIEWED,729316f3-2b21-48b3-a4ce-9138123744bd,235e7dfc-7b32-4ea2-a60a-766f58ac7559,9581ad88-048e-43d1-a7bc-f3675f8f3558
948,mitchellh-go-homedir,v1.1.0,Transitive Dependency,MIT License,PERMISSIVE,NOT_REVIEWED,0369fbe7-a6a4-45cf-8be2-e15c9f5a245d,f4d8a92b-0b9a-4b5a-a9b8-ef8c53dd997d,ad705c59-6893-4980-bdbf-0837f1823cc4
949,mitt,3.0.1,Transitive Dependency,MIT License,PERMISSIVE,NOT_REVIEWED,a9fd610f-9fae-4272-9c9f-e4d5fb08ff90,bca8aaba-0877-418c-b2ed-dfbafda5a11b,ad705c59-6893-4980-bdbf-0837f1823cc4
950,mlly,1.8.1,Transitive Dependency,MIT License,PERMISSIVE,NOT_REVIEWED,25753eb2-2e80-4d1a-9431-25c3c79f62c0,ca680cb2-ae15-4171-83c3-87542218fdab,ad705c59-6893-4980-bdbf-0837f1823cc4
951,moby/patternmatcher,v0.6.1,Transitive Dependency,Apache License 2.0,PERMISSIVE,NOT_REVIEWED,b7934c86-dfe3-42d4-8522-3cb7e67edc95,866d5ca3-415a-4295-b462-51a2fe801aa3,7cae335f-1193-421e-92f1-8802b4243e93
952,moby/sys,mount/v0.3.5,Transitive Dependency,Apache License 2.0,PERMISSIVE,NOT_REVIEWED,c0439738-4a59-4362-8339-2789f55d2b3c,bb307763-6229-4db8-ad7f-1286906b3f3e,7cae335f-1193-421e-92f1-8802b4243e93
953,moby/sys,mountinfo/v0.7.2,Transitive Dependency,Apache License 2.0,PERMISSIVE,NOT_REVIEWED,c0439738-4a59-4362-8339-2789f55d2b3c,016dc6ba-9524-480a-8f81-486b8e6e043f,7cae335f-1193-421e-92f1-8802b4243e93
954,moby/sys,reexec/v0.1.0,Transitive Dependency,Apache License 2.0,PERMISSIVE,NOT_REVIEWED,c0439738-4a59-4362-8339-2789f55d2b3c,81f951c2-899b-434e-9133-3e41961ef993,7cae335f-1193-421e-92f1-8802b4243e93
955,moby/sys,sequential/v0.7.0,Transitive Dependency,Apache License 2.0,PERMISSIVE,NOT_REVIEWED,c0439738-4a59-4362-8339-2789f55d2b3c,888ce5f8-4aa5-4ce8-9118-56b9eada8da1,7cae335f-1193-421e-92f1-8802b4243e93
956,moby/sys,user/v0.4.1,Transitive Dependency,Apache License 2.0,PERMISSIVE,NOT_REVIEWED,c0439738-4a59-4362-8339-2789f55d2b3c,e7f1d608-a5a9-4dd5-9332-0d79ce23444b,7cae335f-1193-421e-92f1-8802b4243e93
957,moby/sys,userns/v0.2.0,Transitive Dependency,Apache License 2.0,PERMISSIVE,NOT_REVIEWED,c0439738-4a59-4362-8339-2789f55d2b3c,5dbea449-211b-4911-953d-94859c87106d,7cae335f-1193-421e-92f1-8802b4243e93
958,mochawesome-report-generator,6.3.2,Direct Dependency,MIT License,PERMISSIVE,NOT_REVIEWED,45344570-0b5d-4d5c-9cea-7d3a2ff2ee40,e7d2b7b7-ee4a-489c-9904-3176e8d353c3,ad705c59-6893-4980-bdbf-0837f1823cc4
959,modern-go/reflect2,20250322-snapshot-35a7c28c,Transitive Dependency,Apache License 2.0,PERMISSIVE,NOT_REVIEWED,78acd48b-3cf3-499d-841b-1fefe4a6ff4a,7e5e4ad3-653f-46b2-857e-97e724a8c075,7cae335f-1193-421e-92f1-8802b4243e93
960,module-lookup-amd,9.1.3,Transitive Dependency,MIT License,PERMISSIVE,NOT_REVIEWED,38798f4f-7446-4904-b669-90bb57e5cb9f,fa1c28e5-d312-4cbc-a798-50dbd0ec5cf4,ad705c59-6893-4980-bdbf-0837f1823cc4
961,mongodb/mongo-go-driver,v1.12.1,Transitive Dependency,Apache License 2.0,PERMISSIVE,NOT_REVIEWED,3abd1dbe-0384-45a0-bec1-e351e3cdb55e,9235d8ff-ab06-494e-8053-d24d72db45a9,7cae335f-1193-421e-92f1-8802b4243e93
962,mongodb/mongo-go-driver,v2.8.0,Transitive Dependency,Apache License 2.0,PERMISSIVE,NOT_REVIEWED,3abd1dbe-0384-45a0-bec1-e351e3cdb55e,c004ea98-1f20-49d9-a62a-216836f59814,7cae335f-1193-421e-92f1-8802b4243e93
963,monochromegane/go-gitignore,20200625-snapshot-205db1a8,Transitive Dependency,MIT License,PERMISSIVE,NOT_REVIEWED,cc2276dc-5c66-4b53-8c6b-25373fd2fb6c,187caa70-bb3c-46f6-b23b-635bd145e374,ad705c59-6893-4980-bdbf-0837f1823cc4
964,muesli/termenv,v0.16.0,Transitive Dependency,MIT License,PERMISSIVE,NOT_REVIEWED,ca572a40-95d3-4670-825e-863d154746b8,6b428397-746f-40e4-8651-c568818a6447,ad705c59-6893-4980-bdbf-0837f1823cc4
965,mute-stream,3.0.0,Transitive Dependency,ISC License,PERMISSIVE,NOT_REVIEWED,4f24f1b1-ddd1-43bc-a99d-4fb394548040,912beeb6-cb19-4330-8294-2bf572d78565,14b0b50b-acd2-4fc8-ac65-3b15f9e58260
966,mwitkow/go-conntrack,20190716-snapshot-2f068394,Transitive Dependency,Apache License 2.0,PERMISSIVE,NOT_REVIEWED,9992ac64-95b6-415c-8d99-9849bc4a1072,feaed800-7a77-4c82-948c-1f77c12fa4dc,7cae335f-1193-421e-92f1-8802b4243e93
967,nanoid,3.3.11,Transitive Dependency,MIT License,PERMISSIVE,NOT_REVIEWED,3b026836-83f9-4d98-92a3-9d40e2d284a1,5ae69064-0108-47d0-ba9f-03b636bdc93a,ad705c59-6893-4980-bdbf-0837f1823cc4
968,nanoid,3.3.12,Transitive Dependency,MIT License,PERMISSIVE,NOT_REVIEWED,3b026836-83f9-4d98-92a3-9d40e2d284a1,bc8cfd47-ceb0-49d1-9eb4-bcef338d6d1d,ad705c59-6893-4980-bdbf-0837f1823cc4
969,nanoid,3.3.19,Transitive Dependency,MIT License,PERMISSIVE,NOT_REVIEWED,3b026836-83f9-4d98-92a3-9d40e2d284a1,82d15217-e23d-4f5f-980e-3092b323634f,ad705c59-6893-4980-bdbf-0837f1823cc4
970,neo-async,2.6.2,Transitive Dependency,MIT License,PERMISSIVE,NOT_REVIEWED,3e75e275-d57c-43c5-9390-b2be7bc27bcb,9e833980-fc55-4518-8461-8da9b3286591,ad705c59-6893-4980-bdbf-0837f1823cc4
971,netmask,2.0.2,Transitive Dependency,MIT License,PERMISSIVE,NOT_REVIEWED,ce209b6b-5ab1-4bcc-91e9-2e14d868ce5e,182dbecd-b6ca-4cf7-9495-23ffe2eeb5ac,ad705c59-6893-4980-bdbf-0837f1823cc4
972,no-case,3.0.4,Transitive Dependency,MIT License,PERMISSIVE,NOT_REVIEWED,94921ce2-2f92-490f-93c8-1204708f6711,a12a05fc-33ca-41b6-a2a3-57eda19a14d1,ad705c59-6893-4980-bdbf-0837f1823cc4
973,node-assert-plus,1.0.0,Transitive Dependency,MIT License,PERMISSIVE,NOT_REVIEWED,5b2caa57-14bf-4cce-a021-2375c1102dde,18afc45f-57f0-45c5-846c-dc57eeedd436,ad705c59-6893-4980-bdbf-0837f1823cc4
974,node-browserify,2.1.0,Direct Dependency,MIT License,PERMISSIVE,NOT_REVIEWED,534458dc-0d21-440a-81de-c671ce692875,cbb30d36-a412-408e-a6d0-42a6df65749d,ad705c59-6893-4980-bdbf-0837f1823cc4
975,node-concat-map,0.0.1,Transitive Dependency,MIT License,PERMISSIVE,NOT_REVIEWED,97d28f7a-cd36-43a3-852d-671af4f14041,1f84faee-c85e-4a68-9977-4c86fa8dd73c,ad705c59-6893-4980-bdbf-0837f1823cc4
976,node-cookie-signature,1.2.2,Transitive Dependency,MIT License,PERMISSIVE,NOT_REVIEWED,a101f589-4f37-4508-8ad3-40caa31b2243,cb71d420-76de-460e-97ba-90baad388567,ad705c59-6893-4980-bdbf-0837f1823cc4
977,node-cors,2.8.6,Transitive Dependency,MIT License,PERMISSIVE,NOT_REVIEWED,02b43751-4f72-4a14-b19b-96ce828f0b09,2894ea80-b875-4f11-9e10-d552b4b301aa,ad705c59-6893-4980-bdbf-0837f1823cc4
978,node-dashdash,1.14.1,Transitive Dependency,MIT License,PERMISSIVE,NOT_REVIEWED,746ae07f-e3c2-47b4-af3d-4dd698eec42d,18f4fc20-7b3c-45bd-9b9e-6409d5424346,ad705c59-6893-4980-bdbf-0837f1823cc4
979,node-dateformat,4.6.3,Transitive Dependency,MIT License,PERMISSIVE,NOT_REVIEWED,1218eabf-11f9-4a71-b196-3a7d6c88e26f,f6b20c2e-f1d1-4c28-aa56-19891de84983,ad705c59-6893-4980-bdbf-0837f1823cc4
980,node-deep-equal,2.2.3,Transitive Dependency,MIT License,PERMISSIVE,NOT_REVIEWED,fae07f81-ffee-4168-bd45-e7caa8b5e60b,492b58a4-6e83-45cc-9d5f-c775e6d72e0c,ad705c59-6893-4980-bdbf-0837f1823cc4
981,node-domexception,1.0.0,Transitive Dependency,MIT License,PERMISSIVE,NOT_REVIEWED,7babbe15-32b1-4821-9316-6ec43304124d,753c231f-9a24-4b27-b410-71c7c56f738e,ad705c59-6893-4980-bdbf-0837f1823cc4
982,node-error-ex,1.3.4,Transitive Dependency,MIT License,PERMISSIVE,NOT_REVIEWED,e1a2b5c2-c17a-4387-8ec7-254b7c825de4,4f490afa-263d-455d-91a2-3770bda003c2,ad705c59-6893-4980-bdbf-0837f1823cc4
983,node-fetch,3.3.2,Transitive Dependency,MIT License,PERMISSIVE,NOT_REVIEWED,267f5cb1-c0ee-4197-bc80-de3d3af48624,0eec93d7-aca6-4657-91fa-ba65a3c3ed62,ad705c59-6893-4980-bdbf-0837f1823cc4
984,node-graceful-fs,4.2.11,Transitive Dependency,ISC License,PERMISSIVE,NOT_REVIEWED,41b6a08a-2d34-45e2-85db-601cdd98a4b3,edf34284-60c6-4212-896d-b28285539e5b,14b0b50b-acd2-4fc8-ac65-3b15f9e58260
985,node-http-proxy-agent,7.0.2,Transitive Dependency,MIT License,PERMISSIVE,NOT_REVIEWED,a5f10ac1-e76f-49a7-9a92-1bd25c9d79dc,f3ba09a0-56cc-48d7-a383-792461a12c4c,ad705c59-6893-4980-bdbf-0837f1823cc4
986,node-ignore,5.3.2,Transitive Dependency,MIT License,PERMISSIVE,NOT_REVIEWED,ffde753b-e2b2-4244-9767-0620ede6f5e8,59dc1b12-97bc-4306-88f5-dbe8eeb7ef56,ad705c59-6893-4980-bdbf-0837f1823cc4
987,node-ignore,7.0.10,Transitive Dependency,MIT License,PERMISSIVE,NOT_REVIEWED,ffde753b-e2b2-4244-9767-0620ede6f5e8,1b1eac04-6980-4ab3-8a96-ce4b645c73f0,ad705c59-6893-4980-bdbf-0837f1823cc4
988,node-ignore,7.0.5,Transitive Dependency,MIT License,PERMISSIVE,NOT_REVIEWED,ffde753b-e2b2-4244-9767-0620ede6f5e8,7626ee08-398e-4b35-9404-59a29906e9ff,ad705c59-6893-4980-bdbf-0837f1823cc4
989,node-mkdirp,3.0.1,Transitive Dependency,MIT License,PERMISSIVE,NOT_REVIEWED,e264bf55-1def-40d7-bd57-661762065c64,2a4e1c83-57b7-4f4f-999f-fb1ac503d3e2,ad705c59-6893-4980-bdbf-0837f1823cc4
990,node-pngjs,7.0.0,Transitive Dependency,MIT License,PERMISSIVE,NOT_REVIEWED,619d041e-9a0d-4b62-91c3-ca827f8c45a3,1ddd9c06-39f2-46f4-8d7a-adfc424fc069,ad705c59-6893-4980-bdbf-0837f1823cc4
991,node-process,0.11.10,Transitive Dependency,MIT License,PERMISSIVE,NOT_REVIEWED,ac3fd180-411a-4875-9449-ade244e5cfdc,0ac181aa-9aa1-4086-9449-e255ae841cb5,ad705c59-6893-4980-bdbf-0837f1823cc4
992,node-progress,2.0.3,Transitive Dependency,MIT License,PERMISSIVE,NOT_REVIEWED,b9d3bd2c-f589-4c55-9e3c-9a4306a4ea18,983965c1-03ec-40cb-b1a2-2270e6fdb435,ad705c59-6893-4980-bdbf-0837f1823cc4
993,node-request-progress,3.0.0,Transitive Dependency,MIT License,PERMISSIVE,NOT_REVIEWED,1ce55e9e-7da3-479f-9d92-a207c81b2e1e,d8621427-75b3-499e-9c32-a340a40ee090,ad705c59-6893-4980-bdbf-0837f1823cc4
994,node-source-walk,7.0.2,Transitive Dependency,MIT License,PERMISSIVE,NOT_REVIEWED,01c8a39e-0e6b-4b6b-bcf6-fbfa552109c5,91c64a92-d4cd-447c-966b-659b92224058,ad705c59-6893-4980-bdbf-0837f1823cc4
995,node-tmp,0.2.7,Transitive Dependency,MIT License,PERMISSIVE,NOT_REVIEWED,c3073461-394c-4e51-bfa9-084b10ce4ed8,ebc0ad88-fb95-43db-b212-e8b3c024172e,ad705c59-6893-4980-bdbf-0837f1823cc4
996,node-tunnel,0.0.6,Transitive Dependency,MIT License,PERMISSIVE,NOT_REVIEWED,c8d528bd-e7ad-4023-aab4-c8a1be81d0a1,067403aa-9a89-4a68-b751-20fa36037191,ad705c59-6893-4980-bdbf-0837f1823cc4
997,nodejs Deprecate,2.0.0,Transitive Dependency,MIT License,PERMISSIVE,NOT_REVIEWED,cbbfee74-f159-4c42-9a07-544cf3bfa0bd,870a9dbd-9f48-4407-aeb3-718e5099f79f,ad705c59-6893-4980-bdbf-0837f1823cc4
998,nodejs-asn1,0.2.6,Transitive Dependency,MIT License,PERMISSIVE,NOT_REVIEWED,cace15c6-2050-40a1-b529-02ae30450b25,051eb016-fb5e-4edd-a20e-b568883ca510,ad705c59-6893-4980-bdbf-0837f1823cc4
999,now,v1.1.5,Transitive Dependency,MIT License,PERMISSIVE,NOT_REVIEWED,cd18b42a-e2a0-4df9-a621-422553ea5968,2134df2b-b177-450a-992e-c4769ec921e9,ad705c59-6893-4980-bdbf-0837f1823cc4
1000,npm ini,2.0.0,Transitive Dependency,ISC License,PERMISSIVE,NOT_REVIEWED,057d5cea-31c7-463a-b91b-19a9bd413379,c1588f07-4ba9-4b1d-8d1e-17bced6eacc6,14b0b50b-acd2-4fc8-ac65-3b15f9e58260
1001,nxadm/tail,v1.4.8,Transitive Dependency,MIT License,PERMISSIVE,NOT_REVIEWED,e365ab96-407e-422b-9205-dd87509f73dc,30608615-6c8e-4cee-ab89-02d46ac3f8a0,ad705c59-6893-4980-bdbf-0837f1823cc4
1002,oapi-codegen/nullable,v1.1.0,Transitive Dependency,Unknown License,UNKNOWN,NOT_REVIEWED,1e575975-f3f8-4de6-b124-097572893572,a94665fa-5442-4f46-a117-69dd828144a7,00000000-0010-0000-0000-000000000000
1003,object-hash,3.0.0,Transitive Dependency,MIT License,PERMISSIVE,NOT_REVIEWED,849d56df-25da-4bd4-9728-736f18a8ce5a,1808e634-731a-4f5c-a69d-9470b3e96736,ad705c59-6893-4980-bdbf-0837f1823cc4
1004,object-treeify,1.1.33,Transitive Dependency,MIT License,PERMISSIVE,NOT_REVIEWED,cfa44e6d-d4c5-450f-944f-0e9ac04ea768,ab123b21-b44b-47df-b65e-5f5fd0609d56,ad705c59-6893-4980-bdbf-0837f1823cc4
1005,oklog/run,v1.2.0,Transitive Dependency,Apache License 2.0,PERMISSIVE,NOT_REVIEWED,06b874c5-1820-416f-a9ea-61ea31640fa9,38fc0956-746e-4eef-acdf-f72bc68e5061,7cae335f-1193-421e-92f1-8802b4243e93
1006,oklog/ulid,v2.1.2,Transitive Dependency,Apache License 2.0,PERMISSIVE,NOT_REVIEWED,92e7a8bf-4f76-4779-b39d-82b21dc393aa,7d40442e-0ef3-40cb-91fb-8d80330a2f29,7cae335f-1193-421e-92f1-8802b4243e93
1007,on-exit-leak-free,2.1.2,Transitive Dependency,MIT License,PERMISSIVE,NOT_REVIEWED,719d2407-93ea-4d9a-9837-4a3f7cc87493,d2c3ffe1-caca-4561-93ce-e0fb71482526,ad705c59-6893-4980-bdbf-0837f1823cc4
1008,onsi/ginkgo,1.16.5,Transitive Dependency,MIT License,PERMISSIVE,NOT_REVIEWED,64dbb526-355b-402f-bb56-d09a47b571bc,9eb896d5-20b4-484c-9437-1e18257975f0,ad705c59-6893-4980-bdbf-0837f1823cc4
1009,onsi/ginkgo,2.28.1,Transitive Dependency,MIT License,PERMISSIVE,NOT_REVIEWED,64dbb526-355b-402f-bb56-d09a47b571bc,e0d91e5e-1b0d-4cc9-9daa-21cd22a029fe,ad705c59-6893-4980-bdbf-0837f1823cc4
1010,open-feature/go-sdk,v1.17.0,Transitive Dependency,Apache License 2.0,PERMISSIVE,NOT_REVIEWED,1f2c3fbd-3c63-4565-8c22-594a891e2e4f,7e46194a-0ac2-4c89-bb7f-86a2cc1cc143,7cae335f-1193-421e-92f1-8802b4243e93
1011,open-telemetry/opentelemetry-go-contrib,bridges/otelzap/v0.12.0,Transitive Dependency,Apache License 2.0,PERMISSIVE,NOT_REVIEWED,a46d3402-e0f0-420c-8e15-b8c8056d5d51,bb6221de-96c6-4f8d-ae0d-18010325af88,7cae335f-1193-421e-92f1-8802b4243e93
1012,open-telemetry/opentelemetry-go-contrib,detectors/gcp/v1.45.0,Transitive Dependency,Apache License 2.0,PERMISSIVE,NOT_REVIEWED,a46d3402-e0f0-420c-8e15-b8c8056d5d51,7bd76d01-59b5-447b-8b1f-4634b4cedddf,7cae335f-1193-421e-92f1-8802b4243e93
1013,open-telemetry/opentelemetry-go-contrib,instrumentation/google.golang.org/grpc/otelgrpc/v0.70.0,Transitive Dependency,Apache License 2.0,PERMISSIVE,NOT_REVIEWED,a46d3402-e0f0-420c-8e15-b8c8056d5d51,0155f4ac-86b5-4dd4-ad84-44fba0e4bfdc,7cae335f-1193-421e-92f1-8802b4243e93
1014,open-telemetry/opentelemetry-go-contrib,instrumentation/net/http/httptrace/otelhttptrace/v0.69.0,Transitive Dependency,Apache License 2.0,PERMISSIVE,NOT_REVIEWED,a46d3402-e0f0-420c-8e15-b8c8056d5d51,0bec856c-78ab-45d2-83b4-6543372216d4,7cae335f-1193-421e-92f1-8802b4243e93
1015,open-telemetry/opentelemetry-go-contrib,instrumentation/net/http/otelhttp/v0.70.0,Transitive Dependency,Apache License 2.0,PERMISSIVE,NOT_REVIEWED,a46d3402-e0f0-420c-8e15-b8c8056d5d51,72ed23aa-4e75-423f-a371-7f55bcc130f9,7cae335f-1193-421e-92f1-8802b4243e93
1016,open-telemetry/opentelemetry-go-contrib,otelconf/v0.17.0,Transitive Dependency,Apache License 2.0,PERMISSIVE,NOT_REVIEWED,a46d3402-e0f0-420c-8e15-b8c8056d5d51,21cd6d1e-4bc2-4769-a04c-5688b3135040,7cae335f-1193-421e-92f1-8802b4243e93
1017,opencontainers/image-spec,v1.1.1,Transitive Dependency,Apache License 2.0,PERMISSIVE,NOT_REVIEWED,f3de5278-216e-45c6-863a-a948c5bcafad,bedcb2f4-cb57-45a0-8601-7aea4b23e913,7cae335f-1193-421e-92f1-8802b4243e93
1018,opentelemetry-collector,component/componentstatus/v0.133.0,Transitive Dependency,Apache License 2.0,PERMISSIVE,NOT_REVIEWED,b639c17f-705b-4f17-8e0f-9d51a0e193a1,5dece097-7ba5-4a8d-a042-36d20a8dc85d,7cae335f-1193-421e-92f1-8802b4243e93
1019,opentelemetry-collector,component/componenttest/v0.154.0,Transitive Dependency,Apache License 2.0,PERMISSIVE,NOT_REVIEWED,b639c17f-705b-4f17-8e0f-9d51a0e193a1,3a6d166f-f19c-41c6-88aa-8b733af88474,7cae335f-1193-421e-92f1-8802b4243e93
1020,opentelemetry-collector,component/v1.63.0,Transitive Dependency,Apache License 2.0,PERMISSIVE,NOT_REVIEWED,b639c17f-705b-4f17-8e0f-9d51a0e193a1,581ce755-efcc-42ef-a908-29c379441e7a,7cae335f-1193-421e-92f1-8802b4243e93
1021,opentelemetry-collector,confmap/xconfmap/v0.157.0,Transitive Dependency,Apache License 2.0,PERMISSIVE,NOT_REVIEWED,b639c17f-705b-4f17-8e0f-9d51a0e193a1,eee90983-01ca-4abc-bb63-7ed4af91120b,7cae335f-1193-421e-92f1-8802b4243e93
1022,opentelemetry-collector,consumer/consumertest/v0.133.0,Transitive Dependency,Apache License 2.0,PERMISSIVE,NOT_REVIEWED,b639c17f-705b-4f17-8e0f-9d51a0e193a1,df8479f7-5b66-4a52-a8d2-8cefd5a51e0a,7cae335f-1193-421e-92f1-8802b4243e93
1023,opentelemetry-collector,consumer/v1.63.0,Transitive Dependency,Apache License 2.0,PERMISSIVE,NOT_REVIEWED,b639c17f-705b-4f17-8e0f-9d51a0e193a1,7e41f9b0-1bb3-4ab4-80d9-e8eea20a16e5,7cae335f-1193-421e-92f1-8802b4243e93
1024,opentelemetry-collector,consumer/xconsumer/v0.133.0,Transitive Dependency,Apache License 2.0,PERMISSIVE,NOT_REVIEWED,b639c17f-705b-4f17-8e0f-9d51a0e193a1,d331c908-a89c-40ed-9730-484291e05b7d,7cae335f-1193-421e-92f1-8802b4243e93
1025,opentelemetry-collector,featuregate/v1.63.0,Transitive Dependency,Apache License 2.0,PERMISSIVE,NOT_REVIEWED,b639c17f-705b-4f17-8e0f-9d51a0e193a1,84161427-65c6-42f9-9327-dfeff630815f,7cae335f-1193-421e-92f1-8802b4243e93
1026,opentelemetry-collector,internal/componentalias/v0.157.0,Transitive Dependency,Apache License 2.0,PERMISSIVE,NOT_REVIEWED,b639c17f-705b-4f17-8e0f-9d51a0e193a1,dbb93940-1e26-4eca-81ba-4e376d91e213,7cae335f-1193-421e-92f1-8802b4243e93
1027,opentelemetry-collector,internal/telemetry/v0.133.0,Transitive Dependency,Apache License 2.0,PERMISSIVE,NOT_REVIEWED,b639c17f-705b-4f17-8e0f-9d51a0e193a1,78e7f32b-c87d-4dc0-a6be-3405145835fa,7cae335f-1193-421e-92f1-8802b4243e93
1028,opentelemetry-collector,internal/testutil/v0.157.0,Transitive Dependency,Apache License 2.0,PERMISSIVE,NOT_REVIEWED,b639c17f-705b-4f17-8e0f-9d51a0e193a1,3d10ea41-c089-4813-8d59-4e723dfc7c54,7cae335f-1193-421e-92f1-8802b4243e93
1029,opentelemetry-collector,pdata/v1.63.0,Transitive Dependency,Apache License 2.0,PERMISSIVE,NOT_REVIEWED,b639c17f-705b-4f17-8e0f-9d51a0e193a1,e6608d7a-9d01-4fa8-80a0-1cb66b80fa65,7cae335f-1193-421e-92f1-8802b4243e93
1030,opentelemetry-collector,pipeline/v1.63.0,Transitive Dependency,Apache License 2.0,PERMISSIVE,NOT_REVIEWED,b639c17f-705b-4f17-8e0f-9d51a0e193a1,3ecfd18c-8c85-45ac-b50a-c0908ef25206,7cae335f-1193-421e-92f1-8802b4243e93
1031,opentelemetry-collector,processor/processorhelper/v0.133.0,Transitive Dependency,Apache License 2.0,PERMISSIVE,NOT_REVIEWED,b639c17f-705b-4f17-8e0f-9d51a0e193a1,55fa8db8-fc9d-4a4b-a8b2-3701a4089d81,7cae335f-1193-421e-92f1-8802b4243e93
1032,opentelemetry-collector,processor/processortest/v0.133.0,Transitive Dependency,Apache License 2.0,PERMISSIVE,NOT_REVIEWED,b639c17f-705b-4f17-8e0f-9d51a0e193a1,ff510fc6-0286-4411-81f0-0f6d8a56daca,7cae335f-1193-421e-92f1-8802b4243e93
1033,opentelemetry-collector,processor/v1.63.0,Transitive Dependency,Apache License 2.0,PERMISSIVE,NOT_REVIEWED,b639c17f-705b-4f17-8e0f-9d51a0e193a1,ef66dc00-0caa-4c18-8ccf-913d038bcd88,7cae335f-1193-421e-92f1-8802b4243e93
1034,opentelemetry-collector,processor/xprocessor/v0.133.0,Transitive Dependency,Apache License 2.0,PERMISSIVE,NOT_REVIEWED,b639c17f-705b-4f17-8e0f-9d51a0e193a1,c1ba6d0d-4e48-4844-8611-7a23f6ff1bf0,7cae335f-1193-421e-92f1-8802b4243e93
1035,opentelemetry-collector,semconv/v0.125.0,Transitive Dependency,Apache License 2.0,PERMISSIVE,NOT_REVIEWED,b639c17f-705b-4f17-8e0f-9d51a0e193a1,0805310f-1d91-4d23-bf90-112d1e802684,7cae335f-1193-421e-92f1-8802b4243e93
1036,opentelemetry-collector-contrib,internal/exp/metrics/v0.157.0,Transitive Dependency,Apache License 2.0,PERMISSIVE,NOT_REVIEWED,7c2f8170-25a2-4ebf-9a6d-65bc5940b745,30575399-a77c-4e20-89a2-6fad31d560fa,7cae335f-1193-421e-92f1-8802b4243e93
1037,opentelemetry-collector-contrib,pkg/pdatautil/v0.157.0,Transitive Dependency,Apache License 2.0,PERMISSIVE,NOT_REVIEWED,7c2f8170-25a2-4ebf-9a6d-65bc5940b745,35789b4c-ff89-4401-9b07-ea5ce1918b06,7cae335f-1193-421e-92f1-8802b4243e93
1038,opentelemetry-collector-contrib,pkg/sampling/v0.133.0,Transitive Dependency,Apache License 2.0,PERMISSIVE,NOT_REVIEWED,7c2f8170-25a2-4ebf-9a6d-65bc5940b745,ec74f64b-fd7b-48f0-8481-364f8eb8c565,7cae335f-1193-421e-92f1-8802b4243e93
1039,opentelemetry-collector-contrib,processor/deltatocumulativeprocessor/v0.157.0,Transitive Dependency,Apache License 2.0,PERMISSIVE,NOT_REVIEWED,7c2f8170-25a2-4ebf-9a6d-65bc5940b745,3e02cbad-8d60-4a6d-9163-97a09aa8e65b,7cae335f-1193-421e-92f1-8802b4243e93
1040,opentelemetry-collector-contrib,processor/probabilisticsamplerprocessor/v0.133.0,Transitive Dependency,Apache License 2.0,PERMISSIVE,NOT_REVIEWED,7c2f8170-25a2-4ebf-9a6d-65bc5940b745,34f9485e-1f2f-4e97-9d07-cf7d086a1af1,7cae335f-1193-421e-92f1-8802b4243e93
1041,opentracing-contrib/go-stdlib,v1.1.1,Direct Dependency,Apache License 2.0,PERMISSIVE,NOT_REVIEWED,6fe513dd-8208-4f43-b703-ae394111a9dd,88b33b88-86f9-46f0-9bd9-9f72cad754a1,7cae335f-1193-421e-92f1-8802b4243e93
1042,opentracing-opentracing-go,v1.2.0,Direct Dependency,Apache License 2.0,PERMISSIVE,NOT_REVIEWED,ce424895-447c-4fbe-b79e-33662aff5dec,a6bd640f-71ca-4af4-bd24-7b65363b0bcd,7cae335f-1193-421e-92f1-8802b4243e93
1043,optionator,0.9.4,Transitive Dependency,MIT License,PERMISSIVE,NOT_REVIEWED,c5bd6ba0-e308-4493-a7e9-82507b40b213,3affcf8b-d0ab-4d15-bfb8-8778cf279baa,ad705c59-6893-4980-bdbf-0837f1823cc4
1044,ora,8.2.0,Transitive Dependency,MIT License,PERMISSIVE,NOT_REVIEWED,3a60da75-173c-479d-a81f-bf61b1613370,2ec338e2-5a6a-4fda-b2ec-c8fb893d92c5,ad705c59-6893-4980-bdbf-0837f1823cc4
1045,oracle/oci-go-sdk,v65.121.1,Transitive Dependency,(Universal Permissive License v1.0 OR Apache License 2.0),PERMISSIVE,NOT_REVIEWED,054cf17e-045d-42cb-8cf6-3252f035b133,140171cb-ece9-47b8-b2c0-9dfeb1ae9fcd,"7cae335f-1193-421e-92f1-8802b4243e93,bf4428db-83ae-41b0-8055-d62e5ff55bb4"
1046,os-browserify,0.2.1,Direct Dependency,MIT License,PERMISSIVE,NOT_REVIEWED,db441411-544b-4481-b740-ad809b03c016,f39f1334-edfd-4547-9f0e-d57173eaf50b,ad705c59-6893-4980-bdbf-0837f1823cc4
1047,outcaste-io/ristretto,v0.2.3,Transitive Dependency,Apache License 2.0,PERMISSIVE,NOT_REVIEWED,56b6721b-3b7f-4a2c-8ae5-9bb6310e02e0,45f7dee3-e0b5-43ce-ac0f-5195e72d909e,7cae335f-1193-421e-92f1-8802b4243e93
1048,outvariant,1.4.3,Transitive Dependency,MIT License,PERMISSIVE,NOT_REVIEWED,f0b29860-df0e-4105-bf08-e6b895d59baf,3b536fc1-4218-43f1-804c-57ea2aa30135,ad705c59-6893-4980-bdbf-0837f1823cc4
1049,p-try,2.2.0,Transitive Dependency,MIT License,PERMISSIVE,NOT_REVIEWED,c88b8cd1-693e-486b-9c6b-abc4879dd24c,8fa49fdd-bb6c-40a4-9c32-91d06df56cd4,ad705c59-6893-4980-bdbf-0837f1823cc4
1050,pac-resolver,7.0.1,Transitive Dependency,MIT License,PERMISSIVE,NOT_REVIEWED,809e834d-d0f0-458c-b2fe-eedaeeb8edbc,dce3fbfc-1087-4c6a-9b1a-5a52b84e86be,ad705c59-6893-4980-bdbf-0837f1823cc4
1051,package-manager-detector,1.6.0,Transitive Dependency,MIT License,PERMISSIVE,NOT_REVIEWED,2e2b2267-508f-4603-8b72-e07b3ef80067,d9a401c7-7b16-4b6c-9c4c-1f42b4c656f1,ad705c59-6893-4980-bdbf-0837f1823cc4
1052,pad-right,0.2.2,Transitive Dependency,MIT License,PERMISSIVE,NOT_REVIEWED,8ad587eb-07bd-4449-9804-ac0a59fcde2c,81d46584-e7d8-41c7-9ad7-796791d7167a,ad705c59-6893-4980-bdbf-0837f1823cc4
1053,parcel-bundler/lightningcss,1.32.0,Transitive Dependency,Mozilla Public License 2.0,WEAK_RECIPROCAL,NOT_REVIEWED,0a5489ea-9ea9-44af-ab19-f08b46d136f9,dfd710f3-6c77-44e8-9da3-32c60026c195,ce3dd63e-c569-4cea-986a-46bc5efe9896
1054,parcel-bundler/lightningcss,1.33.0,Transitive Dependency,Mozilla Public License 2.0,WEAK_RECIPROCAL,NOT_REVIEWED,0a5489ea-9ea9-44af-ab19-f08b46d136f9,d82aaa57-b9fc-42e3-8f90-119c0078a488,ce3dd63e-c569-4cea-986a-46bc5efe9896
1055,parse-json,8.3.0,Transitive Dependency,MIT License,PERMISSIVE,NOT_REVIEWED,4ebff1b2-f718-4669-8506-f07104adb5ef,d5b84263-1912-404c-90cc-a261c8f56bcd,ad705c59-6893-4980-bdbf-0837f1823cc4
1056,parse-json,v5.2.0,Transitive Dependency,MIT License,PERMISSIVE,NOT_REVIEWED,4ebff1b2-f718-4669-8506-f07104adb5ef,7f1cf402-1c42-4115-a1e3-4a5fe225524c,ad705c59-6893-4980-bdbf-0837f1823cc4
1057,parse-ms,4.0.0,Transitive Dependency,MIT License,PERMISSIVE,NOT_REVIEWED,bce13d55-7400-4d90-993f-2e82b266b3ee,9abcb946-1eeb-4323-958d-0e3dd52934c5,ad705c59-6893-4980-bdbf-0837f1823cc4
1058,path-data-parser,0.1.0,Transitive Dependency,MIT License,PERMISSIVE,NOT_REVIEWED,851799c7-5d02-4e70-98ec-5685fe05276b,f6b71bcc-3202-4522-9d93-327f0ddc8e47,ad705c59-6893-4980-bdbf-0837f1823cc4
1059,path-exists,4.0.0,Transitive Dependency,MIT License,PERMISSIVE,NOT_REVIEWED,4ab7b40a-0812-431b-a0e4-3a9fd55a2f80,427ad624-e782-4fb0-aa6a-66f579fc525c,ad705c59-6893-4980-bdbf-0837f1823cc4
1060,path-parse,1.0.7,Transitive Dependency,MIT License,PERMISSIVE,NOT_REVIEWED,9908f362-3522-4f6c-9ef1-d136ad1b38ae,7f344029-042c-4e1b-8f94-3e17bb7d779c,ad705c59-6893-4980-bdbf-0837f1823cc4
1061,pathval,2.0.1,Transitive Dependency,MIT License,PERMISSIVE,NOT_REVIEWED,8907370a-f039-43a7-8bb5-342885256137,34da2c40-c1ab-4e7c-bcea-cdcab2d76998,ad705c59-6893-4980-bdbf-0837f1823cc4
1062,pbnjay/memory,20210728-snapshot-7b4eea64,Transitive Dependency,"BSD 3-clause ""New"" or ""Revised"" License",PERMISSIVE,NOT_REVIEWED,81f70627-1b47-4d36-bb1e-4d5c25003c8b,05c04cf5-ae69-49ae-8a8c-062aa1e91e51,3d238144-44e6-450e-b523-3defbdaed9dc
1063,performance-now,2.1.0,Transitive Dependency,MIT License,PERMISSIVE,NOT_REVIEWED,8d0096dd-8308-4e39-87e9-70ae365dbc04,5048ad6e-dffc-410d-a2bb-00f7ab5656d9,ad705c59-6893-4980-bdbf-0837f1823cc4
1064,petermattis/goid,20260716-snapshot-a9b348f0,Transitive Dependency,Apache License 2.0,PERMISSIVE,NOT_REVIEWED,187d8938-34f5-441c-8617-45377dc2d6ea,76188011-df06-4286-814e-ad0d37458863,7cae335f-1193-421e-92f1-8802b4243e93
1065,picomatch,2.3.1,Transitive Dependency,MIT License,PERMISSIVE,NOT_REVIEWED,9508705d-e9dd-4cb7-8293-b14e472e4bb6,77dfe91f-3b18-46ac-8b6c-ade401ccf79f,ad705c59-6893-4980-bdbf-0837f1823cc4
1066,picomatch,2.3.2,Transitive Dependency,MIT License,PERMISSIVE,NOT_REVIEWED,9508705d-e9dd-4cb7-8293-b14e472e4bb6,1700408d-d4ca-4e00-8836-b4f02b7af241,ad705c59-6893-4980-bdbf-0837f1823cc4
1067,picomatch,4.0.3,Transitive Dependency,MIT License,PERMISSIVE,NOT_REVIEWED,9508705d-e9dd-4cb7-8293-b14e472e4bb6,20c6ac21-9a02-4d80-b0c5-0d2a0fa8d748,ad705c59-6893-4980-bdbf-0837f1823cc4
1068,picomatch,4.0.4,Transitive Dependency,MIT License,PERMISSIVE,NOT_REVIEWED,9508705d-e9dd-4cb7-8293-b14e472e4bb6,3ee9616d-3817-4b94-a444-9476f2f1b469,ad705c59-6893-4980-bdbf-0837f1823cc4
1069,picomatch,4.0.7,Transitive Dependency,MIT License,PERMISSIVE,NOT_REVIEWED,9508705d-e9dd-4cb7-8293-b14e472e4bb6,d6d0b71c-d3f0-4331-ab27-266094d2faee,ad705c59-6893-4980-bdbf-0837f1823cc4
1070,pify,2.3.0,Transitive Dependency,MIT License,PERMISSIVE,NOT_REVIEWED,48811bd9-bc1e-4730-a661-e52a04c015dd,59f19448-59ec-4e56-a241-ca2821a26148,ad705c59-6893-4980-bdbf-0837f1823cc4
1071,pkg/browser,20240102-snapshot-5ac0b6a4,Transitive Dependency,"BSD 2-clause ""Simplified"" License",PERMISSIVE,NOT_REVIEWED,22bdd5c3-7443-482d-a9db-d7d9da92e77f,8bb01798-59e0-4b36-a193-42a7d7dd8cec,cc875133-df38-4806-9921-473e0ef01a87
1072,pkg/errors,v0.9.1,Transitive Dependency,"BSD 2-clause ""Simplified"" License",PERMISSIVE,NOT_REVIEWED,388c0d45-4bce-4849-af71-7c01455d0e5b,53f04c37-067e-4597-a695-0b68ded07687,cc875133-df38-4806-9921-473e0ef01a87
1073,plotly.js,3.5.1,Direct Dependency,MIT License,PERMISSIVE,NOT_REVIEWED,f92eb157-5abc-4327-a45b-24eb2878e25e,b8285527-8c78-45ac-a149-0a2e6eda7de4,ad705c59-6893-4980-bdbf-0837f1823cc4
1074,points-on-path,0.2.1,Transitive Dependency,MIT License,PERMISSIVE,NOT_REVIEWED,395b3d9e-6632-41c7-a4e2-ee5502cbcb75,664f7f95-658d-4cd4-8503-51ec4e7bf050,ad705c59-6893-4980-bdbf-0837f1823cc4
1075,pongo2,v4.0.2,Transitive Dependency,MIT License,PERMISSIVE,NOT_REVIEWED,6c5ea1d6-8f89-40b7-9042-9b34ffb12551,3328a060-4dbe-43b7-bb48-768ac2a734ab,ad705c59-6893-4980-bdbf-0837f1823cc4
1076,posener/complete,v1.2.3,Transitive Dependency,MIT License,PERMISSIVE,NOT_REVIEWED,66d550aa-f164-4904-8af5-c05aac5e87ab,75e6f091-ab35-433c-b965-6bc4ad525c36,ad705c59-6893-4980-bdbf-0837f1823cc4
1077,postcss-load-config,3.1.4,Transitive Dependency,MIT License,PERMISSIVE,NOT_REVIEWED,3ae0de7b-5c06-4bee-bccb-e4b6db015f30,f4b3f05f-a923-4838-9da4-6b373a4a079e,ad705c59-6893-4980-bdbf-0837f1823cc4
1078,postcss-load-config,6.0.1,Direct Dependency,MIT License,PERMISSIVE,NOT_REVIEWED,3ae0de7b-5c06-4bee-bccb-e4b6db015f30,85e5491d-3c11-4035-bfa7-d1b88623b445,ad705c59-6893-4980-bdbf-0837f1823cc4
1079,postcss-loader,7.3.2,Direct Dependency,MIT License,PERMISSIVE,NOT_REVIEWED,6e475452-e4cd-47c5-a707-0f1ee7bd0482,7361ea9e-1162-4f97-a05f-a2c634cccedb,ad705c59-6893-4980-bdbf-0837f1823cc4
1080,postcss-scss,4.0.9,Transitive Dependency,MIT License,PERMISSIVE,NOT_REVIEWED,10d0fc94-297a-45cf-bf69-bcf60b966802,2dd089ff-67b6-4e6c-a92f-d85ad6e0a169,ad705c59-6893-4980-bdbf-0837f1823cc4
1081,postcss-selector-parser,6.1.2,Transitive Dependency,MIT License,PERMISSIVE,NOT_REVIEWED,2756a7ac-3598-448b-b4ea-a8dafa601073,48d83806-25c6-40bb-9dac-927f18cd03fa,ad705c59-6893-4980-bdbf-0837f1823cc4
1082,postcss-selector-parser,7.1.1,Transitive Dependency,MIT License,PERMISSIVE,NOT_REVIEWED,2756a7ac-3598-448b-b4ea-a8dafa601073,e85833be-00ab-46fb-a0ee-5c98d81cad12,ad705c59-6893-4980-bdbf-0837f1823cc4
1083,postcss-selector-parser,7.1.6,Transitive Dependency,MIT License,PERMISSIVE,NOT_REVIEWED,2756a7ac-3598-448b-b4ea-a8dafa601073,57c037d6-2a4b-4184-ab21-8748116b336d,ad705c59-6893-4980-bdbf-0837f1823cc4
1084,postcss-value-parser,4.2.0,Transitive Dependency,MIT License,PERMISSIVE,NOT_REVIEWED,337eff2e-b5c9-4570-a24e-1d799d3c6466,01f88747-c0fe-47fc-9a16-53e00a933bbe,ad705c59-6893-4980-bdbf-0837f1823cc4
1085,powershell-utils,0.1.0,Transitive Dependency,MIT License,PERMISSIVE,NOT_REVIEWED,c4079644-85ec-4463-8ecb-75662af7d31c,86b434d5-1222-48cf-8f05-f7ae4a5291f7,ad705c59-6893-4980-bdbf-0837f1823cc4
1086,pquerna-otp,v1.5.0,Direct Dependency,Apache License 2.0,PERMISSIVE,NOT_REVIEWED,f45da70f-e932-4fdf-ad3e-5d1f92ec559c,1138f7e2-471e-4662-899a-3d011863255f,7cae335f-1193-421e-92f1-8802b4243e93
1087,prelude-ls,1.2.1,Transitive Dependency,MIT License,PERMISSIVE,NOT_REVIEWED,95c7278e-0c3c-4e0b-aa8a-01e955e0b2b1,e402fc28-bc18-412c-8b33-01b095b017fc,ad705c59-6893-4980-bdbf-0837f1823cc4
1088,pretty-format,27.5.1,Transitive Dependency,MIT License,PERMISSIVE,NOT_REVIEWED,f5acbd4a-d045-4542-a19e-b7a33554d4a0,6e715955-ef8a-473b-900d-d1925d346368,ad705c59-6893-4980-bdbf-0837f1823cc4
1089,pretty-ms,9.3.0,Transitive Dependency,MIT License,PERMISSIVE,NOT_REVIEWED,8e89e694-c270-4abf-8c85-d87555b490db,5ac9e82d-7810-4a12-bff1-39c679b66a54,ad705c59-6893-4980-bdbf-0837f1823cc4
1090,prometheus-common,assets/v0.2.0,Transitive Dependency,Apache License 2.0,PERMISSIVE,NOT_REVIEWED,399ba8e6-0419-4d36-81ef-754f8a32bdf0,b6c065d8-2086-4335-9065-ad8c829aabe1,7cae335f-1193-421e-92f1-8802b4243e93
1091,prometheus-common,v0.70.1,Direct Dependency,Apache License 2.0,PERMISSIVE,NOT_REVIEWED,399ba8e6-0419-4d36-81ef-754f8a32bdf0,c5060d96-53bf-49f0-aed5-8a69a8a26f47,7cae335f-1193-421e-92f1-8802b4243e93
1092,prometheus/prometheus,v0.314.0,Direct Dependency,Apache License 2.0,PERMISSIVE,NOT_REVIEWED,04b82d3f-8119-4a41-bfb6-e71168773767,7c2d9bd6-6d23-4584-833c-968e130510ff,7cae335f-1193-421e-92f1-8802b4243e93
1093,prompts,2.4.2,Transitive Dependency,MIT License,PERMISSIVE,NOT_REVIEWED,1ad49c11-156f-4afb-af9e-75730629b989,a04d16a6-94ee-4642-94bd-edbed2f351ff,ad705c59-6893-4980-bdbf-0837f1823cc4
1094,property-expr,2.0.6,Transitive Dependency,MIT License,PERMISSIVE,NOT_REVIEWED,cad7a867-4222-4fa9-9c38-05f8f22370ac,285c9cb7-ebb4-4bf8-a791-fb62441f3cb4,ad705c59-6893-4980-bdbf-0837f1823cc4
1095,proxy-addr,2.0.7,Transitive Dependency,MIT License,PERMISSIVE,NOT_REVIEWED,9e311894-acbd-4302-bec0-5a131ffb56f7,f678565a-ca19-4eaf-bed7-ca5c49231ed1,ad705c59-6893-4980-bdbf-0837f1823cc4
1096,proxy-agent,6.5.0,Transitive Dependency,MIT License,PERMISSIVE,NOT_REVIEWED,c4faff1f-1450-4b6a-b56b-93b204edb100,e8dca58f-e983-468a-9e7e-c20d16ca9ad6,ad705c59-6893-4980-bdbf-0837f1823cc4
1097,psf-requests,2.31.0,Direct Dependency,Apache License 2.0,PERMISSIVE,NOT_REVIEWED,bae8af37-9432-44a7-9e28-a086c1a7ccfd,7be5c0a4-0971-4fd6-b537-d4e3e05adfa1,7cae335f-1193-421e-92f1-8802b4243e93
1098,puppeteer,23.11.1,Transitive Dependency,Apache License 2.0,PERMISSIVE,NOT_REVIEWED,225643e8-f692-4ea3-90a3-2a39be73c45d,fc038ab8-9342-4112-adfb-bfac7bb6bdd7,7cae335f-1193-421e-92f1-8802b4243e93
1099,puppeteer,24.43.1,Direct Dependency,Apache License 2.0,PERMISSIVE,NOT_REVIEWED,225643e8-f692-4ea3-90a3-2a39be73c45d,e4647da6-94f5-4dd8-b72a-fdeb5c94102f,7cae335f-1193-421e-92f1-8802b4243e93
1100,puppeteer-core,23.11.1,Transitive Dependency,Apache License 2.0,PERMISSIVE,NOT_REVIEWED,670bf985-761b-463a-b517-5c70e09b099f,bb15b935-00cd-49c2-8d8a-d25add5a1529,7cae335f-1193-421e-92f1-8802b4243e93
1101,pure-rand,6.1.0,Transitive Dependency,MIT License,PERMISSIVE,NOT_REVIEWED,be43a7c1-2041-4059-a1f0-3677de023228,2c1b4182-ee1d-43da-bae1-f2c8cfee9683,ad705c59-6893-4980-bdbf-0837f1823cc4
1102,python-dotenv,1.0.0,Direct Dependency,"BSD 3-clause ""New"" or ""Revised"" License",PERMISSIVE,NOT_REVIEWED,aabed163-717d-4fb4-ae8c-1d4a611e99f0,c9db1766-5afe-410f-ab85-c70c1ecb9918,3d238144-44e6-450e-b523-3defbdaed9dc
1103,quic-go/quic-go,v0.60.0,Transitive Dependency,MIT License,PERMISSIVE,NOT_REVIEWED,0145af1a-3b69-4d09-aa71-cdaf34e20248,42c17c8e-0375-4d5b-80b3-3aa492d40b13,ad705c59-6893-4980-bdbf-0837f1823cc4
1104,quick-format-unescaped,4.0.4,Transitive Dependency,MIT License,PERMISSIVE,NOT_REVIEWED,d9ab27be-86c9-4206-993d-cb5314b82573,77cbe6fe-048a-4e32-a94a-e407f802eceb,ad705c59-6893-4980-bdbf-0837f1823cc4
1105,quote-unquote,1.0.0,Transitive Dependency,MIT License,PERMISSIVE,NOT_REVIEWED,59b73fd6-4983-4445-bfc0-d08920d03011,bba1e6e7-9f28-45a9-b523-bee4ca0ed7f5,ad705c59-6893-4980-bdbf-0837f1823cc4
1106,ragas,0.3.9,Direct Dependency,Apache License 2.0,PERMISSIVE,NOT_REVIEWED,9213d1b1-525c-4997-b056-c63e13de4c21,f2e5ae00-268b-4c7c-a733-5fed79aab04b,7cae335f-1193-421e-92f1-8802b4243e93
1107,raw-loader,4.0.2,Direct Dependency,MIT License,PERMISSIVE,NOT_REVIEWED,96273958-b98b-4e30-83c3-b24e1d6da00f,82adc13e-cee0-4d02-a43e-628156cf6917,ad705c59-6893-4980-bdbf-0837f1823cc4
1108,react-grid-layout,1.3.4,Direct Dependency,MIT License,PERMISSIVE,NOT_REVIEWED,92749eaf-0080-40bc-911a-3a013e2e5449,c220b382-56f7-4213-8eaa-6262fa1c3ffa,ad705c59-6893-4980-bdbf-0837f1823cc4
1109,react-hook-form,7.75.0,Direct Dependency,MIT License,PERMISSIVE,NOT_REVIEWED,4052e685-ac45-4818-a5df-653a7d175436,9caf2c3c-a4d4-4a7a-a7a2-9f31b8661fd0,ad705c59-6893-4980-bdbf-0837f1823cc4
1110,react-idle-timer,5.7.3,Direct Dependency,MIT License,PERMISSIVE,NOT_REVIEWED,013cf3e0-4cda-4b47-b25b-ef1f9008ccde,f28dccee-d3e0-4e94-9ec3-0d1e6431172d,ad705c59-6893-4980-bdbf-0837f1823cc4
1111,react-merge-refs,3.0.2,Direct Dependency,MIT License,PERMISSIVE,NOT_REVIEWED,55835275-ed56-4da9-aeb4-667d1ad9b772,8f12efda-724a-47bf-9d29-d302766c356c,ad705c59-6893-4980-bdbf-0837f1823cc4
1112,react-refresh,0.18.0,Transitive Dependency,MIT License,PERMISSIVE,NOT_REVIEWED,8b6404c7-9b71-4049-befa-df6fce765ac9,cdb32dec-60fd-4c04-a575-a1ecf23a50f7,ad705c59-6893-4980-bdbf-0837f1823cc4
1113,react-style-singleton,2.2.3,Transitive Dependency,MIT License,PERMISSIVE,NOT_REVIEWED,25a4cfd9-078b-44f4-af47-94e17fcc4580,d4423d7b-15e8-4194-a9a8-9d9f62dd2e3c,ad705c59-6893-4980-bdbf-0837f1823cc4
1114,react-test-renderer,18.2.0,Direct Dependency,MIT License,PERMISSIVE,NOT_REVIEWED,0e8b3662-9001-4363-8fd1-c8e5a9b5743b,111dea25-a369-4ac0-8abb-a1a94680aff9,ad705c59-6893-4980-bdbf-0837f1823cc4
1115,reacttraining/react-router,7.15.0,Transitive Dependency,MIT License,PERMISSIVE,NOT_REVIEWED,aad13d25-9938-4078-a8b7-7a2bdd4a685e,85dff205-85fb-43da-8317-5581c2668666,ad705c59-6893-4980-bdbf-0837f1823cc4
1116,readable-stream,4.7.0,Transitive Dependency,MIT License,PERMISSIVE,NOT_REVIEWED,009857b7-cc33-4192-bf97-bcfe47025828,14421f23-e8e9-42bb-bdb9-c348385e6345,ad705c59-6893-4980-bdbf-0837f1823cc4
1117,redent,3.0.0,Transitive Dependency,MIT License,PERMISSIVE,NOT_REVIEWED,7d03afaf-53d0-4a6d-a242-37a7f3228d08,3060bd37-7dc4-4e31-92e3-f311c27d1c0d,ad705c59-6893-4980-bdbf-0837f1823cc4
1118,redis/rueidis,v1.0.56,Transitive Dependency,Apache License 2.0,PERMISSIVE,NOT_REVIEWED,ffa84373-6fd0-4842-a9c7-b32b71958448,a2fbade7-286f-4b1d-bcb2-cb31c4d0205c,7cae335f-1193-421e-92f1-8802b4243e93
1119,reflect-metadata,0.2.2,Transitive Dependency,Apache License 2.0,PERMISSIVE,NOT_REVIEWED,53a117a4-7b1a-49c3-b505-2e9b7987cd6d,897101f1-fe8b-45a9-b592-a777d566e78e,7cae335f-1193-421e-92f1-8802b4243e93
1120,rehype-parse,10.0.1,Direct Dependency,MIT License,PERMISSIVE,NOT_REVIEWED,8f9147b1-6579-45fa-8fb3-9e559eadaa82,719df4cc-a5cb-445c-8548-94c024aec6d5,ad705c59-6893-4980-bdbf-0837f1823cc4
1121,remark-gfm,4.0.1,Direct Dependency,MIT License,PERMISSIVE,NOT_REVIEWED,342107da-4ea0-4ec8-a58e-9ca87719d8bf,854d7808-5e00-41ce-b7d9-93716f177f88,ad705c59-6893-4980-bdbf-0837f1823cc4
1122,require-and-forget,1.0.1,Transitive Dependency,MIT License,PERMISSIVE,NOT_REVIEWED,8a46d753-3a57-46f9-a453-2bfdce2170f1,95202e73-4232-45fa-ab82-7da6842bbe9e,ad705c59-6893-4980-bdbf-0837f1823cc4
1123,require-main-filename,2.0.0,Transitive Dependency,ISC License,PERMISSIVE,NOT_REVIEWED,ce4d3aa0-7e22-4582-a5a8-2b12e6e06b70,fd26c56f-fe13-4264-b355-3363e83c8577,14b0b50b-acd2-4fc8-ac65-3b15f9e58260
1124,reselect,5.2.0,Direct Dependency,MIT License,PERMISSIVE,NOT_REVIEWED,a724c580-2159-4c15-bf9f-69ef62745d7f,bd599c2a-e639-41c9-8bda-67869e351e85,ad705c59-6893-4980-bdbf-0837f1823cc4
1125,resize-observer-polyfill,1.5.1,Direct Dependency,MIT License,PERMISSIVE,NOT_REVIEWED,7f42b599-5f58-4813-81a0-733da606fd22,7e8c2c1c-b58b-480d-850b-43cd82d41f35,ad705c59-6893-4980-bdbf-0837f1823cc4
1126,resolve-dependency-path,4.0.1,Transitive Dependency,MIT License,PERMISSIVE,NOT_REVIEWED,f88d2684-5ad4-4493-baf8-220c84cdc2d0,ba5bb22d-6f61-4868-b7b7-4788893d10ab,ad705c59-6893-4980-bdbf-0837f1823cc4
1127,resolve-from,4.0.0,Transitive Dependency,MIT License,PERMISSIVE,NOT_REVIEWED,3d1df467-7a0a-417c-afac-e36d73a47434,45c41cdb-33ba-4a4b-83c5-584c4a6310f2,ad705c59-6893-4980-bdbf-0837f1823cc4
1128,restore-cursor,5.1.0,Transitive Dependency,MIT License,PERMISSIVE,NOT_REVIEWED,7f9bf729-c92e-4a95-a1c4-7b507a7acdcf,2f3cb1e4-5215-4122-a786-35d0f453e2f4,ad705c59-6893-4980-bdbf-0837f1823cc4
1129,reusify,1.1.0,Transitive Dependency,MIT License,PERMISSIVE,NOT_REVIEWED,e00db6d7-413b-43d3-ab88-f3fe5e461f0e,9418af61-7042-4a74-adaf-fc2781562015,ad705c59-6893-4980-bdbf-0837f1823cc4
1130,rodaine/table,v1.4.0,Direct Dependency,MIT License,PERMISSIVE,NOT_REVIEWED,18b995b1-81db-41d5-9f47-ccfe3895bc7f,d342f203-ee59-4086-9d89-87a77e231976,ad705c59-6893-4980-bdbf-0837f1823cc4
1131,rolldown,1.2.11,Transitive Dependency,MIT License,PERMISSIVE,NOT_REVIEWED,feefda37-b39b-4fc6-adcd-9b8dd46ff17a,d81e1b4c-635f-4cf5-8257-8fe77c7b1703,ad705c59-6893-4980-bdbf-0837f1823cc4
1132,rrweb-cssom,0.7.1,Transitive Dependency,MIT License,PERMISSIVE,NOT_REVIEWED,e014c98f-b1c5-439b-8151-b68a0b1ba491,31a004c1-cfb8-4c1c-a408-45d43919d86e,ad705c59-6893-4980-bdbf-0837f1823cc4
1133,rrweb-cssom,0.8.0,Transitive Dependency,MIT License,PERMISSIVE,NOT_REVIEWED,e014c98f-b1c5-439b-8151-b68a0b1ba491,3439a3ae-78d4-481a-86c4-4e2f3a37e018,ad705c59-6893-4980-bdbf-0837f1823cc4
1134,ruff,0.1.0,Direct Dependency,MIT License,PERMISSIVE,NOT_REVIEWED,15899c22-9165-42ac-b66e-0032c8398aad,e562c75e-9d9a-409b-98ab-0fb44705dd1f,ad705c59-6893-4980-bdbf-0837f1823cc4
1135,rw,1.3.3,Transitive Dependency,"BSD 3-clause ""New"" or ""Revised"" License",PERMISSIVE,NOT_REVIEWED,e8f671c8-aad1-4e68-80d1-18272e79cc87,a269a0d5-ac25-48b8-813e-3e3e4dea1c52,3d238144-44e6-450e-b523-3defbdaed9dc
1136,safe-buffer,5.2.1,Transitive Dependency,MIT License,PERMISSIVE,NOT_REVIEWED,4fe0a49d-954b-4e9d-aa2b-ef7c16385b38,507117d9-e777-4319-8d03-ef2c030cc58c,ad705c59-6893-4980-bdbf-0837f1823cc4
1137,safe-stable-stringify,2.5.0,Transitive Dependency,MIT License,PERMISSIVE,NOT_REVIEWED,f0c52b78-7c3c-4f77-994a-1e5a7d4d3d10,6ffadf4a-420d-48ba-93e8-e1f0292586ad,ad705c59-6893-4980-bdbf-0837f1823cc4
1138,safer-buffer,2.1.2,Transitive Dependency,MIT License,PERMISSIVE,NOT_REVIEWED,bafeb111-9a81-4cab-ac7a-13644b63544f,8dfa4ac0-a6f3-4875-b6f2-33a86bb71689,ad705c59-6893-4980-bdbf-0837f1823cc4
1139,samccone/chrome-trace-event,1.0.4,Transitive Dependency,MIT License,PERMISSIVE,NOT_REVIEWED,86662724-337c-4390-8355-13c81a78a8cc,8ec77b6f-81bc-45f4-afb8-37419b8342fc,ad705c59-6893-4980-bdbf-0837f1823cc4
1140,sarama,v1.38.1,Transitive Dependency,MIT License,PERMISSIVE,NOT_REVIEWED,fbf1bded-9616-4117-9bfe-4c8caa3ba99b,f0444b23-56ea-4f83-9473-b854313a378e,ad705c59-6893-4980-bdbf-0837f1823cc4
1141,sass,1.62.1,Direct Dependency,MIT License,PERMISSIVE,NOT_REVIEWED,cdd85b6b-e968-4dd2-b8a1-748159fffa08,b1872b4d-3363-4130-8bc6-092ec2df8f2f,ad705c59-6893-4980-bdbf-0837f1823cc4
1142,saxes,6.0.0,Transitive Dependency,MIT License,PERMISSIVE,NOT_REVIEWED,ed57ef2e-8b41-462f-9e8e-ba9e338d5a57,12b17940-6374-42d7-91b7-23d70a41f00b,ad705c59-6893-4980-bdbf-0837f1823cc4
1143,secure-systems-lab/go-securesystemslib,v0.11.0,Transitive Dependency,MIT License,PERMISSIVE,NOT_REVIEWED,5ae0dd08-6db1-4132-82b2-16cf527ad3f9,7b636246-e828-4f7f-8321-788e186583bf,ad705c59-6893-4980-bdbf-0837f1823cc4
1144,seelog,20180802-snapshot-f561c5e5,Transitive Dependency,"BSD 3-clause ""New"" or ""Revised"" License",PERMISSIVE,NOT_REVIEWED,228e1775-69fb-4666-a277-ecddae0b3266,73331089-1b18-4071-913b-dbbeced7f326,3d238144-44e6-450e-b523-3defbdaed9dc
1145,sendgrid/rest,v2.6.9,Direct Dependency,MIT License,PERMISSIVE,NOT_REVIEWED,69123f96-0bde-4211-a00f-df065bcd2298,841110e0-a9e7-4798-8cad-3e4dc3b71404,ad705c59-6893-4980-bdbf-0837f1823cc4
1146,sergi/go-diff,v1.4.0,Transitive Dependency,MIT License,PERMISSIVE,NOT_REVIEWED,e4dfc8c6-9e1e-417b-8af9-6a3e3eafd7f9,33f4d2f1-496e-413f-b839-ab1b5ea5760d,ad705c59-6893-4980-bdbf-0837f1823cc4
1147,set-function-name,2.0.2,Transitive Dependency,MIT License,PERMISSIVE,NOT_REVIEWED,a2bc8c59-3a2a-40bb-a5d7-8965a7a3d0d2,2176b312-d677-4810-bb29-9e62cd444b33,ad705c59-6893-4980-bdbf-0837f1823cc4
1148,setprototypeof,1.2.0,Transitive Dependency,ISC License,PERMISSIVE,NOT_REVIEWED,298b5495-1523-4f03-8d44-25492b31394b,b3ffe4d2-327c-4770-a497-20160760f4b9,14b0b50b-acd2-4fc8-ac65-3b15f9e58260
1149,shadcn,4.3.0,Direct Dependency,MIT License,PERMISSIVE,NOT_REVIEWED,33eb796e-a272-4832-9067-531e6cd7ce15,ce884886-100f-4784-8494-18fa8abe693b,ad705c59-6893-4980-bdbf-0837f1823cc4
1150,shelljs,0.10.0,Transitive Dependency,"BSD 3-clause ""New"" or ""Revised"" License",PERMISSIVE,NOT_REVIEWED,4e5c2fb1-d797-41ef-be52-b48e4670e966,ce767691-d0c9-4a13-a0dc-deaa4c5ef7fc,3d238144-44e6-450e-b523-3defbdaed9dc
1151,shurcooL/httpfs,20230704-snapshot-f1e31cf0,Transitive Dependency,MIT License,PERMISSIVE,NOT_REVIEWED,3ed3b72a-e723-4661-b324-8e623e23c498,eccbcb87-8c61-42c1-bc70-a177994fb32f,ad705c59-6893-4980-bdbf-0837f1823cc4
1152,sigs.k8s.io/controller-runtime,v0.24.1,Direct Dependency,Apache License 2.0,PERMISSIVE,NOT_REVIEWED,6d1fc2ab-23c3-4b18-bfc4-24ea174f6f5b,e9e0d654-8c52-4850-99b0-8e4520231688,7cae335f-1193-421e-92f1-8802b4243e93
1153,sigs.k8s.io/json,20250730-snapshot-2d320260,Transitive Dependency,Apache License 2.0,PERMISSIVE,NOT_REVIEWED,82c6bcba-bcc2-4e13-866b-1c7ee522f066,c4224561-20cb-458a-a9c8-c8fabc2c3459,7cae335f-1193-421e-92f1-8802b4243e93
1154,sisteransi,1.0.5,Transitive Dependency,MIT License,PERMISSIVE,NOT_REVIEWED,5c64fd2b-aeca-4f11-bc2a-b84fc0670d8d,a0a308e5-0c97-431c-87a5-22880b6b28c9,ad705c59-6893-4980-bdbf-0837f1823cc4
1155,slice-ansi,7.1.2,Transitive Dependency,MIT License,PERMISSIVE,NOT_REVIEWED,df37af41-5b6e-45b8-aa47-c332fd34618d,e09c7385-cd46-437d-a6a4-604d3b653ad2,ad705c59-6893-4980-bdbf-0837f1823cc4
1156,slice-ansi,8.0.0,Transitive Dependency,MIT License,PERMISSIVE,NOT_REVIEWED,df37af41-5b6e-45b8-aa47-c332fd34618d,92501a3f-6057-4035-8685-43d1d3e6b117,ad705c59-6893-4980-bdbf-0837f1823cc4
1157,smart-buffer,4.2.0,Transitive Dependency,MIT License,PERMISSIVE,NOT_REVIEWED,837d78d4-d6d6-45ee-b09b-82089d7ebed1,65f3413d-493f-4c95-982c-c63ee21fb361,ad705c59-6893-4980-bdbf-0837f1823cc4
1158,socks,2.8.7,Transitive Dependency,MIT License,PERMISSIVE,NOT_REVIEWED,f0012b1b-f0f1-415f-a110-07bf2a53b927,f96fc57a-c55b-4df4-a838-32f25edbba92,ad705c59-6893-4980-bdbf-0837f1823cc4
1159,socks-proxy-agent,8.0.5,Transitive Dependency,MIT License,PERMISSIVE,NOT_REVIEWED,d2d0f045-38ad-45ce-8da8-be9dd1fe912e,cd9bc67e-fedd-4adc-a253-c207581a83be,ad705c59-6893-4980-bdbf-0837f1823cc4
1160,sosodev/duration,v1.3.1,Transitive Dependency,MIT License,PERMISSIVE,NOT_REVIEWED,96dcd0da-ebcf-47fc-804b-902ee5fc0ace,8fd0730d-9aac-4a1a-aefb-898bdbb706b1,ad705c59-6893-4980-bdbf-0837f1823cc4
1161,spdx-expression-parse.js,3.0.1,Transitive Dependency,MIT License,PERMISSIVE,NOT_REVIEWED,6282b633-3142-4cab-b5c7-0c223900d12e,08abf6cd-a4e5-4fbb-9293-da6ef70fdf21,ad705c59-6893-4980-bdbf-0837f1823cc4
1162,spec-change,1.11.21,Transitive Dependency,MIT License,PERMISSIVE,NOT_REVIEWED,b05e85b4-9980-4a9a-b544-51dad10d60a0,554760a8-7466-445b-a813-a55cfb2b999c,ad705c59-6893-4980-bdbf-0837f1823cc4
1163,spf13-afero,v1.15.0,Transitive Dependency,Apache License 2.0,PERMISSIVE,NOT_REVIEWED,43df3dae-7701-42c8-8626-ca3f7c9e5930,a175a0e2-e0f8-4f4e-bc1c-35480aba50f6,7cae335f-1193-421e-92f1-8802b4243e93
1164,spf13-cast,v1.10.0,Transitive Dependency,MIT License,PERMISSIVE,NOT_REVIEWED,519e5743-1830-4d99-a7cb-a262221acfbb,eea8b7ab-0b2a-469f-85fe-f8e7a8ff0d09,ad705c59-6893-4980-bdbf-0837f1823cc4
1165,spf13-cobra,1.10.2,Direct Dependency,Apache License 2.0,PERMISSIVE,NOT_REVIEWED,01b58af6-4fea-4850-a865-f04907645f91,3cbb8926-d0cc-49fd-b738-057b48f297d7,7cae335f-1193-421e-92f1-8802b4243e93
1166,spiffe/go-spiffe,v2.8.1,Transitive Dependency,Apache License 2.0,PERMISSIVE,NOT_REVIEWED,5bbfcbcd-69ba-488c-8350-a878b2862ffc,0f61f91a-23a6-4d31-82ab-4a2d0a46663c,7cae335f-1193-421e-92f1-8802b4243e93
1167,split,1.0.1,Transitive Dependency,MIT License,PERMISSIVE,NOT_REVIEWED,d9d0ef63-1c7e-435a-b72f-999b25dd070d,2bf285e5-1bec-4daa-ab35-839916e6df57,ad705c59-6893-4980-bdbf-0837f1823cc4
1168,split.js,1.6.5,Direct Dependency,MIT License,PERMISSIVE,NOT_REVIEWED,8a7f9457-0932-4865-9985-fd5842df738c,7d602ccc-4182-47c3-8a57-71649c7457ac,ad705c59-6893-4980-bdbf-0837f1823cc4
1169,sqlx,v1.3.5,Transitive Dependency,MIT License,PERMISSIVE,NOT_REVIEWED,2d2b9b72-3539-41e8-ac43-76b3788a038b,ac5fd9ff-1205-4b16-99cd-e0c505ae59e7,ad705c59-6893-4980-bdbf-0837f1823cc4
1170,stackback,0.0.2,Transitive Dependency,MIT License,PERMISSIVE,NOT_REVIEWED,446e47cd-b698-45ee-8d5d-9bafa601ac06,b22bcd50-ae86-448d-84c6-6b29b0be6788,ad705c59-6893-4980-bdbf-0837f1823cc4
1171,stackframe,1.3.4,Transitive Dependency,MIT License,PERMISSIVE,NOT_REVIEWED,39e79b39-d6e3-419f-84cc-06861b7a035d,f954a9b8-35e3-4333-8676-2aed05cfa11f,ad705c59-6893-4980-bdbf-0837f1823cc4
1172,std-env,3.10.0,Transitive Dependency,MIT License,PERMISSIVE,NOT_REVIEWED,09a9ac59-e3ea-4ef4-a3cc-e089911c7211,a7de6c09-47a8-4171-bf43-4924973ce631,ad705c59-6893-4980-bdbf-0837f1823cc4
1173,std-env,4.2.0,Transitive Dependency,MIT License,PERMISSIVE,NOT_REVIEWED,09a9ac59-e3ea-4ef4-a3cc-e089911c7211,e624dc53-823a-4d6e-8cb4-9cd55c81dc32,ad705c59-6893-4980-bdbf-0837f1823cc4
1174,stdin-discarder,0.2.2,Transitive Dependency,MIT License,PERMISSIVE,NOT_REVIEWED,ce39c7e2-09ba-4b60-905e-fcb754c66a04,bc2afa6d-3c4a-4f17-94c0-51ea47f68ba3,ad705c59-6893-4980-bdbf-0837f1823cc4
1175,storybookjs/storybook,8.5.2,Direct Dependency,MIT License,PERMISSIVE,NOT_REVIEWED,68ff2a8f-e12a-435c-b323-615af6082308,d930aefe-32e7-456a-9d76-ef1fa0f2f205,ad705c59-6893-4980-bdbf-0837f1823cc4
1176,strip-indent,v3.0.0,Transitive Dependency,MIT License,PERMISSIVE,NOT_REVIEWED,d0364644-276f-4adb-9082-fbba930c0e44,9f6f4eb4-68e8-4558-adbd-79f67fb34447,ad705c59-6893-4980-bdbf-0837f1823cc4
1177,strip-json-comments,3.1.1,Transitive Dependency,MIT License,PERMISSIVE,NOT_REVIEWED,ab3f4f23-87c3-4822-93f1-2fc7f1f4188a,ac928e08-b35b-4c6d-8153-aa4d88031d25,ad705c59-6893-4980-bdbf-0837f1823cc4
1178,stripe-stripe-go,v86.3.0,Direct Dependency,MIT License,PERMISSIVE,NOT_REVIEWED,0b58e696-41f8-4cf9-82f7-976abaa0174e,4e600380-dab1-477f-939f-1fae8beaec95,ad705c59-6893-4980-bdbf-0837f1823cc4
1179,style-loader,3.3.3,Direct Dependency,MIT License,PERMISSIVE,NOT_REVIEWED,58ea8c1c-088d-4f55-84fe-d20d2cd8fc3b,27aad721-3385-4040-940c-8092f81bcde2,ad705c59-6893-4980-bdbf-0837f1823cc4
1180,stylus-lookup,6.1.2,Transitive Dependency,MIT License,PERMISSIVE,NOT_REVIEWED,735436b9-edb8-40c4-a2ba-c64ee85d0d04,da690d16-5e62-41f2-a5e1-28590ed43818,ad705c59-6893-4980-bdbf-0837f1823cc4
1181,subosito/gotenv,v1.6.0,Transitive Dependency,MIT License,PERMISSIVE,NOT_REVIEWED,9a12c2e1-92b7-403e-9ebf-1cc583a52a43,37434c6c-e1a4-49d5-b199-b3f06ac3abab,ad705c59-6893-4980-bdbf-0837f1823cc4
1182,supports-preserve-symlinks-flag,1.0.0,Transitive Dependency,MIT License,PERMISSIVE,NOT_REVIEWED,ca23b937-23d6-41fc-a59b-5bd01c0d6587,75b8dbb2-29a5-424f-8ce1-d74a9b6db003,ad705c59-6893-4980-bdbf-0837f1823cc4
1183,svelte,5.57.1,Direct Dependency,MIT License,PERMISSIVE,NOT_REVIEWED,1270afe2-077a-4c54-9d91-4ab5167101c6,22122da1-4273-47e2-93f2-1aa590ff163f,ad705c59-6893-4980-bdbf-0837f1823cc4
1184,svelte-eslint-parser,1.8.1,Transitive Dependency,MIT License,PERMISSIVE,NOT_REVIEWED,b7a8e0c7-2068-4513-bfa8-278af72f7a58,9df798cd-d112-43ce-8aad-4b9634ebbab1,ad705c59-6893-4980-bdbf-0837f1823cc4
1185,svelte-sonner,1.2.1,Direct Dependency,MIT License,PERMISSIVE,NOT_REVIEWED,3e74c29a-218d-4c43-841f-b72a5b7df9ba,0bf97dbf-40c5-4126-b8f6-bb55df359d7f,ad705c59-6893-4980-bdbf-0837f1823cc4
1186,sveltekit-superforms,2.30.2,Direct Dependency,MIT License,PERMISSIVE,NOT_REVIEWED,9d5b0233-8089-42b5-ac7d-f267423e7179,60d6da52-1087-462f-a05e-ca5046cc632f,ad705c59-6893-4980-bdbf-0837f1823cc4
1187,svg-chunk-webpack-plugin,4.0.1,Direct Dependency,MIT License,PERMISSIVE,NOT_REVIEWED,e509a4b6-a7fc-4979-bc08-c17a3881890a,e4ec471d-b987-4444-8e5e-58c4b8edf482,ad705c59-6893-4980-bdbf-0837f1823cc4
1188,symbol-tree,3.2.4,Transitive Dependency,MIT License,PERMISSIVE,NOT_REVIEWED,7770637f-b65b-4e3b-b79a-7b8ebd397fde,ca6b8a5e-14cb-429f-a3c5-5ade08fa4841,ad705c59-6893-4980-bdbf-0837f1823cc4
1189,systeminformation,5.31.7,Transitive Dependency,MIT License,PERMISSIVE,NOT_REVIEWED,ae84f767-6759-4476-a23a-16715ba06df3,1af2a083-d9af-44e8-a1a4-1b52edbdeac4,ad705c59-6893-4980-bdbf-0837f1823cc4
1190,tagged-tag,1.0.0,Transitive Dependency,MIT License,PERMISSIVE,NOT_REVIEWED,e5ff306f-35f7-4626-bfd7-61f30b189f92,a5432c93-c86e-430c-8d94-fe00a40150ac,ad705c59-6893-4980-bdbf-0837f1823cc4
1191,tailwind-merge,3.5.0,Direct Dependency,MIT License,PERMISSIVE,NOT_REVIEWED,9efb7223-fd72-473e-8f85-83ab449b92af,45957e79-1240-496e-b6a3-557371483104,ad705c59-6893-4980-bdbf-0837f1823cc4
1192,tailwind-merge,3.7.0,Direct Dependency,MIT License,PERMISSIVE,NOT_REVIEWED,9efb7223-fd72-473e-8f85-83ab449b92af,08218722-2058-4650-ae43-b380a0bee8d6,ad705c59-6893-4980-bdbf-0837f1823cc4
1193,tailwind-variants,3.3.1,Direct Dependency,MIT License,PERMISSIVE,NOT_REVIEWED,f6544b88-96d7-4559-b5ca-539c11b15067,29105cd3-8080-4078-b057-b1e990777f98,ad705c59-6893-4980-bdbf-0837f1823cc4
1194,teex,1.0.1,Transitive Dependency,MIT License,PERMISSIVE,NOT_REVIEWED,1f576a01-c1a2-41d9-ad7c-9120681d65e1,896fbc81-d713-427b-8fbc-af082f3724f9,ad705c59-6893-4980-bdbf-0837f1823cc4
1195,terser,5.48.0,Transitive Dependency,"BSD 2-clause ""Simplified"" License",PERMISSIVE,NOT_REVIEWED,bece7dcf-5e8b-4300-89ad-1ec628d69320,afe332b7-45c2-4a0e-86aa-07478a972b43,cc875133-df38-4806-9921-473e0ef01a87
1196,terser-webpack-plugin,5.6.1,Transitive Dependency,MIT License,PERMISSIVE,NOT_REVIEWED,7c99cba9-1b0c-4f33-83f0-2697c98f5a33,61e76661-47a6-49c2-9702-4634a5abbd35,ad705c59-6893-4980-bdbf-0837f1823cc4
1197,text-decoder,1.2.7,Transitive Dependency,Apache License 2.0,PERMISSIVE,NOT_REVIEWED,79d94d75-1779-4644-a671-a9269bd35451,fc5165d7-d08e-483e-8e6d-dfe74d76726d,7cae335f-1193-421e-92f1-8802b4243e93
1198,thenify,3.3.1,Transitive Dependency,MIT License,PERMISSIVE,NOT_REVIEWED,1e01cda1-469d-4583-a3f3-0e5ed3b03b4d,702ab46d-468f-4098-9e3c-75e9b03473ed,ad705c59-6893-4980-bdbf-0837f1823cc4
1199,throttleit,1.0.1,Transitive Dependency,MIT License,PERMISSIVE,NOT_REVIEWED,dc91a041-86bb-4baa-8351-7d3fe4f56075,df6d8e2d-7337-40e9-ad58-36116698b1ef,ad705c59-6893-4980-bdbf-0837f1823cc4
1200,through,2.3.8,Transitive Dependency,(MIT License OR Apache License 2.0),PERMISSIVE,NOT_REVIEWED,81846dfd-c740-435d-a82b-0d3729e6c565,766133a5-48d9-4fd5-95bc-d767fdaca847,"ad705c59-6893-4980-bdbf-0837f1823cc4,7cae335f-1193-421e-92f1-8802b4243e93"
1201,tidwall/match,v1.1.1,Transitive Dependency,MIT License,PERMISSIVE,NOT_REVIEWED,70699a16-57f9-4159-b2ca-28fd60cdfd8c,50428700-47fd-41bd-88ce-92779f4aea93,ad705c59-6893-4980-bdbf-0837f1823cc4
1202,tiny-case,1.0.3,Transitive Dependency,MIT License,PERMISSIVE,NOT_REVIEWED,4baaf6f6-80d5-438a-bf1d-f629da754da8,4d9156ff-00f8-47d3-8ee2-a71463d0401a,ad705c59-6893-4980-bdbf-0837f1823cc4
1203,tiny-invariant,1.3.3,Transitive Dependency,MIT License,PERMISSIVE,NOT_REVIEWED,15e272b1-f9a5-4905-be60-16b8969c974c,dac5fc13-62e4-46c1-b554-3e8ea20656d5,ad705c59-6893-4980-bdbf-0837f1823cc4
1204,tinyexec,0.3.2,Transitive Dependency,MIT License,PERMISSIVE,NOT_REVIEWED,5d851c9d-6b2c-46ea-ab3d-1bdc968d1778,9f6d85b4-a56b-4816-8871-e1f114a70345,ad705c59-6893-4980-bdbf-0837f1823cc4
1205,tinyexec,1.0.4,Transitive Dependency,MIT License,PERMISSIVE,NOT_REVIEWED,5d851c9d-6b2c-46ea-ab3d-1bdc968d1778,7bf59042-6233-429c-8951-d4a46cc3fe92,ad705c59-6893-4980-bdbf-0837f1823cc4
1206,tinyexec,1.3.1,Transitive Dependency,MIT License,PERMISSIVE,NOT_REVIEWED,5d851c9d-6b2c-46ea-ab3d-1bdc968d1778,45cdd64c-3993-4088-8394-c25a514a60d8,ad705c59-6893-4980-bdbf-0837f1823cc4
1207,tinypool,1.1.1,Transitive Dependency,MIT License,PERMISSIVE,NOT_REVIEWED,bcdd1f77-357b-49a7-8438-6947f73eea34,ed643146-4e92-49eb-9ebc-b8069609a3c5,ad705c59-6893-4980-bdbf-0837f1823cc4
1208,tinyrainbow,1.2.0,Transitive Dependency,MIT License,PERMISSIVE,NOT_REVIEWED,75c8b61c-5689-4c7b-b22c-3be4e99c5bcb,5e83c3f8-9a7a-49ca-9421-a57456106c9b,ad705c59-6893-4980-bdbf-0837f1823cc4
1209,tinyrainbow,3.1.1,Transitive Dependency,MIT License,PERMISSIVE,NOT_REVIEWED,75c8b61c-5689-4c7b-b22c-3be4e99c5bcb,2bb4a872-ab9d-4605-afeb-f5981e345806,ad705c59-6893-4980-bdbf-0837f1823cc4
1210,tklauser/go-sysconf,v0.4.0,Transitive Dependency,"BSD 3-clause ""New"" or ""Revised"" License",PERMISSIVE,NOT_REVIEWED,bb8cb6f3-ecb8-43e5-9904-37db44aff56d,82889fbe-3472-419d-b440-c55ab6c2c7d8,3d238144-44e6-450e-b523-3defbdaed9dc
1211,tldts,6.1.86,Transitive Dependency,MIT License,PERMISSIVE,NOT_REVIEWED,3f7cb4af-5ada-4a6c-b39c-a3645b86b70f,15a8470d-8f09-4bea-975f-4c7918ea10b6,ad705c59-6893-4980-bdbf-0837f1823cc4
1212,tldts,7.0.28,Transitive Dependency,MIT License,PERMISSIVE,NOT_REVIEWED,3f7cb4af-5ada-4a6c-b39c-a3645b86b70f,dd8e0a69-bf79-4189-81dd-e54e46182208,ad705c59-6893-4980-bdbf-0837f1823cc4
1213,tmthrgd/go-hex,20190904-snapshot-447a3041,Transitive Dependency,"(BSD 2-clause ""Simplified"" License AND BSD 3-clause ""New"" or ""Revised"" License)",PERMISSIVE,NOT_REVIEWED,6754b6d2-2644-4ad0-86f3-38165c5991a4,c8ccb7d7-1bed-4407-90a6-7e5cdf9c3a3f,"3d238144-44e6-450e-b523-3defbdaed9dc,cc875133-df38-4806-9921-473e0ef01a87"
1214,tough-cookie,5.1.2,Transitive Dependency,"BSD 3-clause ""New"" or ""Revised"" License",PERMISSIVE,NOT_REVIEWED,aaafa54d-8cf5-4c74-9554-20756773f149,3d0e533c-d06b-4dc0-a709-0a7ab61dd629,3d238144-44e6-450e-b523-3defbdaed9dc
1215,tough-cookie,6.0.1,Transitive Dependency,"BSD 3-clause ""New"" or ""Revised"" License",PERMISSIVE,NOT_REVIEWED,aaafa54d-8cf5-4c74-9554-20756773f149,06264371-527d-4b82-948a-352a87200d5f,3d238144-44e6-450e-b523-3defbdaed9dc
1216,tr46,5.1.1,Transitive Dependency,MIT License,PERMISSIVE,NOT_REVIEWED,529ed352-8ed2-4641-8460-00372b3ef965,f8f0d70d-c956-4739-84af-d5d3d5925f75,ad705c59-6893-4980-bdbf-0837f1823cc4
1217,trivago/tgo,v1.0.7,Transitive Dependency,Apache License 2.0,PERMISSIVE,NOT_REVIEWED,8c95472b-6556-4c69-a653-9986880f8a56,104b16a3-6e56-4d39-820c-349e99191c9c,7cae335f-1193-421e-92f1-8802b4243e93
1218,ts-api-utils,2.5.0,Transitive Dependency,MIT License,PERMISSIVE,NOT_REVIEWED,320370d6-a7b6-48e0-ba6f-3d3903eadb46,3e4c4140-ac61-4002-bd7e-6bb182505f55,ad705c59-6893-4980-bdbf-0837f1823cc4
1219,ts-interface-checker,0.1.13,Transitive Dependency,Apache License 2.0,PERMISSIVE,NOT_REVIEWED,58bb9955-d448-4e89-8276-4d48ff3a0d87,cee61f9d-7df9-4946-b2e7-ace201000350,7cae335f-1193-421e-92f1-8802b4243e93
1220,tucnak-telebot,v3.3.8,Transitive Dependency,MIT License,PERMISSIVE,NOT_REVIEWED,d4c69dda-693c-418a-a5d2-209bbe453490,e5a69b3f-0495-4bd0-b967-fded3ae50082,ad705c59-6893-4980-bdbf-0837f1823cc4
1221,tv42/httpunix,20150427-snapshot-b75d8614,Transitive Dependency,MIT License,PERMISSIVE,NOT_REVIEWED,0b19b595-8a02-41c5-8a82-38b8e2a856b4,bc20097a-49de-477f-949c-e9fd1cbadacb,ad705c59-6893-4980-bdbf-0837f1823cc4
1222,type-check,0.4.0,Transitive Dependency,MIT License,PERMISSIVE,NOT_REVIEWED,6fbed59a-6d54-48d1-8d21-ae8467278969,7cb1f6e8-b35b-444d-b5f9-de7d20ac0cb1,ad705c59-6893-4980-bdbf-0837f1823cc4
1223,typebox,1.3.34,Transitive Dependency,MIT License,PERMISSIVE,NOT_REVIEWED,0b696d15-3c85-4509-a075-466b40880440,fc75a3ad-b584-402f-ad80-c0b1b3c30dfd,ad705c59-6893-4980-bdbf-0837f1823cc4
1224,typescript-eslint,8.59.2,Direct Dependency,MIT License,PERMISSIVE,NOT_REVIEWED,8213225b-d3d6-44d4-85c6-909b2cf1df43,22d4b389-e1d9-42b9-a006-35fefe44a367,ad705c59-6893-4980-bdbf-0837f1823cc4
1225,typescript-eslint,8.70.1,Direct Dependency,MIT License,PERMISSIVE,NOT_REVIEWED,8213225b-d3d6-44d4-85c6-909b2cf1df43,200822f3-319f-40b7-a605-6c0d212cd923,ad705c59-6893-4980-bdbf-0837f1823cc4
1226,ugorji's go,codec/v1.3.1,Transitive Dependency,MIT License,PERMISSIVE,NOT_REVIEWED,e5cba7f8-f5b5-4987-903e-036a8675c677,08011777-dc1c-475c-9b6d-d6023975a7f1,ad705c59-6893-4980-bdbf-0837f1823cc4
1227,un-ts/synckit,0.11.12,Transitive Dependency,MIT License,PERMISSIVE,NOT_REVIEWED,80c6e94d-c551-4486-a388-35251b3f619c,c66968ef-9399-4ef0-898b-71c46d078663,ad705c59-6893-4980-bdbf-0837f1823cc4
1228,undici,6.27.0,Transitive Dependency,MIT License,PERMISSIVE,NOT_REVIEWED,628f0270-71f0-4378-b6f7-180a270160f1,1ecdfebc-2cea-4877-bdef-0cb0a3d57c4d,ad705c59-6893-4980-bdbf-0837f1823cc4
1229,unified,11.0.5,Direct Dependency,MIT License,PERMISSIVE,NOT_REVIEWED,e0450e99-925b-4419-ae36-06b8922c996d,53298888-e41b-40f7-acea-e2891b5f9084,ad705c59-6893-4980-bdbf-0837f1823cc4
1230,untildify,4.0.0,Transitive Dependency,MIT License,PERMISSIVE,NOT_REVIEWED,82b0320b-ddb7-4f91-9ab5-9b1aceb69d78,25052367-6a80-41dc-8361-a19717c16735,ad705c59-6893-4980-bdbf-0837f1823cc4
1231,update-browserslist-db,1.2.3,Transitive Dependency,MIT License,PERMISSIVE,NOT_REVIEWED,9709150a-2524-4a9f-8b96-5bc5188a8277,a1baac94-95b9-4907-bb7f-ec201675abc3,ad705c59-6893-4980-bdbf-0837f1823cc4
1232,update-browserslist-db,1.3.3,Transitive Dependency,MIT License,PERMISSIVE,NOT_REVIEWED,9709150a-2524-4a9f-8b96-5bc5188a8277,1aee3f26-5b1d-4648-b64f-40155f6307d0,ad705c59-6893-4980-bdbf-0837f1823cc4
1233,uptrace/bunrouter,v1.0.23,Transitive Dependency,MIT License,PERMISSIVE,NOT_REVIEWED,7514da50-61e5-4c75-b5d5-a4bbf9412182,4c965f01-cc9a-4743-a485-29029be2eda9,ad705c59-6893-4980-bdbf-0837f1823cc4
1234,uri-js,4.4.1,Transitive Dependency,"BSD 2-clause ""Simplified"" License",PERMISSIVE,NOT_REVIEWED,32acb044-017d-45a6-b19d-227a7a4a537e,ab29df29-e10b-4067-85cc-5af08a119358,cc875133-df38-4806-9921-473e0ef01a87
1235,use-callback-ref,1.3.3,Transitive Dependency,MIT License,PERMISSIVE,NOT_REVIEWED,684f7018-dc86-45fb-9c7e-ef4f6ec1fe3e,b9053be6-a025-4f46-9c94-7f549dd62feb,ad705c59-6893-4980-bdbf-0837f1823cc4
1236,util-arity,1.1.0,Transitive Dependency,MIT License,PERMISSIVE,NOT_REVIEWED,a7f9c615-189c-4958-b5d7-8843616bf437,cfe8de03-0a80-4640-8530-98d09c783c94,ad705c59-6893-4980-bdbf-0837f1823cc4
1237,util-deprecate,1.0.2,Transitive Dependency,MIT License,PERMISSIVE,NOT_REVIEWED,a12ebbc1-7d1b-4bd4-bf7c-3ac986935752,31547c97-cd45-427a-aa1a-2e41235ed080,ad705c59-6893-4980-bdbf-0837f1823cc4
1238,uuid,11.1.0,Transitive Dependency,MIT License,PERMISSIVE,NOT_REVIEWED,9824e0ad-0f4a-49d3-bd3f-53ee2b06ce4f,2828b65c-a944-4c31-8064-5ebf6f4558aa,ad705c59-6893-4980-bdbf-0837f1823cc4
1239,uuid,13.0.2,Transitive Dependency,MIT License,PERMISSIVE,NOT_REVIEWED,9824e0ad-0f4a-49d3-bd3f-53ee2b06ce4f,9e58b7da-e1cb-4514-8aee-80168218e585,ad705c59-6893-4980-bdbf-0837f1823cc4
1240,uuid,8.3.2,Transitive Dependency,MIT License,PERMISSIVE,NOT_REVIEWED,9824e0ad-0f4a-49d3-bd3f-53ee2b06ce4f,da83b44e-537e-4fed-bc65-e7ec5ec2ba99,ad705c59-6893-4980-bdbf-0837f1823cc4
1241,valyala-fasthttp,v1.72.0,Transitive Dependency,MIT License,PERMISSIVE,NOT_REVIEWED,6d138e70-8d05-4443-836f-ceade66e4db8,f158a6aa-48b8-41d9-8dc2-122e4cc51248,ad705c59-6893-4980-bdbf-0837f1823cc4
1242,valyala/tcplisten,v1.0.0,Transitive Dependency,MIT License,PERMISSIVE,NOT_REVIEWED,e7ac7165-00b9-43e4-a592-6d70f5ad1113,ef3eaed1-702c-4522-8f82-bbd2bc813c55,ad705c59-6893-4980-bdbf-0837f1823cc4
1243,vary,1.1.2,Transitive Dependency,MIT License,PERMISSIVE,NOT_REVIEWED,b6d99d20-e7d5-437d-a23c-3f0bfce30470,64a95024-7018-48dd-9ddd-8e9847fc595d,ad705c59-6893-4980-bdbf-0837f1823cc4
1244,vite-node,2.1.9,Transitive Dependency,MIT License,PERMISSIVE,NOT_REVIEWED,98c2cd61-0ba0-4667-873a-95f69ac31a3c,f4b397c3-fb2f-4fca-9e6f-24f5c4f5ed0c,ad705c59-6893-4980-bdbf-0837f1823cc4
1245,vitefu,1.1.3,Transitive Dependency,MIT License,PERMISSIVE,NOT_REVIEWED,d3304610-32b6-4cf2-88df-e671a698b472,028b6995-e96a-4d6b-9d58-f822e61b998b,ad705c59-6893-4980-bdbf-0837f1823cc4
1246,vitest,2.1.9,Direct Dependency,MIT License,PERMISSIVE,NOT_REVIEWED,9b792107-9708-4220-ba9c-f53dbc4a9fe6,8473a5f5-406c-4630-b049-10b9aa4d5d8d,ad705c59-6893-4980-bdbf-0837f1823cc4
1247,vitest,4.1.11,"Direct Dependency,Transitive Dependency",MIT License,PERMISSIVE,NOT_REVIEWED,9b792107-9708-4220-ba9c-f53dbc4a9fe6,eb3be2ae-33d0-4884-9610-db67433b9651,ad705c59-6893-4980-bdbf-0837f1823cc4
1248,vitest-browser-svelte,3.1.0,Direct Dependency,MIT License,PERMISSIVE,NOT_REVIEWED,0f555149-04d7-445c-a286-e814be42d4ce,efc97796-3f6a-4c3f-8512-3e0fbba72c24,ad705c59-6893-4980-bdbf-0837f1823cc4
1249,vmihailenco/tagparser,v0.1.2,Transitive Dependency,"BSD 2-clause ""Simplified"" License",PERMISSIVE,NOT_REVIEWED,7e2a46ac-38cd-4f47-9785-2694261ce714,57857043-91fe-4ebf-945b-ebe117d62a58,cc875133-df38-4806-9921-473e0ef01a87
1250,vmihailenco/tagparser,v2.0.0,Transitive Dependency,"BSD 2-clause ""Simplified"" License",PERMISSIVE,NOT_REVIEWED,7e2a46ac-38cd-4f47-9785-2694261ce714,5dcc8024-7c40-417e-a1ef-b1be20123e26,cc875133-df38-4806-9921-473e0ef01a87
1251,vmware-labs/yaml-jsonpath,v0.3.2,Transitive Dependency,Apache License 2.0,PERMISSIVE,NOT_REVIEWED,d5249eac-6afc-4c9e-9ba9-0d7b1b342567,49cac418-20b3-47fa-896a-6b703e9e9197,7cae335f-1193-421e-92f1-8802b4243e93
1252,vscode-jsonrpc,8.2.0,Transitive Dependency,MIT License,PERMISSIVE,NOT_REVIEWED,e97bf189-02a4-47b1-811f-af79aabfcbdd,06329417-89d0-4340-80db-73a23016c7c7,ad705c59-6893-4980-bdbf-0837f1823cc4
1253,vscode-languageserver,9.0.1,Transitive Dependency,MIT License,PERMISSIVE,NOT_REVIEWED,52684094-e4b4-44ca-8e7c-89f89ba72e49,6ced0621-b884-44df-af99-99b723967603,ad705c59-6893-4980-bdbf-0837f1823cc4
1254,vscode-uri,3.1.0,Transitive Dependency,MIT License,PERMISSIVE,NOT_REVIEWED,91342146-541f-4c28-b361-675edc239f8f,435fa03a-d910-464c-8daf-b88a2861d1ee,ad705c59-6893-4980-bdbf-0837f1823cc4
1255,w3c-xmlserializer,5.0.0,Transitive Dependency,MIT License,PERMISSIVE,NOT_REVIEWED,f2d09cfb-7251-4050-b339-1cb3f4de855a,2c1f5f6e-0c44-4f02-b6c1-e2fdceb959dc,ad705c59-6893-4980-bdbf-0837f1823cc4
1256,watchpack,2.5.2,Transitive Dependency,MIT License,PERMISSIVE,NOT_REVIEWED,bb8fab39-b606-4621-9975-f77a7e56d951,a0e4cf8e-e5e4-4cb3-b27b-ca34987bf654,ad705c59-6893-4980-bdbf-0837f1823cc4
1257,web-streams-polyfill,3.3.3,Transitive Dependency,MIT License,PERMISSIVE,NOT_REVIEWED,d1b33181-2bba-41c0-9085-5b70e2862df1,0843ba89-6467-4354-9728-8e5ec5d882d9,ad705c59-6893-4980-bdbf-0837f1823cc4
1258,webpack-bundle-analyzer,5.2.0,Direct Dependency,MIT License,PERMISSIVE,NOT_REVIEWED,465542df-b6a4-42b5-babf-8f1b3d0b4336,613996f3-0529-4ffa-879d-7c83783bff0a,ad705c59-6893-4980-bdbf-0837f1823cc4
1259,webpack-cli,5.1.4,Direct Dependency,MIT License,PERMISSIVE,NOT_REVIEWED,a104f1b2-a4b8-49d6-a0f0-a8e47dca0938,9066b506-95c7-40a6-967c-b9a3389454c2,ad705c59-6893-4980-bdbf-0837f1823cc4
1260,webpack-dev-server,5.2.1,Direct Dependency,MIT License,PERMISSIVE,NOT_REVIEWED,d035776c-f7ac-4739-99da-1c0f008308e5,56c0317a-8eb9-41c7-8220-745999c266d6,ad705c59-6893-4980-bdbf-0837f1823cc4
1261,webpack-sources,3.5.0,Transitive Dependency,MIT License,PERMISSIVE,NOT_REVIEWED,4cb1511f-4d3e-425b-a65b-d0c11165a3cf,d6f5b80c-c191-43e8-9413-690ae64738c0,ad705c59-6893-4980-bdbf-0837f1823cc4
1262,whatwg-encoding,3.1.1,Transitive Dependency,MIT License,PERMISSIVE,NOT_REVIEWED,003caf2f-6255-4165-9f98-c8db8177bade,294b3d96-e05c-47bf-9171-2792746f992a,ad705c59-6893-4980-bdbf-0837f1823cc4
1263,whatwg-url,14.2.0,Transitive Dependency,MIT License,PERMISSIVE,NOT_REVIEWED,c459272a-1cdb-477d-9e67-0e06fdf45992,7ab3879f-837a-4ab1-b7c7-2415617b5077,ad705c59-6893-4980-bdbf-0837f1823cc4
1264,which-module,2.0.1,Transitive Dependency,ISC License,PERMISSIVE,NOT_REVIEWED,65c7ab30-b922-4909-a6af-f0c84c7d811e,12e2053e-cfb4-4be4-8956-1e0d109ade66,14b0b50b-acd2-4fc8-ac65-3b15f9e58260
1265,which-typed-array,1.1.22,Transitive Dependency,MIT License,PERMISSIVE,NOT_REVIEWED,43c3a5b9-4bee-4932-8363-55c1cf3e262a,e1d7c441-8885-42b3-817c-95236aafb71f,ad705c59-6893-4980-bdbf-0837f1823cc4
1266,whitequark/ipaddr.js,v1.9.1,Transitive Dependency,MIT License,PERMISSIVE,NOT_REVIEWED,4fe6e9f1-6df2-4d57-99b1-44ac7acc34fe,a45b9fe7-e684-4be7-9e2a-c47c34071388,ad705c59-6893-4980-bdbf-0837f1823cc4
1267,wrap-ansi,8.1.0,Transitive Dependency,MIT License,PERMISSIVE,NOT_REVIEWED,9dde2032-b050-4a98-b6bd-0b2830fe69f7,69c5e2f1-7839-444c-bdc2-9412e38942aa,ad705c59-6893-4980-bdbf-0837f1823cc4
1268,wrap-ansi,9.0.2,Transitive Dependency,MIT License,PERMISSIVE,NOT_REVIEWED,9dde2032-b050-4a98-b6bd-0b2830fe69f7,3fcf2808-f42b-4bc6-bf64-0a9ee68ca024,ad705c59-6893-4980-bdbf-0837f1823cc4
1269,wrap-ansi,v6.2.0,Transitive Dependency,MIT License,PERMISSIVE,NOT_REVIEWED,9dde2032-b050-4a98-b6bd-0b2830fe69f7,47c3fa6b-4823-4600-b741-d6632e3e13f4,ad705c59-6893-4980-bdbf-0837f1823cc4
1270,wrap-ansi,v7.0.0,Transitive Dependency,MIT License,PERMISSIVE,NOT_REVIEWED,9dde2032-b050-4a98-b6bd-0b2830fe69f7,21adb7b6-aa22-49b8-8286-220781480e29,ad705c59-6893-4980-bdbf-0837f1823cc4
1271,wrappy,1.0.2,Transitive Dependency,ISC License,PERMISSIVE,NOT_REVIEWED,cee8612c-fd14-435d-87d4-758ecde0cc39,ca7f5eee-bc6b-4788-b21b-9b411577ebad,14b0b50b-acd2-4fc8-ac65-3b15f9e58260
1272,wsl-utils,0.3.1,Transitive Dependency,MIT License,PERMISSIVE,NOT_REVIEWED,bb4a4f8e-ff1d-429a-9b5e-634602ebaf4f,d725d1a8-a61a-4723-a3a3-c75a8012ed08,ad705c59-6893-4980-bdbf-0837f1823cc4
1273,xdg-go/stringprep,v1.0.4,Transitive Dependency,Apache License 2.0,PERMISSIVE,NOT_REVIEWED,ebe2c958-bff6-46f3-8db9-9004501dcbe4,1685e326-fc88-45fa-9aa2-998c08056f03,7cae335f-1193-421e-92f1-8802b4243e93
1274,xhit/go-str2duration,v2.1.0,Transitive Dependency,"BSD 3-clause ""New"" or ""Revised"" License",PERMISSIVE,NOT_REVIEWED,885a73ab-ba75-4448-b14a-b5d0c4d92f06,10c86cc2-dc7e-4406-890a-2a83c3fb1a71,3d238144-44e6-450e-b523-3defbdaed9dc
1275,xlab/treeprint,v1.2.0,Transitive Dependency,MIT License,PERMISSIVE,NOT_REVIEWED,6d767378-27bc-4e27-8fd4-34b1084af944,c001530a-b8cd-45b2-a62c-30acd3cf29d7,ad705c59-6893-4980-bdbf-0837f1823cc4
1276,xmlbuilder2,4.0.3,Transitive Dependency,MIT License,PERMISSIVE,NOT_REVIEWED,41fcde52-07b0-426a-8e3e-e353bdb933f5,20c60dcd-8679-4d25-8b2b-ef089c91d47a,ad705c59-6893-4980-bdbf-0837f1823cc4
1277,y18n,4.0.3,Transitive Dependency,ISC License,PERMISSIVE,NOT_REVIEWED,84533bcd-a94b-44c6-bff3-c288a6c5af30,59f7c0e0-7b86-4cd6-93b1-0f8b2e98d10b,14b0b50b-acd2-4fc8-ac65-3b15f9e58260
1278,y18n,5.0.8,Transitive Dependency,ISC License,PERMISSIVE,NOT_REVIEWED,84533bcd-a94b-44c6-bff3-c288a6c5af30,757457fb-c312-45b4-adac-78443ec73a56,14b0b50b-acd2-4fc8-ac65-3b15f9e58260
1279,yaml for Go,v2.4.0,Transitive Dependency,Apache License 2.0,PERMISSIVE,NOT_REVIEWED,45badf4c-c022-42ba-b294-b7193a79b6b8,7385a3bc-2239-4e63-b93c-1676d3269a74,7cae335f-1193-421e-92f1-8802b4243e93
1280,yaml for Go,v3.0.1,Direct Dependency,(MIT License AND Apache License 2.0),PERMISSIVE,NOT_REVIEWED,45badf4c-c022-42ba-b294-b7193a79b6b8,5de17134-19f2-44cf-8bea-25d22c0ca4f9,"ad705c59-6893-4980-bdbf-0837f1823cc4,7cae335f-1193-421e-92f1-8802b4243e93"
1281,yannickcr/eslint-plugin-react,7.32.2,Direct Dependency,MIT License,PERMISSIVE,NOT_REVIEWED,5217c77f-8be3-499c-b2b5-94b1e42e504c,9156f536-e542-4f1b-907c-7e16828c3df2,ad705c59-6893-4980-bdbf-0837f1823cc4
1282,yargs-parser,21.1.1,Transitive Dependency,ISC License,PERMISSIVE,NOT_REVIEWED,eff58fb4-7229-40f7-9d9d-3b942fb5fb81,4804cb5b-e974-4a10-b2fa-54f71132c598,14b0b50b-acd2-4fc8-ac65-3b15f9e58260
1283,yargs-parser,v18.1.3,Transitive Dependency,ISC License,PERMISSIVE,NOT_REVIEWED,eff58fb4-7229-40f7-9d9d-3b942fb5fb81,0705855c-5222-4077-a08f-b81c7f5eb449,14b0b50b-acd2-4fc8-ac65-3b15f9e58260
1284,yargs-unparser,2.0.0,Transitive Dependency,MIT License,PERMISSIVE,NOT_REVIEWED,b6510d75-8370-4c68-93a3-f3a1dc57df22,ff88e4fe-68db-43de-9759-6612af320075,ad705c59-6893-4980-bdbf-0837f1823cc4
1285,yocto-queue,0.1.0,Transitive Dependency,MIT License,PERMISSIVE,NOT_REVIEWED,07519906-9936-45a8-bacf-d1feae677d69,5546772a-3719-4579-9fc6-d1d3ccf7d4d5,ad705c59-6893-4980-bdbf-0837f1823cc4
1286,yocto-spinner,1.1.0,Transitive Dependency,MIT License,PERMISSIVE,NOT_REVIEWED,79e9f645-c11a-42ae-b71e-fd87b8129bd0,3f06a58d-947a-40c0-a6e2-aaaf29bf88d1,ad705c59-6893-4980-bdbf-0837f1823cc4
1287,yoctocolors,2.1.2,Transitive Dependency,MIT License,PERMISSIVE,NOT_REVIEWED,d351af94-d827-4227-8568-b06192e5bf9c,5d9b7565-90d2-4025-854e-bfdfa1375d02,ad705c59-6893-4980-bdbf-0837f1823cc4
1288,yuin/goldmark,v1.8.5,Direct Dependency,MIT License,PERMISSIVE,NOT_REVIEWED,72389b5f-7d50-4c2d-95d5-b44736ffdc23,86b7b184-ffb0-4c6b-ad0b-50c0c3a678ad,ad705c59-6893-4980-bdbf-0837f1823cc4
1289,yup,1.7.1,Transitive Dependency,MIT License,PERMISSIVE,NOT_REVIEWED,36f78237-10de-40e1-9425-295a07a26aa2,b7cc6dbd-6aa3-4a6e-acc6-8fa6b934a973,ad705c59-6893-4980-bdbf-0837f1823cc4
1290,zeekay/highlight.js,10.7.3,Transitive Dependency,"BSD 3-clause ""New"" or ""Revised"" License",PERMISSIVE,NOT_REVIEWED,a6b476dc-934b-4078-8766-36a54e859ecb,9f8460c8-ff4d-41f3-a395-574e05af208c,3d238144-44e6-450e-b523-3defbdaed9dc
1291,zeekay/highlight.js,11.9.0,Direct Dependency,"BSD 3-clause ""New"" or ""Revised"" License",PERMISSIVE,NOT_REVIEWED,a6b476dc-934b-4078-8766-36a54e859ecb,5d090088-0448-4e61-bd8f-8c9ef8736c3a,3d238144-44e6-450e-b523-3defbdaed9dc
1292,zod,3.23.8,Transitive Dependency,MIT License,PERMISSIVE,NOT_REVIEWED,2034c861-f2c9-41f9-b228-b4a35cbb427c,cda4d99f-9836-425c-a48b-1a99a2897957,ad705c59-6893-4980-bdbf-0837f1823cc4
1293,zod,3.25.76,Transitive Dependency,MIT License,PERMISSIVE,NOT_REVIEWED,2034c861-f2c9-41f9-b228-b4a35cbb427c,78e6498c-81e0-4bbc-9b22-5075b3a01de6,ad705c59-6893-4980-bdbf-0837f1823cc4
1294,zod,4.4.3,Direct Dependency,MIT License,PERMISSIVE,NOT_REVIEWED,2034c861-f2c9-41f9-b228-b4a35cbb427c,15183c1d-0901-43da-a6e2-880c62fe5252,ad705c59-6893-4980-bdbf-0837f1823cc4
1295,zod,4.6.5,Direct Dependency,MIT License,PERMISSIVE,NOT_REVIEWED,2034c861-f2c9-41f9-b228-b4a35cbb427c,9ec57f28-41d0-43f5-9957-5544226246ba,ad705c59-6893-4980-bdbf-0837f1823cc4
1296,@actions/core,2.0.3,Transitive Dependency,MIT License,PERMISSIVE,NOT_REVIEWED,a8ca984e-a487-4246-853a-9b5bcd9398b4,f3281f08-5194-46a7-a38b-d118b7e29202,ad705c59-6893-4980-bdbf-0837f1823cc4
1297,@actions/exec,2.0.0,Transitive Dependency,MIT License,PERMISSIVE,NOT_REVIEWED,20e3209a-33c4-4941-9ef8-6ec13fb0f180,3aafafa4-2497-4896-9797-8e92819d9ba4,ad705c59-6893-4980-bdbf-0837f1823cc4
1298,@ark/util,0.56.4,Transitive Dependency,MIT License,PERMISSIVE,NOT_REVIEWED,c35b1f08-259e-44b5-aa4c-7987748a2579,9b326fc9-3779-4f13-9437-c61e29a3ca2b,ad705c59-6893-4980-bdbf-0837f1823cc4
1299,@babel/code-frame,7.29.0,Transitive Dependency,MIT License,PERMISSIVE,NOT_REVIEWED,e0589241-4783-48f7-843a-ba6d4fd3a225,d004f625-25cb-487d-8251-623642b4ac39,ad705c59-6893-4980-bdbf-0837f1823cc4
1300,@babel/code-frame,7.29.7,Transitive Dependency,MIT License,PERMISSIVE,NOT_REVIEWED,e0589241-4783-48f7-843a-ba6d4fd3a225,d240f3be-487e-4a9b-bd28-123e3d7ed28b,ad705c59-6893-4980-bdbf-0837f1823cc4
1301,@babel/compat-data,7.29.0,Transitive Dependency,MIT License,PERMISSIVE,NOT_REVIEWED,7a29265f-280b-498c-9b77-99c10eefef61,2badb45e-9d7a-49bb-b783-78fe5d2beace,ad705c59-6893-4980-bdbf-0837f1823cc4
1302,@babel/compat-data,7.29.7,Transitive Dependency,MIT License,PERMISSIVE,NOT_REVIEWED,7a29265f-280b-498c-9b77-99c10eefef61,9fd4ea5b-affa-4e52-a332-ecb35c5eec34,ad705c59-6893-4980-bdbf-0837f1823cc4
1303,@babel/generator,7.29.1,Transitive Dependency,MIT License,PERMISSIVE,NOT_REVIEWED,7a4eda02-c81b-4f8e-91b3-179f3ea8f7cb,bc17b4ca-3d83-4787-809b-98e6848a50e7,ad705c59-6893-4980-bdbf-0837f1823cc4
1304,@babel/generator,7.29.7,Transitive Dependency,MIT License,PERMISSIVE,NOT_REVIEWED,7a4eda02-c81b-4f8e-91b3-179f3ea8f7cb,601811cf-aae8-43b6-bfcf-906ecba7e680,ad705c59-6893-4980-bdbf-0837f1823cc4
1305,@babel/helper-annotate-as-pure,7.27.3,Transitive Dependency,MIT License,PERMISSIVE,NOT_REVIEWED,5a48e054-eb34-4c4e-9909-1ab148d6c26f,7e943f25-f394-4643-8f52-e35191102492,ad705c59-6893-4980-bdbf-0837f1823cc4
1306,@babel/helper-compilation-targets,7.28.6,Transitive Dependency,MIT License,PERMISSIVE,NOT_REVIEWED,fdc3a6df-768a-435a-9ef9-5e1553a6af2e,f2ce7d05-84b4-4c76-87fa-168496447266,ad705c59-6893-4980-bdbf-0837f1823cc4
1307,@babel/helper-compilation-targets,7.29.7,Transitive Dependency,MIT License,PERMISSIVE,NOT_REVIEWED,fdc3a6df-768a-435a-9ef9-5e1553a6af2e,04fc418a-8e11-46fd-ad65-e53741826519,ad705c59-6893-4980-bdbf-0837f1823cc4
1308,@babel/helper-create-class-features-plugin,7.28.6,Transitive Dependency,MIT License,PERMISSIVE,NOT_REVIEWED,ff492b47-2bda-4fca-b491-2c31365af5ae,179e15f8-f392-4973-9123-c13f937e3788,ad705c59-6893-4980-bdbf-0837f1823cc4
1309,@babel/helper-member-expression-to-functions,7.28.5,Transitive Dependency,MIT License,PERMISSIVE,NOT_REVIEWED,40909644-f461-4e7d-ae1b-027517b0b5db,f421ca0e-7cbb-4d60-abbf-9d959db6a1ca,ad705c59-6893-4980-bdbf-0837f1823cc4
1310,@babel/helper-module-imports,7.28.6,Transitive Dependency,MIT License,PERMISSIVE,NOT_REVIEWED,92d9424a-1e05-4392-858a-46df98d9e5ed,3374d58a-4f72-484d-8683-2ae0f0b492dd,ad705c59-6893-4980-bdbf-0837f1823cc4
1311,@babel/helper-module-imports,7.29.7,Transitive Dependency,MIT License,PERMISSIVE,NOT_REVIEWED,92d9424a-1e05-4392-858a-46df98d9e5ed,f6f9b5a8-a006-4955-94a5-ce76aa9291ad,ad705c59-6893-4980-bdbf-0837f1823cc4
1312,@babel/helper-module-transforms,7.28.6,Transitive Dependency,MIT License,PERMISSIVE,NOT_REVIEWED,387780b7-8c2a-43e7-9efd-e4240997fa2a,7c92cc3d-3c78-4082-84dc-bf1ed8cacc75,ad705c59-6893-4980-bdbf-0837f1823cc4
1313,@babel/helper-module-transforms,7.29.7,Transitive Dependency,MIT License,PERMISSIVE,NOT_REVIEWED,387780b7-8c2a-43e7-9efd-e4240997fa2a,ea344c70-3df0-45b0-b2bc-86fb169d57b9,ad705c59-6893-4980-bdbf-0837f1823cc4
1314,@babel/helper-optimise-call-expression,7.27.1,Transitive Dependency,MIT License,PERMISSIVE,NOT_REVIEWED,3f13705f-d723-4b19-a9e5-3ebd2c7536b7,0f91556d-41a2-4c3a-8b42-a2cde556df4e,ad705c59-6893-4980-bdbf-0837f1823cc4
1315,@babel/helper-validator-identifier,7.28.5,Transitive Dependency,MIT License,PERMISSIVE,NOT_REVIEWED,b8d2249f-f9ca-4eee-824f-4539d37faf9c,4bbe4512-c01e-4444-bb33-3076b95f0968,ad705c59-6893-4980-bdbf-0837f1823cc4
1316,@babel/helper-validator-identifier,7.29.7,Transitive Dependency,MIT License,PERMISSIVE,NOT_REVIEWED,b8d2249f-f9ca-4eee-824f-4539d37faf9c,decd51c2-cad2-49a8-aed7-34158957c23a,ad705c59-6893-4980-bdbf-0837f1823cc4
1317,@babel/helpers,7.29.2,Transitive Dependency,MIT License,PERMISSIVE,NOT_REVIEWED,f68fceee-c491-4bcc-970d-56ecb9149e27,6068cf29-1398-464d-9cad-71f54497d2ef,ad705c59-6893-4980-bdbf-0837f1823cc4
1318,@babel/helpers,7.29.7,Transitive Dependency,MIT License,PERMISSIVE,NOT_REVIEWED,f68fceee-c491-4bcc-970d-56ecb9149e27,be88774a-55db-4760-877d-33b25427d248,ad705c59-6893-4980-bdbf-0837f1823cc4
1319,@babel/plugin-syntax-jsx,7.28.6,Transitive Dependency,MIT License,PERMISSIVE,NOT_REVIEWED,4bec98c6-4aa2-4150-a673-bddb83a9a849,abfafdcb-1464-4663-a776-6c6d1d827539,ad705c59-6893-4980-bdbf-0837f1823cc4
1320,@babel/plugin-syntax-jsx,7.29.7,Transitive Dependency,MIT License,PERMISSIVE,NOT_REVIEWED,4bec98c6-4aa2-4150-a673-bddb83a9a849,8a95a4fc-ec22-4846-8eb5-cf0021035cdc,ad705c59-6893-4980-bdbf-0837f1823cc4
1321,@babel/plugin-syntax-typescript,7.28.6,Transitive Dependency,MIT License,PERMISSIVE,NOT_REVIEWED,0672278c-7756-447d-934f-f9c989198c90,18e6708a-38a2-4417-92a4-af716a1774d0,ad705c59-6893-4980-bdbf-0837f1823cc4
1322,@babel/plugin-transform-react-jsx-self,7.27.1,Transitive Dependency,MIT License,PERMISSIVE,NOT_REVIEWED,c1935c41-f7a9-4626-bf43-a3c23f9db3a6,96930401-f359-4365-b45f-6a0685947982,ad705c59-6893-4980-bdbf-0837f1823cc4
1323,@babel/plugin-transform-react-jsx-source,7.27.1,Transitive Dependency,MIT License,PERMISSIVE,NOT_REVIEWED,db6b4685-0b43-4ed7-841b-9ee1b459bc87,49f38f10-ac7e-4527-b805-20044b767545,ad705c59-6893-4980-bdbf-0837f1823cc4
1324,@babel/plugin-transform-typescript,7.28.6,Transitive Dependency,MIT License,PERMISSIVE,NOT_REVIEWED,4ea6a018-b90e-43f2-b538-b96950acdaa6,3856ea33-c715-4784-9427-9400ecc5b8bf,ad705c59-6893-4980-bdbf-0837f1823cc4
1325,@babel/preset-react,7.22.3,Direct Dependency,MIT License,PERMISSIVE,NOT_REVIEWED,88bba63d-8439-4762-92ae-362878d733cd,39b0e688-58b2-40a2-b29b-7923235027eb,ad705c59-6893-4980-bdbf-0837f1823cc4
1326,@babel/types,7.29.0,Transitive Dependency,MIT License,PERMISSIVE,NOT_REVIEWED,683f96e4-f1c9-4ca0-b1c8-0c2608b2ebf2,6182b540-6ced-428e-a6de-5761dbc04c53,ad705c59-6893-4980-bdbf-0837f1823cc4
1327,@babel/types,7.29.7,Transitive Dependency,MIT License,PERMISSIVE,NOT_REVIEWED,683f96e4-f1c9-4ca0-b1c8-0c2608b2ebf2,022c8c92-5d00-4a26-82bb-6420834319f4,ad705c59-6893-4980-bdbf-0837f1823cc4
1328,@badeball/cypress-cucumber-preprocessor,24.0.1,Direct Dependency,MIT License,PERMISSIVE,NOT_REVIEWED,a39dec2e-f31a-4b6b-ab30-8255964b3e1a,b67abe29-f56c-4cbf-88a3-f397099feb0e,ad705c59-6893-4980-bdbf-0837f1823cc4
1329,@bahmutov/cypress-esbuild-preprocessor,2.2.8,Direct Dependency,MIT License,PERMISSIVE,NOT_REVIEWED,3d2b69a8-6888-493c-81ff-14d820a43fa1,48a8fded-473e-4fa6-9445-80e69054d287,ad705c59-6893-4980-bdbf-0837f1823cc4
1330,@blazediff/core,1.9.1,Transitive Dependency,MIT License,PERMISSIVE,NOT_REVIEWED,d9cc99bc-4a87-4b8e-8fd0-efa900d67859,5006db1e-28c3-438d-8ff1-2195a0eb10d1,ad705c59-6893-4980-bdbf-0837f1823cc4
1331,@braintree/sanitize-url,7.1.2,Transitive Dependency,MIT License,PERMISSIVE,NOT_REVIEWED,37cb34bb-2875-4fda-abc7-7841e4ed4395,ae02d72a-098d-4c2f-9728-002f162a6853,ad705c59-6893-4980-bdbf-0837f1823cc4
1332,@cacheable/utils,2.5.0,Transitive Dependency,MIT License,PERMISSIVE,NOT_REVIEWED,b19670fe-f691-44d0-84f0-b384d31c5a88,ef0f5d7d-392e-4397-a82f-0a2861aad394,ad705c59-6893-4980-bdbf-0837f1823cc4
1333,@chevrotain/cst-dts-gen,11.1.2,Transitive Dependency,Apache License 2.0,PERMISSIVE,NOT_REVIEWED,db56983e-f206-4118-88cd-151892fa0879,9e0ece79-f211-4187-94cd-313dda0ef1d2,7cae335f-1193-421e-92f1-8802b4243e93
1334,@chevrotain/gast,11.1.2,Transitive Dependency,Apache License 2.0,PERMISSIVE,NOT_REVIEWED,b7bd6d5c-5942-4a17-9fd4-7e614f0cccda,d9f2e5bb-555f-4409-ad7f-833195cc391f,7cae335f-1193-421e-92f1-8802b4243e93
1335,@chevrotain/regexp-to-ast,11.1.2,Transitive Dependency,Apache License 2.0,PERMISSIVE,NOT_REVIEWED,44cfc817-1ef2-4dcf-b15f-def6618d7287,e5b8d443-e6a0-42f9-a894-bcd1a288a494,7cae335f-1193-421e-92f1-8802b4243e93
1336,@chevrotain/types,11.1.2,Transitive Dependency,Apache License 2.0,PERMISSIVE,NOT_REVIEWED,93245de7-5fa6-4f3d-b1d1-d7bd21564502,778504a9-0116-4935-adfe-751163192b35,7cae335f-1193-421e-92f1-8802b4243e93
1337,@csstools/css-calc,2.1.4,Transitive Dependency,MIT License,PERMISSIVE,NOT_REVIEWED,763f906b-c993-45f1-a9c7-3980367043b2,5c2f8e21-b1a3-4fd6-8c2d-33480f49fc38,ad705c59-6893-4980-bdbf-0837f1823cc4
1338,@csstools/css-parser-algorithms,3.0.5,Transitive Dependency,MIT License,PERMISSIVE,NOT_REVIEWED,f13b088e-68f5-4792-be17-8ed5df700cc9,7133598c-e65e-4ebf-9431-1ef4e87b0707,ad705c59-6893-4980-bdbf-0837f1823cc4
1339,@csstools/css-tokenizer,3.0.4,Transitive Dependency,MIT License,PERMISSIVE,NOT_REVIEWED,d939dcf9-cf19-4a47-9241-e568f4a18bee,da58c419-9373-43a0-9a05-22c5541ea00b,ad705c59-6893-4980-bdbf-0837f1823cc4
1340,@cucumber/cucumber,12.9.0,Transitive Dependency,MIT License,PERMISSIVE,NOT_REVIEWED,1e9bee38-570d-43d9-bbc4-35a0841285fa,48494c59-0bb3-4590-84c0-f2b854d3572c,ad705c59-6893-4980-bdbf-0837f1823cc4
1341,@cucumber/cucumber-expressions,19.0.0,Transitive Dependency,MIT License,PERMISSIVE,NOT_REVIEWED,98ff7d2c-891c-4d8e-a489-c6579b866b29,33df1ba6-cf73-44ff-858c-b1cb4ad8dd9b,ad705c59-6893-4980-bdbf-0837f1823cc4
1342,@cucumber/cucumber-expressions,19.0.1,Transitive Dependency,MIT License,PERMISSIVE,NOT_REVIEWED,98ff7d2c-891c-4d8e-a489-c6579b866b29,b45b9c9a-f3f6-49fe-a04e-b12c45ef285c,ad705c59-6893-4980-bdbf-0837f1823cc4
1343,@cucumber/gherkin-streams,6.0.0,Transitive Dependency,MIT License,PERMISSIVE,NOT_REVIEWED,e03b6709-5b5b-4ea9-a579-3007a33e2020,37a3fffa-0b81-421c-9acc-e2596045db05,ad705c59-6893-4980-bdbf-0837f1823cc4
1344,@cucumber/html-formatter,23.1.0,Transitive Dependency,MIT License,PERMISSIVE,NOT_REVIEWED,085ac533-1708-47d7-b8f6-c40fdaa873d7,a2c11628-972c-4893-b163-8f6a341795a2,ad705c59-6893-4980-bdbf-0837f1823cc4
1345,@cucumber/junit-xml-formatter,0.13.3,Transitive Dependency,MIT License,PERMISSIVE,NOT_REVIEWED,a6bf378f-86bf-47cf-af14-7e7b963a8d29,4cc60cde-a077-4796-81be-8febad0e05b2,ad705c59-6893-4980-bdbf-0837f1823cc4
1346,@cucumber/message-streams,4.1.1,Transitive Dependency,MIT License,PERMISSIVE,NOT_REVIEWED,88d36a1b-7d57-4fbf-aede-8a3c7a441919,d494ba64-2ebd-4e32-9abb-064ff5b42062,ad705c59-6893-4980-bdbf-0837f1823cc4
1347,@cucumber/messages,32.3.1,Transitive Dependency,MIT License,PERMISSIVE,NOT_REVIEWED,94c3e071-6d91-452a-a089-e9646b4d7b0f,9fe9e732-46f9-4c92-99fb-14ccc2ac70d4,ad705c59-6893-4980-bdbf-0837f1823cc4
1348,@cucumber/pretty-formatter,1.0.1,Transitive Dependency,MIT License,PERMISSIVE,NOT_REVIEWED,a6e584a3-032b-42f5-918d-285a7d381db8,9bb49597-8d22-4acb-83c3-f75dabfa5036,ad705c59-6893-4980-bdbf-0837f1823cc4
1349,@cucumber/pretty-formatter,3.3.1,Transitive Dependency,MIT License,PERMISSIVE,NOT_REVIEWED,a6e584a3-032b-42f5-918d-285a7d381db8,975605c0-1ba1-4221-a786-17865f557ea5,ad705c59-6893-4980-bdbf-0837f1823cc4
1350,@cucumber/tag-expressions,9.1.0,Transitive Dependency,MIT License,PERMISSIVE,NOT_REVIEWED,937cb200-3017-4802-9771-ed59ab4844fd,cdc94cbe-b209-4f06-a483-834a7b31a80c,ad705c59-6893-4980-bdbf-0837f1823cc4
1351,@cypress/request,4.0.1,Transitive Dependency,Apache License 2.0,PERMISSIVE,NOT_REVIEWED,7e1fde4c-5114-42e1-981e-ed8153b126d9,9c42ee79-2cde-4db5-a5fb-9a0f9c7662fe,7cae335f-1193-421e-92f1-8802b4243e93
1352,@ecies/ciphers,0.2.6,Transitive Dependency,MIT License,PERMISSIVE,NOT_REVIEWED,4a1f2240-25b2-405d-bb74-a64a93b7740b,f9bd8105-eebd-48ac-b77e-e0cfcc64fbf3,ad705c59-6893-4980-bdbf-0837f1823cc4
1353,@eslint-community/eslint-utils,4.10.1,Transitive Dependency,MIT License,PERMISSIVE,NOT_REVIEWED,6606c454-8152-4bc1-927e-40cc1bd4bceb,22ab197f-62cd-417e-8a15-5ff12606dd12,ad705c59-6893-4980-bdbf-0837f1823cc4
1354,@eslint-community/eslint-utils,4.9.1,Transitive Dependency,MIT License,PERMISSIVE,NOT_REVIEWED,6606c454-8152-4bc1-927e-40cc1bd4bceb,bd7acfc3-c539-4cf6-ba40-e3d3ddd4624e,ad705c59-6893-4980-bdbf-0837f1823cc4
1355,@eslint-community/regexpp,4.12.2,Transitive Dependency,MIT License,PERMISSIVE,NOT_REVIEWED,b433cea3-b7f1-4a68-9eaf-e3d62b9c1c7b,610aa0b8-1b53-490e-9f1b-4d35c8ece485,ad705c59-6893-4980-bdbf-0837f1823cc4
1356,@eslint/js,10.0.1,Direct Dependency,MIT License,PERMISSIVE,NOT_REVIEWED,e87e81ac-1278-4ebe-9d80-76310e5298f9,d4458ddf-d7d7-4de5-9f47-b39c5c11d1d3,ad705c59-6893-4980-bdbf-0837f1823cc4
1357,@eslint/js,9.39.4,Direct Dependency,MIT License,PERMISSIVE,NOT_REVIEWED,e87e81ac-1278-4ebe-9d80-76310e5298f9,0f5e1eaa-8e89-4ee6-8a03-b9755e870121,ad705c59-6893-4980-bdbf-0837f1823cc4
1358,@eslint/plugin-kit,0.4.1,Transitive Dependency,Apache License 2.0,PERMISSIVE,NOT_REVIEWED,afe5512b-8955-4973-93b3-cb61402e5799,25007d73-5d54-49f6-8133-33c083f355d3,7cae335f-1193-421e-92f1-8802b4243e93
1359,@eslint/plugin-kit,0.7.3,Transitive Dependency,Apache License 2.0,PERMISSIVE,NOT_REVIEWED,afe5512b-8955-4973-93b3-cb61402e5799,870dcde3-a13a-42db-9ed7-b041cd3f7a15,7cae335f-1193-421e-92f1-8802b4243e93
1360,@floating-ui/core,1.7.5,Transitive Dependency,MIT License,PERMISSIVE,NOT_REVIEWED,1d8d2d3d-27f1-4fc8-af4f-a962fa6f794b,ecc84919-64ef-47d6-8b73-73fc1e865671,ad705c59-6893-4980-bdbf-0837f1823cc4
1361,@floating-ui/core,1.8.0,Transitive Dependency,MIT License,PERMISSIVE,NOT_REVIEWED,1d8d2d3d-27f1-4fc8-af4f-a962fa6f794b,83c82dba-ff41-4dd2-94e8-44fe1df7a6f8,ad705c59-6893-4980-bdbf-0837f1823cc4
1362,@floating-ui/dom,1.7.6,Transitive Dependency,MIT License,PERMISSIVE,NOT_REVIEWED,9026c3d3-e870-4b1d-9031-4781578529e7,d8c2cf9a-96f2-4920-8748-abc2f32d08b2,ad705c59-6893-4980-bdbf-0837f1823cc4
1363,@floating-ui/dom,1.8.0,Transitive Dependency,MIT License,PERMISSIVE,NOT_REVIEWED,9026c3d3-e870-4b1d-9031-4781578529e7,bee0115f-b668-42b8-b6cd-f3e263eb2cfb,ad705c59-6893-4980-bdbf-0837f1823cc4
1364,@floating-ui/react,0.26.28,Transitive Dependency,MIT License,PERMISSIVE,NOT_REVIEWED,283f8468-4492-429b-80f0-4eef51431da1,7b2e96cd-4360-4449-8f6e-933a744279b0,ad705c59-6893-4980-bdbf-0837f1823cc4
1365,@floating-ui/react,0.27.19,Transitive Dependency,MIT License,PERMISSIVE,NOT_REVIEWED,283f8468-4492-429b-80f0-4eef51431da1,7e3efe07-d9e6-4d81-afd5-8892300ce782,ad705c59-6893-4980-bdbf-0837f1823cc4
1366,@floating-ui/react,0.27.20,Direct Dependency,MIT License,PERMISSIVE,NOT_REVIEWED,283f8468-4492-429b-80f0-4eef51431da1,0dd3429a-a69f-47c4-b001-23cfe9dc9b9c,ad705c59-6893-4980-bdbf-0837f1823cc4
1367,@floating-ui/utils,0.2.11,Transitive Dependency,MIT License,PERMISSIVE,NOT_REVIEWED,e943918b-b938-4dc9-8848-88692c7dc207,adb5ed9f-e13b-45d6-a4fd-29a0580aef85,ad705c59-6893-4980-bdbf-0837f1823cc4
1368,@floating-ui/utils,0.2.12,Transitive Dependency,MIT License,PERMISSIVE,NOT_REVIEWED,e943918b-b938-4dc9-8848-88692c7dc207,4bb3a3e5-0add-4be4-bdf6-01bd02d2388d,ad705c59-6893-4980-bdbf-0837f1823cc4
1369,@hookform/resolvers,5.2.2,Direct Dependency,MIT License,PERMISSIVE,NOT_REVIEWED,ff67a96a-5360-4c51-a7e3-7b3896be744a,b45742eb-5e2e-4758-b920-19a8d9b1bb00,ad705c59-6893-4980-bdbf-0837f1823cc4
1370,@humanfs/node,0.16.8,Transitive Dependency,Apache License 2.0,PERMISSIVE,NOT_REVIEWED,359ae690-4089-41dd-9248-e0123d9e4bee,b9aef58d-a9ff-44d4-abea-efeea7f2d78f,7cae335f-1193-421e-92f1-8802b4243e93
1371,@humanwhocodes/retry,0.4.3,Transitive Dependency,Apache License 2.0,PERMISSIVE,NOT_REVIEWED,996bbc55-8188-426e-9739-68d44b1679e3,4e555ed3-2537-4c4a-92dc-8d86c7d10471,7cae335f-1193-421e-92f1-8802b4243e93
1372,@infowatch/tsconfig-paths-webpack-plugin,4.0.1,Direct Dependency,MIT License,PERMISSIVE,NOT_REVIEWED,4146056a-3070-40ef-a01e-5bd381bc4f95,2e9f56e2-2c37-4fb7-9a99-271fe0450aea,ad705c59-6893-4980-bdbf-0837f1823cc4
1373,@inquirer/core,11.1.9,Transitive Dependency,MIT License,PERMISSIVE,NOT_REVIEWED,411e9988-191a-43b1-9439-bb29a9139863,81b5318b-b5e0-423f-9727-f575c414a0da,ad705c59-6893-4980-bdbf-0837f1823cc4
1374,@inquirer/figures,2.0.5,Transitive Dependency,MIT License,PERMISSIVE,NOT_REVIEWED,02c1ac05-bd0b-4219-90f0-d22b3834bc9c,e8dc978b-ca8f-4f09-b999-fa4a53acefa6,ad705c59-6893-4980-bdbf-0837f1823cc4
1375,@jridgewell/remapping,2.3.5,Transitive Dependency,MIT License,PERMISSIVE,NOT_REVIEWED,685b2c65-03a9-4ffc-ab2b-54c4131b8cd5,719bb4f2-65eb-4da8-a818-fcc3e84662e2,ad705c59-6893-4980-bdbf-0837f1823cc4
1376,@jridgewell/source-map,0.3.11,Transitive Dependency,MIT License,PERMISSIVE,NOT_REVIEWED,2dfa1fd2-f55a-42f7-859a-d09bb813a26c,b254d57f-ad43-4f58-b021-0aac4cf41085,ad705c59-6893-4980-bdbf-0837f1823cc4
1377,@jridgewell/trace-mapping,0.3.31,Transitive Dependency,MIT License,PERMISSIVE,NOT_REVIEWED,373fc04f-13af-40bf-9180-c93291506352,4e7ea4de-16ac-4fb4-a4a0-dd06256d0786,ad705c59-6893-4980-bdbf-0837f1823cc4
1378,@keyv/bigmap,1.3.1,Transitive Dependency,MIT License,PERMISSIVE,NOT_REVIEWED,1161e230-7acb-4377-b10f-3c661b67146d,f20d5bc7-48f4-45d3-958b-fac296fca2d9,ad705c59-6893-4980-bdbf-0837f1823cc4
1379,@mermaid-js/mermaid-cli,11.12.0,Direct Dependency,MIT License,PERMISSIVE,NOT_REVIEWED,7197807d-8841-4a46-8ea5-636bb16f204b,9d3b63af-4c9b-4e51-aa23-2e14c89f7d91,ad705c59-6893-4980-bdbf-0837f1823cc4
1380,@modelcontextprotocol/sdk,1.29.0,Transitive Dependency,MIT License,PERMISSIVE,NOT_REVIEWED,bd25b507-7255-4ef8-86c4-2c92f91fb700,1165553c-0ff8-4f5b-987b-50f6a07b61f2,ad705c59-6893-4980-bdbf-0837f1823cc4
1381,@monaco-editor/react,4.6.0,Direct Dependency,MIT License,PERMISSIVE,NOT_REVIEWED,24f4336a-8774-40ff-bde4-ab57f3358a5a,9cdee12f-4a79-4796-b619-6a2861ed2d08,ad705c59-6893-4980-bdbf-0837f1823cc4
1382,@noble/ciphers,1.3.0,Transitive Dependency,MIT License,PERMISSIVE,NOT_REVIEWED,a1246a65-55de-427c-ab5a-8848208e2ca3,de30822d-558d-4ccc-aa92-573a9e726a95,ad705c59-6893-4980-bdbf-0837f1823cc4
1383,@noble/curves,1.9.7,Transitive Dependency,MIT License,PERMISSIVE,NOT_REVIEWED,cf14e409-915d-4e72-9c21-017933487e15,d7fa1975-2d67-4749-80a4-4b98bd2536a5,ad705c59-6893-4980-bdbf-0837f1823cc4
1384,@nodelib/fs.stat,2.0.5,Transitive Dependency,MIT License,PERMISSIVE,NOT_REVIEWED,f1ca4664-63a5-4181-b749-32c7168416b0,30d6dac3-95e4-47fb-93af-26f499c06b6f,ad705c59-6893-4980-bdbf-0837f1823cc4
1385,@nodelib/fs.walk,1.2.8,Transitive Dependency,MIT License,PERMISSIVE,NOT_REVIEWED,40fcad1c-d679-43e4-b8fc-102d24e38f1c,4c7b0bdc-c622-481c-abb2-d67373418285,ad705c59-6893-4980-bdbf-0837f1823cc4
1386,@oozcitak/dom,2.0.2,Transitive Dependency,MIT License,PERMISSIVE,NOT_REVIEWED,20cfda63-3bc5-46e5-bcb3-a9a9d2989ea8,4a3e3ff1-ae39-403b-89d2-6824ccad7992,ad705c59-6893-4980-bdbf-0837f1823cc4
1387,@oozcitak/url,3.0.0,Transitive Dependency,MIT License,PERMISSIVE,NOT_REVIEWED,2a4a3bd0-9a07-4404-a5f2-5c476f7dd812,a6e01b98-9c36-44b1-a35a-79a8bf47e59d,ad705c59-6893-4980-bdbf-0837f1823cc4
1388,@open-draft/logger,0.3.0,Transitive Dependency,MIT License,PERMISSIVE,NOT_REVIEWED,f49ade9c-816e-4716-935a-afa8568f8bac,a4c045d6-9978-4fa5-9175-241ed6bb8fd2,ad705c59-6893-4980-bdbf-0837f1823cc4
1389,@playwright/test,1.63.0,Direct Dependency,Apache License 2.0,PERMISSIVE,NOT_REVIEWED,c8dd647c-7c7f-4fc7-b6d9-ff9f55405b16,d906be75-5d78-49b2-9755-2c7367bbf14f,7cae335f-1193-421e-92f1-8802b4243e93
1390,@pmmmwh/react-refresh-webpack-plugin,0.6.0,Direct Dependency,MIT License,PERMISSIVE,NOT_REVIEWED,c08b139b-b6d9-45f8-a60a-6a64e27d52eb,757bd55b-92ee-4d4c-aec4-6cf464931229,ad705c59-6893-4980-bdbf-0837f1823cc4
1391,@poppinss/macroable,1.1.2,Transitive Dependency,MIT License,PERMISSIVE,NOT_REVIEWED,f1a0c578-fec6-4c46-baa0-5f4ca4aeefd6,ac8ac22b-fc17-4d74-8526-3c7ba8f2cdc0,ad705c59-6893-4980-bdbf-0837f1823cc4
1392,@puppeteer/browsers,2.6.1,Transitive Dependency,Apache License 2.0,PERMISSIVE,NOT_REVIEWED,2423547b-e766-4471-9795-761389085037,e21c61bd-bd1a-4f00-8077-d226cafd3bd9,7cae335f-1193-421e-92f1-8802b4243e93
1393,@radix-ui/number,1.1.1,Transitive Dependency,MIT License,PERMISSIVE,NOT_REVIEWED,a3ff660f-5945-46ff-a018-012c93460f42,3c1831ee-0fb8-4f7a-9822-10a8bf3e61c4,ad705c59-6893-4980-bdbf-0837f1823cc4
1394,@radix-ui/react-accessible-icon,1.1.7,Transitive Dependency,MIT License,PERMISSIVE,NOT_REVIEWED,2bb5e21f-c9bc-4b8b-97b4-4e81215e4ddf,a90e2411-e1d9-4ee8-a3b2-49a7eea5507c,ad705c59-6893-4980-bdbf-0837f1823cc4
1395,@radix-ui/react-accordion,1.2.12,Transitive Dependency,MIT License,PERMISSIVE,NOT_REVIEWED,b109f790-0d3a-4445-ac84-0f5baea66e7f,8866e368-c600-4e33-99fe-e6fc3ba9b249,ad705c59-6893-4980-bdbf-0837f1823cc4
1396,@radix-ui/react-checkbox,1.3.3,Transitive Dependency,MIT License,PERMISSIVE,NOT_REVIEWED,1e901f9c-1f48-444a-bb8f-1209c0a5e89c,52b3b22d-abe3-4681-8adb-d72e0fe3373a,ad705c59-6893-4980-bdbf-0837f1823cc4
1397,@radix-ui/react-collection,1.1.7,Transitive Dependency,MIT License,PERMISSIVE,NOT_REVIEWED,ae3ad851-9b95-4265-88e4-d5561d207bd8,1373b3d6-b068-4388-bab5-98aa8d1e0151,ad705c59-6893-4980-bdbf-0837f1823cc4
1398,@radix-ui/react-context-menu,2.2.16,Transitive Dependency,MIT License,PERMISSIVE,NOT_REVIEWED,0287791e-b361-48b6-a7c0-80c2fcb4861c,3d0a19ba-fb08-473e-b5c6-39ca54ed5559,ad705c59-6893-4980-bdbf-0837f1823cc4
1399,@radix-ui/react-dropdown-menu,2.1.16,Transitive Dependency,MIT License,PERMISSIVE,NOT_REVIEWED,bd151806-17a9-49e7-9f54-8bd44b3527d2,1809c3e8-c9e5-4a5b-8786-63868cc7a937,ad705c59-6893-4980-bdbf-0837f1823cc4
1400,@radix-ui/react-focus-guards,1.1.3,Transitive Dependency,MIT License,PERMISSIVE,NOT_REVIEWED,5c31360c-5a24-4edf-9aa2-b52af7480e98,fde7954a-75ca-4984-892b-8d42a5995b60,ad705c59-6893-4980-bdbf-0837f1823cc4
1401,@radix-ui/react-menubar,1.1.16,Transitive Dependency,MIT License,PERMISSIVE,NOT_REVIEWED,59298814-cb93-4a94-a80b-92d5dd8e0816,218ce81d-f985-42f2-b918-780ea2f2a2e8,ad705c59-6893-4980-bdbf-0837f1823cc4
1402,@radix-ui/react-one-time-password-field,0.1.8,Transitive Dependency,MIT License,PERMISSIVE,NOT_REVIEWED,b9c62a5a-53be-4fe0-aa50-419cc846c964,16b7341f-63b5-4fd4-bc97-a9fea0c44e06,ad705c59-6893-4980-bdbf-0837f1823cc4
1403,@radix-ui/react-password-toggle-field,0.1.3,Transitive Dependency,MIT License,PERMISSIVE,NOT_REVIEWED,2eff2a95-1ef1-4e78-8fe2-0ed9b8e2fd66,90a1de2d-c081-428d-83c4-f31156b3e091,ad705c59-6893-4980-bdbf-0837f1823cc4
1404,@radix-ui/react-presence,1.1.5,Transitive Dependency,MIT License,PERMISSIVE,NOT_REVIEWED,b16bd52a-e007-4624-b173-084caa0900f6,b7aa5be9-b678-4f4b-ac12-a2fffce826a2,ad705c59-6893-4980-bdbf-0837f1823cc4
1405,@radix-ui/react-primitive,2.1.3,Transitive Dependency,MIT License,PERMISSIVE,NOT_REVIEWED,7f6fc69f-56df-4207-8bb0-74bea98f3092,77de0d42-f184-49a5-8c01-59b2c0df3cbd,ad705c59-6893-4980-bdbf-0837f1823cc4
1406,@radix-ui/react-progress,1.1.7,Transitive Dependency,MIT License,PERMISSIVE,NOT_REVIEWED,10f14736-e546-478c-8d59-f9515c475851,33d321be-9e87-4f82-8c5d-4962ad87d6ba,ad705c59-6893-4980-bdbf-0837f1823cc4
1407,@radix-ui/react-radio-group,1.3.8,Transitive Dependency,MIT License,PERMISSIVE,NOT_REVIEWED,19acca15-c38b-4668-857e-a089ed1227e9,38b417f8-1157-47f2-a23c-d5ae0929627d,ad705c59-6893-4980-bdbf-0837f1823cc4
1408,@radix-ui/react-separator,1.1.7,Transitive Dependency,MIT License,PERMISSIVE,NOT_REVIEWED,6a9f7aa4-d924-42e5-b8c3-1ff704bab0ac,988f2553-2105-419f-bb4b-818827ca72b1,ad705c59-6893-4980-bdbf-0837f1823cc4
1409,@radix-ui/react-slider,1.3.6,Transitive Dependency,MIT License,PERMISSIVE,NOT_REVIEWED,7a0bac54-77a0-4c7b-b684-50f012d8229c,e79eeeb6-7cb6-4122-b567-aee74262a63e,ad705c59-6893-4980-bdbf-0837f1823cc4
1410,@radix-ui/react-slot,1.2.3,Transitive Dependency,MIT License,PERMISSIVE,NOT_REVIEWED,61b97f87-47ff-46b5-a264-146e5d66f97e,c824343c-48a2-4b7e-8055-798e180bf7b2,ad705c59-6893-4980-bdbf-0837f1823cc4
1411,@radix-ui/react-tabs,1.1.13,Transitive Dependency,MIT License,PERMISSIVE,NOT_REVIEWED,7450ca84-5255-4a65-8f5d-64f500d1915d,ace3f5ff-5348-4f43-bd26-459bf07953a1,ad705c59-6893-4980-bdbf-0837f1823cc4
1412,@radix-ui/react-toolbar,1.1.11,Transitive Dependency,MIT License,PERMISSIVE,NOT_REVIEWED,94f9d1d8-9167-4995-af3e-7024de87b483,33b77ff7-d675-4e62-a4e1-9317bea96cc2,ad705c59-6893-4980-bdbf-0837f1823cc4
1413,@radix-ui/react-use-callback-ref,1.1.1,Transitive Dependency,MIT License,PERMISSIVE,NOT_REVIEWED,8a58742d-0d47-4df7-a12a-2d4cddc1050a,fcb267d6-2944-42a4-928b-de5562b60a7d,ad705c59-6893-4980-bdbf-0837f1823cc4
1414,@radix-ui/react-use-controllable-state,1.2.2,Transitive Dependency,MIT License,PERMISSIVE,NOT_REVIEWED,6c93171d-6102-457f-8d3c-5eed9442cdb2,aabd791c-a9e2-4a0d-a179-b1e31cd9e3ff,ad705c59-6893-4980-bdbf-0837f1823cc4
1415,@radix-ui/react-use-escape-keydown,1.1.1,Transitive Dependency,MIT License,PERMISSIVE,NOT_REVIEWED,a111b55d-1f0b-49e5-94aa-d75e212c4c37,c5de5006-5a58-4b6c-903b-597d739bd3e6,ad705c59-6893-4980-bdbf-0837f1823cc4
1416,@radix-ui/react-use-is-hydrated,0.1.0,Transitive Dependency,MIT License,PERMISSIVE,NOT_REVIEWED,77cf0945-88c6-4017-97ff-b7e3586502e8,5cf1cc9c-f070-4b48-b1bf-bf165362b097,ad705c59-6893-4980-bdbf-0837f1823cc4
1417,@radix-ui/react-use-rect,1.1.1,Transitive Dependency,MIT License,PERMISSIVE,NOT_REVIEWED,88cbd007-2863-497b-be34-6f3273e8a5a4,b199aadf-fb08-4e4f-93c6-bd0ef0a0ac5c,ad705c59-6893-4980-bdbf-0837f1823cc4
1418,@radix-ui/react-use-size,1.1.1,Transitive Dependency,MIT License,PERMISSIVE,NOT_REVIEWED,5c217089-dbc7-4eff-b53a-a35027abd8d3,70ff36e1-55c9-4b1d-96ee-3861be5dd30f,ad705c59-6893-4980-bdbf-0837f1823cc4
1419,@radix-ui/react-visually-hidden,1.2.3,Transitive Dependency,MIT License,PERMISSIVE,NOT_REVIEWED,8bb5a3a4-7183-434d-9bb4-873db3b76bf1,148b8bc2-b1ac-476f-8c23-ed15812b494a,ad705c59-6893-4980-bdbf-0837f1823cc4
1420,@react-stately/flags,3.1.2,Transitive Dependency,Apache License 2.0,PERMISSIVE,NOT_REVIEWED,3e4af346-c1fb-415a-9f53-addc23509dfd,2e598087-f4aa-44fc-bb78-0c85073bf7ca,7cae335f-1193-421e-92f1-8802b4243e93
1421,@rolldown/binding-android-arm-eabi,1.2.11,Transitive Dependency,MIT License,PERMISSIVE,NOT_REVIEWED,bd7d9018-dc1e-4753-92e9-cdd8892d6845,654f0d61-bc3a-439a-a198-0897bcc8ddc8,ad705c59-6893-4980-bdbf-0837f1823cc4
1422,@rolldown/binding-android-arm64,1.2.11,Transitive Dependency,MIT License,PERMISSIVE,NOT_REVIEWED,b72b7b25-00e4-4418-8333-dc2701d5cbcb,486fcbdc-e4b9-45bd-9e87-a5e90d857808,ad705c59-6893-4980-bdbf-0837f1823cc4
1423,@rolldown/binding-darwin-arm64,1.2.11,Transitive Dependency,MIT License,PERMISSIVE,NOT_REVIEWED,0c187f53-76fe-4f38-9b49-cd876a16acc8,452de812-61bf-4750-83a1-b8e39965cb75,ad705c59-6893-4980-bdbf-0837f1823cc4
1424,@rolldown/binding-freebsd-x64,1.2.11,Transitive Dependency,MIT License,PERMISSIVE,NOT_REVIEWED,ef3e73d2-9d5f-46c4-bad2-d107bd432237,7e18fb74-a940-4598-9158-27540e923ce1,ad705c59-6893-4980-bdbf-0837f1823cc4
1425,@rolldown/binding-linux-arm64-gnu,1.2.11,Transitive Dependency,MIT License,PERMISSIVE,NOT_REVIEWED,1500182d-b12d-4a70-89ce-e4957a05390f,00810dac-6e70-4669-b1ce-189d2c6fd7ac,ad705c59-6893-4980-bdbf-0837f1823cc4
1426,@rolldown/binding-linux-ppc64-gnu,1.2.11,Transitive Dependency,MIT License,PERMISSIVE,NOT_REVIEWED,87d7ca08-1bd3-4a1f-a65f-8f587a4d7c0c,61d86fd7-a368-4fe8-9a3a-5d2255533b77,ad705c59-6893-4980-bdbf-0837f1823cc4
1427,@rolldown/binding-linux-s390x-gnu,1.2.11,Transitive Dependency,MIT License,PERMISSIVE,NOT_REVIEWED,393db7c7-07f9-4e54-b11a-fc59d92b5947,ef518448-9e62-4b3c-8d70-54b68f836470,ad705c59-6893-4980-bdbf-0837f1823cc4
1428,@rolldown/binding-win32-arm64-msvc,1.2.11,Transitive Dependency,MIT License,PERMISSIVE,NOT_REVIEWED,b14f9ff4-7ce6-4265-86b5-fb7d90c16f9b,bc884891-db66-4944-b135-6743de62f7fe,ad705c59-6893-4980-bdbf-0837f1823cc4
1429,@rollup/rollup-android-arm-eabi,4.60.2,Transitive Dependency,MIT License,PERMISSIVE,NOT_REVIEWED,bad0672b-7f85-47dd-89d1-13ed76b771b5,105a7ac2-be65-46cb-bdbb-054653e5d87c,ad705c59-6893-4980-bdbf-0837f1823cc4
1430,@rollup/rollup-android-arm64,4.60.2,Transitive Dependency,MIT License,PERMISSIVE,NOT_REVIEWED,64efe3b4-1dd6-4b82-8617-c345f6fbdea1,7222bef1-adb2-4fde-8474-caeab64b6f18,ad705c59-6893-4980-bdbf-0837f1823cc4
1431,@rollup/rollup-darwin-x64,4.60.2,Transitive Dependency,MIT License,PERMISSIVE,NOT_REVIEWED,936f7071-aa21-4017-82ac-e07a2a029840,20643423-cc41-4926-ab80-3ada48d81f23,ad705c59-6893-4980-bdbf-0837f1823cc4
1432,@rollup/rollup-freebsd-arm64,4.60.2,Transitive Dependency,MIT License,PERMISSIVE,NOT_REVIEWED,fd666cb1-e366-44cd-bd4a-5e2504f6bd34,0661caae-f20b-465b-a479-bd105cae4c3e,ad705c59-6893-4980-bdbf-0837f1823cc4
1433,@rollup/rollup-freebsd-x64,4.60.2,Transitive Dependency,MIT License,PERMISSIVE,NOT_REVIEWED,be1c51b1-4c61-456e-9f55-09f5cd1b063b,a8a25940-6b5b-477f-b331-29d52193aecb,ad705c59-6893-4980-bdbf-0837f1823cc4
1434,@rollup/rollup-linux-arm-musleabihf,4.60.2,Transitive Dependency,MIT License,PERMISSIVE,NOT_REVIEWED,084826b9-b895-4703-a0c2-db010606eca4,01264743-16f1-467d-b8c8-f8436700b957,ad705c59-6893-4980-bdbf-0837f1823cc4
1435,@rollup/rollup-linux-arm64-gnu,4.60.2,Transitive Dependency,MIT License,PERMISSIVE,NOT_REVIEWED,6815206d-6ce9-43e7-89c1-7f0a35d6625f,3572ae2b-1e22-4726-90b2-5a0873cec57b,ad705c59-6893-4980-bdbf-0837f1823cc4
1436,@rollup/rollup-linux-arm64-musl,4.60.2,Transitive Dependency,MIT License,PERMISSIVE,NOT_REVIEWED,36b6ee0a-c572-48a7-906c-0f02f8587101,be68917c-8fa8-48ad-bbbc-ac4c72f6caac,ad705c59-6893-4980-bdbf-0837f1823cc4
1437,@rollup/rollup-linux-loong64-gnu,4.60.2,Transitive Dependency,MIT License,PERMISSIVE,NOT_REVIEWED,41ca8ade-f154-4416-a8a8-672ef64cba42,da29ef7d-2302-4682-9f64-76d092dd15a6,ad705c59-6893-4980-bdbf-0837f1823cc4
1438,@rollup/rollup-linux-loong64-musl,4.60.2,Transitive Dependency,MIT License,PERMISSIVE,NOT_REVIEWED,bceeb65e-6500-437e-b918-7d97973e2f8d,86bf10f0-857b-4dee-82e6-0e9e4a42dd4f,ad705c59-6893-4980-bdbf-0837f1823cc4
1439,@rollup/rollup-linux-ppc64-gnu,4.60.2,Transitive Dependency,MIT License,PERMISSIVE,NOT_REVIEWED,2a762877-a334-426d-967d-4c8eea44cc17,ec518921-516f-4fa0-b958-5bd73eb742fe,ad705c59-6893-4980-bdbf-0837f1823cc4
1440,@rollup/rollup-linux-ppc64-musl,4.60.2,Transitive Dependency,MIT License,PERMISSIVE,NOT_REVIEWED,2616068b-551c-4119-b989-b576831c457a,a637569f-cac6-4614-aa3b-5c27eac65a5a,ad705c59-6893-4980-bdbf-0837f1823cc4
1441,@rollup/rollup-linux-riscv64-musl,4.60.2,Transitive Dependency,MIT License,PERMISSIVE,NOT_REVIEWED,045d2ac6-8afc-4bc3-a730-dbf7e0543b91,bdeb2c39-c648-4a4a-8a98-4b3a16c0fd0c,ad705c59-6893-4980-bdbf-0837f1823cc4
1442,@rollup/rollup-win32-x64-msvc,4.60.2,Transitive Dependency,MIT License,PERMISSIVE,NOT_REVIEWED,d69f880b-524e-4656-80b4-363f92602c94,6f2776f7-91d8-4ad8-984a-fd5170da44fc,ad705c59-6893-4980-bdbf-0837f1823cc4
1443,@sec-ant/readable-stream,0.4.1,Transitive Dependency,MIT License,PERMISSIVE,NOT_REVIEWED,f98c4226-4b44-4d40-b579-6827f4f5ce46,4826d4bb-7d4e-4fca-bc21-f79468a828f4,ad705c59-6893-4980-bdbf-0837f1823cc4
1444,@sideway/address,4.1.5,Transitive Dependency,"BSD 3-clause ""New"" or ""Revised"" License",PERMISSIVE,NOT_REVIEWED,b047de54-4b6d-4e30-b9c4-175a686d2aa5,47830a08-72b0-4778-96d3-535fdc5900a4,3d238144-44e6-450e-b523-3defbdaed9dc
1445,@sideway/formula,3.0.1,Transitive Dependency,"BSD 3-clause ""New"" or ""Revised"" License",PERMISSIVE,NOT_REVIEWED,a836ecf8-c21a-4838-b7e4-9634690d0141,1d9edd5c-fef6-47d7-951c-14c9d3aab388,3d238144-44e6-450e-b523-3defbdaed9dc
1446,@standard-schema/spec,1.1.0,Transitive Dependency,MIT License,PERMISSIVE,NOT_REVIEWED,32b3ede6-a2a1-4b2f-8cfe-8a7ac7ad1f17,7f350abf-eb19-4732-b19f-056d8f715dd4,ad705c59-6893-4980-bdbf-0837f1823cc4
1447,@storybook/addon-webpack5-compiler-babel,3.0.5,Direct Dependency,MIT License,PERMISSIVE,NOT_REVIEWED,2a4b104d-bb1d-4895-a3f2-83a8d3cdffbd,01ef150a-971a-451b-ab3a-fc6a21650616,ad705c59-6893-4980-bdbf-0837f1823cc4
1448,@storybook/blocks,8.5.2,Direct Dependency,MIT License,PERMISSIVE,NOT_REVIEWED,d1b40bf9-2f13-4e75-a2c5-f8b7d7e6bbf0,67df892e-940c-42cd-9167-d07436a2f422,ad705c59-6893-4980-bdbf-0837f1823cc4
1449,@storybook/react-webpack5,8.5.2,Direct Dependency,MIT License,PERMISSIVE,NOT_REVIEWED,1b7e3cb6-0cd8-43b1-ae4c-d69bf122c72a,6a38e3b6-970e-47c3-aca1-05c779ca3a40,ad705c59-6893-4980-bdbf-0837f1823cc4
1450,@stripe/react-stripe-js,6.6.0,Direct Dependency,MIT License,PERMISSIVE,NOT_REVIEWED,3489f692-dad0-44c7-8262-5029d93a13f4,53231bd6-c3f9-45d5-948f-9d99713ce249,ad705c59-6893-4980-bdbf-0837f1823cc4
1451,@sveltejs/acorn-typescript,1.0.13,Transitive Dependency,MIT License,PERMISSIVE,NOT_REVIEWED,99d2d1b4-393d-48e3-83a8-f52412a28cd2,ecb5f0ec-e9c3-473d-9b67-6058f18ec374,ad705c59-6893-4980-bdbf-0837f1823cc4
1452,@sveltejs/adapter-static,3.0.10,Direct Dependency,MIT License,PERMISSIVE,NOT_REVIEWED,4afdce4f-8524-49ce-8ef0-bfd2298ab15a,c647371a-aace-4bff-b2b3-17ffe315e7b5,ad705c59-6893-4980-bdbf-0837f1823cc4
1453,@sveltejs/kit,2.70.3,Direct Dependency,MIT License,PERMISSIVE,NOT_REVIEWED,d961ce76-a6d9-4566-94ab-67eb8374f7ca,e15bbdd2-d9cf-4478-9b17-188fecee2ce6,ad705c59-6893-4980-bdbf-0837f1823cc4
1454,@swc/helpers,0.5.19,Transitive Dependency,Apache License 2.0,PERMISSIVE,NOT_REVIEWED,e167cb5b-9300-4d96-b6e0-b695e514944c,36297475-d4e1-42b5-b204-5370ce317f17,7cae335f-1193-421e-92f1-8802b4243e93
1455,@swc/helpers,0.5.23,Transitive Dependency,Apache License 2.0,PERMISSIVE,NOT_REVIEWED,e167cb5b-9300-4d96-b6e0-b695e514944c,7a0b527c-79ac-422d-ba50-9f1dcc0b890c,7cae335f-1193-421e-92f1-8802b4243e93
1456,@tailwindcss/node,4.2.2,Transitive Dependency,MIT License,PERMISSIVE,NOT_REVIEWED,49d8cb51-e43b-4038-be8b-cbcf0c73d620,951f9876-ef20-4287-9913-de39f315dc4a,ad705c59-6893-4980-bdbf-0837f1823cc4
1457,@tailwindcss/node,4.3.3,Transitive Dependency,MIT License,PERMISSIVE,NOT_REVIEWED,49d8cb51-e43b-4038-be8b-cbcf0c73d620,ffdecd80-b1ce-4cab-837a-4199e3f42eb2,ad705c59-6893-4980-bdbf-0837f1823cc4
1458,@tailwindcss/oxide,4.2.2,Transitive Dependency,MIT License,PERMISSIVE,NOT_REVIEWED,7a8016a2-1a46-4ff1-a15f-c7d7940e1e0e,868d8bf2-a481-4cbd-a09a-3ef4379a9bc8,ad705c59-6893-4980-bdbf-0837f1823cc4
1459,@tailwindcss/oxide,4.3.3,Transitive Dependency,MIT License,PERMISSIVE,NOT_REVIEWED,7a8016a2-1a46-4ff1-a15f-c7d7940e1e0e,92e5375e-45df-4862-a199-0ec39da712b6,ad705c59-6893-4980-bdbf-0837f1823cc4
1460,@tailwindcss/vite,4.2.2,Direct Dependency,MIT License,PERMISSIVE,NOT_REVIEWED,8393f473-5921-414d-9133-143b82fcd82a,4b41fec4-23f3-48b1-bc6a-4eb869c3581f,ad705c59-6893-4980-bdbf-0837f1823cc4
1461,@tailwindcss/vite,4.3.3,Direct Dependency,MIT License,PERMISSIVE,NOT_REVIEWED,8393f473-5921-414d-9133-143b82fcd82a,e70ff5ff-ec9e-4ab4-a343-8e641d70f1b1,ad705c59-6893-4980-bdbf-0837f1823cc4
1462,@tanstack/query-core,5.100.9,Transitive Dependency,MIT License,PERMISSIVE,NOT_REVIEWED,fe9919a4-d852-4aa5-9dfc-bd20f0bd9d74,22c7b73b-d7be-439c-b7b7-d016f5a2f543,ad705c59-6893-4980-bdbf-0837f1823cc4
1463,@tanstack/react-query,4.29.7,Direct Dependency,MIT License,PERMISSIVE,NOT_REVIEWED,fe3d3576-69e7-43cb-a7fa-7de2b5cfb80c,a78f2fc2-f0c4-4906-91d2-b222d31c2d1b,ad705c59-6893-4980-bdbf-0837f1823cc4
1464,@tanstack/react-query,5.100.9,Direct Dependency,MIT License,PERMISSIVE,NOT_REVIEWED,fe3d3576-69e7-43cb-a7fa-7de2b5cfb80c,d0dc649c-4bcd-4fa3-8c0e-fd6fcfd21c16,ad705c59-6893-4980-bdbf-0837f1823cc4
1465,@tanstack/react-query-persist-client,4.29.7,Direct Dependency,MIT License,PERMISSIVE,NOT_REVIEWED,1efb8e8b-0b10-4a3c-8d21-e8681e501e93,4938bbbd-e21c-4b8e-961e-ba508505c120,ad705c59-6893-4980-bdbf-0837f1823cc4
1466,@tanstack/virtual-core,3.13.23,Transitive Dependency,MIT License,PERMISSIVE,NOT_REVIEWED,0d53b71c-99bc-48a8-a09f-10a7fc10a975,6687644c-7462-471e-8c49-26e5b911dc9e,ad705c59-6893-4980-bdbf-0837f1823cc4
1467,@teppeis/multimaps,3.0.0,Transitive Dependency,MIT License,PERMISSIVE,NOT_REVIEWED,3964fd4a-ade7-4dc2-b619-5a14c704240e,4ceba6da-f903-44a8-9c33-f6a336e7a789,ad705c59-6893-4980-bdbf-0837f1823cc4
1468,@testing-library/react,14.0.0,Direct Dependency,MIT License,PERMISSIVE,NOT_REVIEWED,8bd3eef0-2bf7-4cea-bd9a-4c56e3d188ea,42793273-d731-4334-827e-111c0c3c8ce6,ad705c59-6893-4980-bdbf-0837f1823cc4
1469,@testing-library/react,16.3.2,Direct Dependency,MIT License,PERMISSIVE,NOT_REVIEWED,8bd3eef0-2bf7-4cea-bd9a-4c56e3d188ea,6d91eab8-6b73-4a98-bfaa-317720587a7e,ad705c59-6893-4980-bdbf-0837f1823cc4
1470,@ts-morph/common,0.27.0,Transitive Dependency,MIT License,PERMISSIVE,NOT_REVIEWED,7241d658-73a0-4add-ba79-f6d9060b470a,83b9650b-51db-4607-9f92-cf97278bb133,ad705c59-6893-4980-bdbf-0837f1823cc4
1471,@types/babel__core,7.20.5,Transitive Dependency,MIT License,PERMISSIVE,NOT_REVIEWED,7e82c6b4-c68e-41d8-964e-53b79923e6a0,c8db6123-f1b9-439c-affd-528082888b2d,ad705c59-6893-4980-bdbf-0837f1823cc4
1472,@types/babel__generator,7.27.0,Transitive Dependency,MIT License,PERMISSIVE,NOT_REVIEWED,29079241-dd48-4cde-ac80-7d6d3bb74752,5a8bdd2e-be19-4fdd-a123-efa6cf504d18,ad705c59-6893-4980-bdbf-0837f1823cc4
1473,@types/babel__template,7.4.4,Transitive Dependency,MIT License,PERMISSIVE,NOT_REVIEWED,3f301865-74fe-40fa-86e7-4bf9f228eff6,dba708ee-56a0-4da0-86bc-99052edd2174,ad705c59-6893-4980-bdbf-0837f1823cc4
1474,@types/babel__traverse,7.28.0,Transitive Dependency,MIT License,PERMISSIVE,NOT_REVIEWED,96028cd1-218c-4790-9056-5fba24266b0d,d57af130-b0d4-4f24-9d3a-ecf86253a04b,ad705c59-6893-4980-bdbf-0837f1823cc4
1475,@types/chai,5.2.3,Transitive Dependency,MIT License,PERMISSIVE,NOT_REVIEWED,c6fae00b-cb3c-4416-a9d6-fa725b29b91a,faebd539-faa8-44f1-86a4-0dfd48e386ea,ad705c59-6893-4980-bdbf-0837f1823cc4
1476,@types/cookie,0.6.0,Transitive Dependency,MIT License,PERMISSIVE,NOT_REVIEWED,d4171d26-4c60-4b66-846a-46c2946717fa,2cf8c3a3-5dd7-4d6e-b5df-af0b3ba632bb,ad705c59-6893-4980-bdbf-0837f1823cc4
1477,@types/d3-array,3.2.2,Transitive Dependency,MIT License,PERMISSIVE,NOT_REVIEWED,50759715-1171-465c-be1a-db31e7d49aab,02943cea-5cf9-4323-bbfe-5f1af91bc8e2,ad705c59-6893-4980-bdbf-0837f1823cc4
1478,@types/d3-axis,3.0.6,Transitive Dependency,MIT License,PERMISSIVE,NOT_REVIEWED,6c2f60ee-ddd1-4ba0-86cc-aa218345e9d9,81b2ec45-2873-4fdc-93bc-c96be5e75c70,ad705c59-6893-4980-bdbf-0837f1823cc4
1479,@types/d3-brush,3.0.6,Transitive Dependency,MIT License,PERMISSIVE,NOT_REVIEWED,dfc21429-6ef8-4154-94d7-8a20ce26b270,899a5a86-65b8-4059-9c81-c62aec27e054,ad705c59-6893-4980-bdbf-0837f1823cc4
1480,@types/d3-color,3.1.3,Transitive Dependency,MIT License,PERMISSIVE,NOT_REVIEWED,98bcc80c-0598-41bb-bb9d-dc0023d0d32e,b05f4128-0bef-48a9-a133-4ce16fce7fe1,ad705c59-6893-4980-bdbf-0837f1823cc4
1481,@types/d3-dispatch,3.0.7,Transitive Dependency,MIT License,PERMISSIVE,NOT_REVIEWED,4c211a0b-8318-4069-bf87-b3f165cd52a5,3ed08b29-cf3d-468f-b831-e261ef048dd0,ad705c59-6893-4980-bdbf-0837f1823cc4
1482,@types/d3-drag,3.0.7,Transitive Dependency,MIT License,PERMISSIVE,NOT_REVIEWED,9dad997f-2770-4594-a53b-e232467a55e0,bf57aebe-ac72-457a-91b9-a3201752d412,ad705c59-6893-4980-bdbf-0837f1823cc4
1483,@types/d3-ease,3.0.2,Transitive Dependency,MIT License,PERMISSIVE,NOT_REVIEWED,f9a3e1f3-869d-49fb-82fc-e9c784e5e0f1,1e077611-b814-48a0-aff4-646ae4365027,ad705c59-6893-4980-bdbf-0837f1823cc4
1484,@types/d3-format,3.0.4,Transitive Dependency,MIT License,PERMISSIVE,NOT_REVIEWED,b8b6df3f-3246-456e-bc63-d676fd1adc8f,c8895156-ac7a-43ec-a620-38b7d7d4f603,ad705c59-6893-4980-bdbf-0837f1823cc4
1485,@types/d3-hierarchy,3.1.7,Direct Dependency,MIT License,PERMISSIVE,NOT_REVIEWED,e1fdc0b5-53a8-44d7-a6a4-ed0141c2238d,07d62e2c-8831-4c0c-8b17-e66deee65315,ad705c59-6893-4980-bdbf-0837f1823cc4
1486,@types/d3-interpolate,3.0.4,Transitive Dependency,MIT License,PERMISSIVE,NOT_REVIEWED,ac37db1e-6f8f-4b08-aa4d-21583135aec0,43a312f8-703c-4ed8-99cb-4c3becc967ee,ad705c59-6893-4980-bdbf-0837f1823cc4
1487,@types/d3-path,3.1.1,Transitive Dependency,MIT License,PERMISSIVE,NOT_REVIEWED,e09dfd74-4efa-459f-bca2-ec7fb2682261,9fae52d6-77e1-4366-8782-a057fb8f2eb1,ad705c59-6893-4980-bdbf-0837f1823cc4
1488,@types/d3-polygon,3.0.2,Transitive Dependency,MIT License,PERMISSIVE,NOT_REVIEWED,0a76bac8-a6f5-4daa-998b-d9e4345934b9,76c90c22-13ae-494b-af76-f58bc660257f,ad705c59-6893-4980-bdbf-0837f1823cc4
1489,@types/d3-quadtree,3.0.6,Transitive Dependency,MIT License,PERMISSIVE,NOT_REVIEWED,94fff7f0-8feb-45ef-9fca-9753bda08483,1e600d2c-dc08-483e-a4c0-12baf5c48c2b,ad705c59-6893-4980-bdbf-0837f1823cc4
1490,@types/d3-random,3.0.3,Transitive Dependency,MIT License,PERMISSIVE,NOT_REVIEWED,53e1ca9a-06ed-41ad-b920-5ba51f5a3cab,f10d83d6-0270-4179-9b06-b23561b3e904,ad705c59-6893-4980-bdbf-0837f1823cc4
1491,@types/d3-scale-chromatic,3.1.0,Transitive Dependency,MIT License,PERMISSIVE,NOT_REVIEWED,18bdd166-6559-4ba0-aebb-473afb0e799b,d1bcfac9-cbbe-4450-b08e-54f62907a6fb,ad705c59-6893-4980-bdbf-0837f1823cc4
1492,@types/d3-time,3.0.4,Transitive Dependency,MIT License,PERMISSIVE,NOT_REVIEWED,29b768d1-687f-463b-95c3-6463daff731d,51f8d684-2c1e-4747-ac7d-9190da8ef250,ad705c59-6893-4980-bdbf-0837f1823cc4
1493,@types/d3-timer,3.0.2,Transitive Dependency,MIT License,PERMISSIVE,NOT_REVIEWED,d5fd3a53-b77f-44db-85d9-851600abe3db,ac16a186-7a37-4aa7-a136-a27324254165,ad705c59-6893-4980-bdbf-0837f1823cc4
1494,@types/deep-eql,4.0.2,Transitive Dependency,MIT License,PERMISSIVE,NOT_REVIEWED,82fdab1d-232d-445f-8c68-5fca80cd2f00,1e995863-208c-4dc7-86e7-5122528f8b2a,ad705c59-6893-4980-bdbf-0837f1823cc4
1495,@types/esrecurse,4.3.1,Transitive Dependency,MIT License,PERMISSIVE,NOT_REVIEWED,6416cc71-8537-4bb8-8316-e90ec28af001,a2d35f0a-ce15-4861-8c85-03acd2340c01,ad705c59-6893-4980-bdbf-0837f1823cc4
1496,@types/estree,1.0.8,Transitive Dependency,MIT License,PERMISSIVE,NOT_REVIEWED,48e118e1-8295-4e0a-adb5-58b2c80baa76,4fc1afec-ed44-4b55-9a9b-917e88f00a61,ad705c59-6893-4980-bdbf-0837f1823cc4
1497,@types/estree,1.0.9,Transitive Dependency,MIT License,PERMISSIVE,NOT_REVIEWED,48e118e1-8295-4e0a-adb5-58b2c80baa76,238c960b-5f29-4cf6-b6f3-77a4317e2c83,ad705c59-6893-4980-bdbf-0837f1823cc4
1498,@types/geojson,7946.0.16,Transitive Dependency,MIT License,PERMISSIVE,NOT_REVIEWED,19c70f75-e3f1-41f7-b32a-3f99df24a793,1a92a098-484f-4830-b86d-c9d669add2d9,ad705c59-6893-4980-bdbf-0837f1823cc4
1499,@types/js-cookie,3.0.6,Direct Dependency,MIT License,PERMISSIVE,NOT_REVIEWED,31632f86-c3c3-432b-b110-73f72dd996cb,adff6404-c581-4fa4-af4b-a8fab1c6e4a5,ad705c59-6893-4980-bdbf-0837f1823cc4
1500,@types/jsonexport,3.0.5,Direct Dependency,MIT License,PERMISSIVE,NOT_REVIEWED,e11ca372-394d-46ae-864e-187ade6a5009,13d7cfd4-2e7a-45d8-b194-67a4df3a865c,ad705c59-6893-4980-bdbf-0837f1823cc4
1501,@types/node,24.12.2,Direct Dependency,MIT License,PERMISSIVE,NOT_REVIEWED,89521250-97db-4e76-996b-ac3110a10928,68638347-3579-42a5-b3a5-7ec9a177f160,ad705c59-6893-4980-bdbf-0837f1823cc4
1502,@types/node,25.9.3,Transitive Dependency,MIT License,PERMISSIVE,NOT_REVIEWED,89521250-97db-4e76-996b-ac3110a10928,1c646c00-0194-4676-b867-4b0099ac0273,ad705c59-6893-4980-bdbf-0837f1823cc4
1503,@types/node,26.6.2,Direct Dependency,MIT License,PERMISSIVE,NOT_REVIEWED,89521250-97db-4e76-996b-ac3110a10928,a7b06696-b368-4cbe-ab21-38575a2d001b,ad705c59-6893-4980-bdbf-0837f1823cc4
1504,@types/react,18.2.42,Direct Dependency,MIT License,PERMISSIVE,NOT_REVIEWED,37e4c2d7-b49c-4200-a0f1-fb0fb1dbeef1,ec25606d-af99-4035-a57d-18c7b2349ff3,ad705c59-6893-4980-bdbf-0837f1823cc4
1505,@types/react,19.2.14,Direct Dependency,MIT License,PERMISSIVE,NOT_REVIEWED,37e4c2d7-b49c-4200-a0f1-fb0fb1dbeef1,84a087ba-169e-48e6-8885-9801428ed686,ad705c59-6893-4980-bdbf-0837f1823cc4
1506,@types/tmp,0.2.6,Transitive Dependency,MIT License,PERMISSIVE,NOT_REVIEWED,142be252-93b4-41b7-b367-09d9eef3706f,38822318-4c62-4c6b-b950-08080138e03e,ad705c59-6893-4980-bdbf-0837f1823cc4
1507,@types/validate-npm-package-name,4.0.2,Transitive Dependency,MIT License,PERMISSIVE,NOT_REVIEWED,2da2e031-029b-4c93-a6e0-56b628cbde5d,9e9827b0-a684-49d6-863f-a4a141d7bdd7,ad705c59-6893-4980-bdbf-0837f1823cc4
1508,@types/webpack-env,1.18.1,Direct Dependency,MIT License,PERMISSIVE,NOT_REVIEWED,12d16437-dfa4-4985-affd-863ec27a6dee,526b56a7-fdd4-401a-8e77-bc1bcdfbbd5b,ad705c59-6893-4980-bdbf-0837f1823cc4
1509,@typeschema/class-validator,0.3.0,Transitive Dependency,MIT License,PERMISSIVE,NOT_REVIEWED,21845e8a-23ac-49ec-8269-afb793896683,6e2b6d11-39c5-4690-ae02-2b747833d45c,ad705c59-6893-4980-bdbf-0837f1823cc4
1510,@typeschema/core,0.14.0,Transitive Dependency,MIT License,PERMISSIVE,NOT_REVIEWED,ec639071-f9b8-44e6-901a-f231f23ea114,4f6b8f84-2ea2-4a7a-b7eb-d2c043d8338a,ad705c59-6893-4980-bdbf-0837f1823cc4
1511,@typescript-eslint/eslint-plugin,8.59.2,Transitive Dependency,MIT License,PERMISSIVE,NOT_REVIEWED,b1bd6bd6-37d9-414a-84b3-9b57b90b51bb,e399874d-6856-48c5-8867-f714c46053e3,ad705c59-6893-4980-bdbf-0837f1823cc4
1512,@typescript-eslint/eslint-plugin,8.70.1,Transitive Dependency,MIT License,PERMISSIVE,NOT_REVIEWED,b1bd6bd6-37d9-414a-84b3-9b57b90b51bb,820c247a-55d0-4425-9389-ecc5b46dee81,ad705c59-6893-4980-bdbf-0837f1823cc4
1513,@typescript-eslint/parser,8.59.2,Transitive Dependency,MIT License,PERMISSIVE,NOT_REVIEWED,7ff86676-152f-4b1e-96b1-8362013208b8,7d98b8a0-2319-46cc-a6b5-0194b724831e,ad705c59-6893-4980-bdbf-0837f1823cc4
1514,@typescript-eslint/parser,8.70.1,Transitive Dependency,MIT License,PERMISSIVE,NOT_REVIEWED,7ff86676-152f-4b1e-96b1-8362013208b8,b613c850-7c6e-4cd3-8632-b9f7275cc382,ad705c59-6893-4980-bdbf-0837f1823cc4
1515,@typescript-eslint/scope-manager,8.59.2,Transitive Dependency,MIT License,PERMISSIVE,NOT_REVIEWED,42a93203-d139-4d04-b37f-afabceeaa6a0,4d4c3f6b-c171-4fd6-9044-3c52e4a3fa26,ad705c59-6893-4980-bdbf-0837f1823cc4
1516,@typescript-eslint/scope-manager,8.70.1,Transitive Dependency,MIT License,PERMISSIVE,NOT_REVIEWED,42a93203-d139-4d04-b37f-afabceeaa6a0,ba53f76f-385d-4680-bcb6-3e66170779d9,ad705c59-6893-4980-bdbf-0837f1823cc4
1517,@typescript-eslint/type-utils,8.59.2,Transitive Dependency,MIT License,PERMISSIVE,NOT_REVIEWED,d2e26afe-4ca1-4eff-92fc-6f522ace7da8,81ba80d3-dde9-4dea-bd15-31df652ac164,ad705c59-6893-4980-bdbf-0837f1823cc4
1518,@typescript-eslint/type-utils,8.70.1,Transitive Dependency,MIT License,PERMISSIVE,NOT_REVIEWED,d2e26afe-4ca1-4eff-92fc-6f522ace7da8,70c6e603-52e5-427f-989c-d73c6b8467f5,ad705c59-6893-4980-bdbf-0837f1823cc4
1519,@typescript-eslint/types,8.59.2,Transitive Dependency,MIT License,PERMISSIVE,NOT_REVIEWED,e98b5477-14ca-49b4-9a68-d4bfde5f7c8c,c807bc27-3267-483e-9103-b34662b70f45,ad705c59-6893-4980-bdbf-0837f1823cc4
1520,@typescript-eslint/types,8.61.1,Transitive Dependency,MIT License,PERMISSIVE,NOT_REVIEWED,e98b5477-14ca-49b4-9a68-d4bfde5f7c8c,bc0c419d-e773-407a-b4f6-6f43c93a112b,ad705c59-6893-4980-bdbf-0837f1823cc4
1521,@typescript-eslint/types,8.70.1,Transitive Dependency,MIT License,PERMISSIVE,NOT_REVIEWED,e98b5477-14ca-49b4-9a68-d4bfde5f7c8c,25fb9469-e6e2-47df-81a3-ba40760b9ec3,ad705c59-6893-4980-bdbf-0837f1823cc4
1522,@typescript-eslint/typescript-estree,8.59.2,Transitive Dependency,MIT License,PERMISSIVE,NOT_REVIEWED,876402c8-3582-471d-9c44-9a0360b59bc1,88454ab3-9d9e-4b9c-88db-e34be8b17df8,ad705c59-6893-4980-bdbf-0837f1823cc4
1523,@typescript-eslint/typescript-estree,8.61.1,Transitive Dependency,MIT License,PERMISSIVE,NOT_REVIEWED,876402c8-3582-471d-9c44-9a0360b59bc1,4b9b3ae3-7f65-4c88-8f20-511bd0e91735,ad705c59-6893-4980-bdbf-0837f1823cc4
1524,@typescript-eslint/typescript-estree,8.70.1,Transitive Dependency,MIT License,PERMISSIVE,NOT_REVIEWED,876402c8-3582-471d-9c44-9a0360b59bc1,318ab1ac-98e7-4a10-8447-712158337d8a,ad705c59-6893-4980-bdbf-0837f1823cc4
1525,@typescript-eslint/visitor-keys,8.59.2,Transitive Dependency,MIT License,PERMISSIVE,NOT_REVIEWED,44345295-226d-48e6-9fdb-0fa99f4674bc,2eba5f69-14b9-4146-8edf-1643f17ea468,ad705c59-6893-4980-bdbf-0837f1823cc4
1526,@typescript-eslint/visitor-keys,8.61.1,Transitive Dependency,MIT License,PERMISSIVE,NOT_REVIEWED,44345295-226d-48e6-9fdb-0fa99f4674bc,38e168e5-510e-4224-990b-c759c58e64e9,ad705c59-6893-4980-bdbf-0837f1823cc4
1527,@typescript-eslint/visitor-keys,8.70.1,Transitive Dependency,MIT License,PERMISSIVE,NOT_REVIEWED,44345295-226d-48e6-9fdb-0fa99f4674bc,ca1fe665-dc91-4746-99c5-3fa761995221,ad705c59-6893-4980-bdbf-0837f1823cc4
1528,@valibot/to-json-schema,1.8.0,Transitive Dependency,MIT License,PERMISSIVE,NOT_REVIEWED,ae1037c2-7018-4820-a5fa-9037f43d5ed5,894cde2e-3f50-4a31-bc88-48c3a153d1df,ad705c59-6893-4980-bdbf-0837f1823cc4
1529,@vinejs/vine,3.0.1,Transitive Dependency,MIT License,PERMISSIVE,NOT_REVIEWED,eda2a725-b0c0-4808-87e5-cd0de795375c,e1e73bb5-c058-443a-98ce-35e8f78e5ea1,ad705c59-6893-4980-bdbf-0837f1823cc4
1530,@vitest/mocker,2.1.9,Transitive Dependency,MIT License,PERMISSIVE,NOT_REVIEWED,fa7bda87-3914-420c-b079-3ce752ff8690,b5a22a35-784c-4dcd-9bcd-9484b753d20d,ad705c59-6893-4980-bdbf-0837f1823cc4
1531,@vitest/mocker,4.1.11,Transitive Dependency,MIT License,PERMISSIVE,NOT_REVIEWED,fa7bda87-3914-420c-b079-3ce752ff8690,982ffbec-8563-406a-bc89-f14e397526e3,ad705c59-6893-4980-bdbf-0837f1823cc4
1532,@vitest/pretty-format,2.1.9,Transitive Dependency,MIT License,PERMISSIVE,NOT_REVIEWED,61152a58-a68e-4eee-83f4-cb26ad2051d0,c829d1d8-6d98-4933-8337-db85322f8795,ad705c59-6893-4980-bdbf-0837f1823cc4
1533,@vitest/pretty-format,4.1.11,Transitive Dependency,MIT License,PERMISSIVE,NOT_REVIEWED,61152a58-a68e-4eee-83f4-cb26ad2051d0,608c01b7-51ad-4ad1-8688-800d711143b2,ad705c59-6893-4980-bdbf-0837f1823cc4
1534,@vitest/snapshot,2.1.9,Transitive Dependency,MIT License,PERMISSIVE,NOT_REVIEWED,83d3d566-97bc-481e-9450-4e7a2684acd6,3ac5114e-a274-4921-8cfd-112bc37367a4,ad705c59-6893-4980-bdbf-0837f1823cc4
1535,@vitest/snapshot,4.1.11,Transitive Dependency,MIT License,PERMISSIVE,NOT_REVIEWED,83d3d566-97bc-481e-9450-4e7a2684acd6,c8f4b3c8-2d98-46d3-93aa-f775fc43fa40,ad705c59-6893-4980-bdbf-0837f1823cc4
1536,@vue/compiler-sfc,3.5.38,Transitive Dependency,MIT License,PERMISSIVE,NOT_REVIEWED,6d9a5d68-b78c-4d54-9e99-ee29a58be02b,0a342b05-a842-47b0-8ede-058fcb8cf8ce,ad705c59-6893-4980-bdbf-0837f1823cc4
1537,@vue/compiler-ssr,3.5.38,Transitive Dependency,MIT License,PERMISSIVE,NOT_REVIEWED,68b2ded2-6278-442a-8b1a-715cb0883568,700ce08b-b073-4c19-93d4-8871a03349a9,ad705c59-6893-4980-bdbf-0837f1823cc4
1538,@webassemblyjs/ast,1.14.1,Transitive Dependency,MIT License,PERMISSIVE,NOT_REVIEWED,39f38e47-00a0-46ff-ab40-72d32149d9e1,729172f1-d32e-4754-ab91-392de503617f,ad705c59-6893-4980-bdbf-0837f1823cc4
1539,@webassemblyjs/floating-point-hex-parser,1.13.2,Transitive Dependency,MIT License,PERMISSIVE,NOT_REVIEWED,7e129514-3da4-403c-bdb5-e36074baf14d,960dba56-3c7d-4f25-b5c7-c741738c2bcd,ad705c59-6893-4980-bdbf-0837f1823cc4
1540,@webassemblyjs/helper-buffer,1.14.1,Transitive Dependency,MIT License,PERMISSIVE,NOT_REVIEWED,b0a17854-e6d7-4364-8757-c20b79fb0e19,c9b76244-19a7-43f4-a0cd-9d0abae291a0,ad705c59-6893-4980-bdbf-0837f1823cc4
1541,@webassemblyjs/helper-numbers,1.13.2,Transitive Dependency,MIT License,PERMISSIVE,NOT_REVIEWED,a7482184-a762-4d3d-b9e0-bc54ef44956e,b2630bdd-3268-4de2-b5fe-392c66892ba8,ad705c59-6893-4980-bdbf-0837f1823cc4
1542,@webassemblyjs/helper-wasm-bytecode,1.13.2,Transitive Dependency,MIT License,PERMISSIVE,NOT_REVIEWED,3730b984-6b0f-446e-a87e-cab1200f9fbc,ac3400aa-80b6-467c-832a-9ef926691d6b,ad705c59-6893-4980-bdbf-0837f1823cc4
1543,@webassemblyjs/ieee754,1.13.2,Transitive Dependency,MIT License,PERMISSIVE,NOT_REVIEWED,728419e1-ec09-49e1-853c-9013e7e09f79,507c17b1-09b4-4942-86ec-5991df8b6ac7,ad705c59-6893-4980-bdbf-0837f1823cc4
1544,@webassemblyjs/wasm-parser,1.14.1,Transitive Dependency,MIT License,PERMISSIVE,NOT_REVIEWED,cc696935-9caa-4522-9b18-1ea52e4c7c18,17cc892d-532e-408a-b6bf-841cd9aa0c0e,ad705c59-6893-4980-bdbf-0837f1823cc4
1545,@xtuc/long,4.2.2,Transitive Dependency,Apache License 2.0,PERMISSIVE,NOT_REVIEWED,b19379e6-aaac-45ff-8848-fee2d3cce42f,5916b737-6325-4135-a393-d5dbf2821b13,7cae335f-1193-421e-92f1-8802b4243e93
1546,@zenuml/core,3.46.0,Transitive Dependency,MIT License,PERMISSIVE,NOT_REVIEWED,47d55c97-322e-4ed7-88cd-1a5754f96545,b98f2899-30e7-4793-804d-2a90ee2dd11a,ad705c59-6893-4980-bdbf-0837f1823cc4
1547,Acorn,8.16.0,Transitive Dependency,MIT License,PERMISSIVE,NOT_REVIEWED,72333964-634b-42d8-b31f-8d083f301bf3,37de076e-7982-4d06-b636-754be9748e64,ad705c59-6893-4980-bdbf-0837f1823cc4
1548,Acorn,8.17.0,Transitive Dependency,MIT License,PERMISSIVE,NOT_REVIEWED,72333964-634b-42d8-b31f-8d083f301bf3,9612f0c4-44cd-4897-a092-ab4148920273,ad705c59-6893-4980-bdbf-0837f1823cc4
1549,Acorn,8.18.0,Transitive Dependency,MIT License,PERMISSIVE,NOT_REVIEWED,72333964-634b-42d8-b31f-8d083f301bf3,4db1ee17-5dd6-46ee-b8fd-613e7855d161,ad705c59-6893-4980-bdbf-0837f1823cc4
1550,Apache Arrow,go/v15.0.2,Transitive Dependency,Apache License 2.0,PERMISSIVE,NOT_REVIEWED,764148c9-aaea-4374-9acd-a4692a8d0eea,bb22e8a7-e5f8-44c4-86c1-6c426052e0c8,7cae335f-1193-421e-92f1-8802b4243e93
1551,Apache Thrift,0.17.0,Transitive Dependency,Apache License 2.0,PERMISSIVE,NOT_REVIEWED,e5353fc8-4793-4463-b134-a1007e138157,15b63df3-ea25-4a53-8feb-e239002bd278,7cae335f-1193-421e-92f1-8802b4243e93
1552,Azure/azure-sdk-for-go,v2.0.0-beta,Direct Dependency,Apache License 2.0,PERMISSIVE,NOT_REVIEWED,eb8d118c-86a8-4f82-ab85-d436a64296d7,988d5de1-b81f-4c17-a1c4-723647b7dbde,7cae335f-1193-421e-92f1-8802b4243e93
1553,Azure/azure-sdk-for-go,v2.2.0-beta,Direct Dependency,Apache License 2.0,PERMISSIVE,NOT_REVIEWED,eb8d118c-86a8-4f82-ab85-d436a64296d7,244143de-a680-47cd-ae5c-d3ca3e6ed791,7cae335f-1193-421e-92f1-8802b4243e93
1554,Azure/azure-sdk-for-go,v3.0.0-beta,Direct Dependency,Apache License 2.0,PERMISSIVE,NOT_REVIEWED,eb8d118c-86a8-4f82-ab85-d436a64296d7,b7e6f4bd-5f6a-4a6f-8a0c-2ecfa3714963,7cae335f-1193-421e-92f1-8802b4243e93
1555,Azure/azure-sdk-for-go,v3.2.0-beta,Transitive Dependency,Apache License 2.0,PERMISSIVE,NOT_REVIEWED,eb8d118c-86a8-4f82-ab85-d436a64296d7,f1858aa5-e8f0-4644-b9d7-40fef17e0419,7cae335f-1193-421e-92f1-8802b4243e93
1556,Azure/azure-sdk-for-go,v4.0.0-beta,Direct Dependency,Apache License 2.0,PERMISSIVE,NOT_REVIEWED,eb8d118c-86a8-4f82-ab85-d436a64296d7,f023608a-b86a-4db0-aeb1-ba096f396130,7cae335f-1193-421e-92f1-8802b4243e93
1557,AzureAD/microsoft-authentication-library-for-go,v1.9.0,Transitive Dependency,MIT License,PERMISSIVE,NOT_REVIEWED,582b43d7-4b70-4dcc-8f04-72a8a7dc4ed8,fc171cce-c4f3-4246-a155-4bcc21ae26ac,ad705c59-6893-4980-bdbf-0837f1823cc4
1558,Bluebird JS,3.7.2,Transitive Dependency,MIT License,PERMISSIVE,NOT_REVIEWED,620686a8-3d0c-420f-b9e8-82d79ef50b12,eb79ba25-fe80-431e-be26-b206b73ef450,ad705c59-6893-4980-bdbf-0837f1823cc4
1559,BurntSushi/toml,1.3.2,Transitive Dependency,"(MIT License AND BSD 2-clause ""Simplified"" License AND Creative Commons Attribution 3.0 AND BSD 3-clause ""New"" or ""Revised"" License)",PERMISSIVE,NOT_REVIEWED,999f5c44-828a-4f2c-8a17-9b5fd22f3beb,64f166d7-1e91-4f82-b2f8-0083421e18e9,"3d238144-44e6-450e-b523-3defbdaed9dc,cc875133-df38-4806-9921-473e0ef01a87,ad705c59-6893-4980-bdbf-0837f1823cc4,6958c970-4ceb-419e-8316-206151b9714a"
1560,Chart.js,4.5.1,Direct Dependency,MIT License,PERMISSIVE,NOT_REVIEWED,e19806bb-238d-4d44-897c-a403e11a44b9,bcb1e781-73af-4e85-af6c-600b64f4b690,ad705c59-6893-4980-bdbf-0837f1823cc4
1561,Code-Hex/go-generics-cache,v1.5.1,Transitive Dependency,MIT License,PERMISSIVE,NOT_REVIEWED,fcf9fd15-44eb-4480-8da6-8036cfea6fea,855a3763-693f-4b4a-9347-f68ffde34dce,ad705c59-6893-4980-bdbf-0837f1823cc4
1562,Commander.js,11.1.0,Transitive Dependency,MIT License,PERMISSIVE,NOT_REVIEWED,724e6d4a-85c0-47c3-9f28-9b5fc54b369d,e39164ed-ae34-4b24-9261-785d94581200,ad705c59-6893-4980-bdbf-0837f1823cc4
1563,Commander.js,12.1.0,Transitive Dependency,MIT License,PERMISSIVE,NOT_REVIEWED,724e6d4a-85c0-47c3-9f28-9b5fc54b369d,a354b3d5-1b50-46d0-922f-59fd916ec92f,ad705c59-6893-4980-bdbf-0837f1823cc4
1564,Commander.js,14.0.0,Transitive Dependency,MIT License,PERMISSIVE,NOT_REVIEWED,724e6d4a-85c0-47c3-9f28-9b5fc54b369d,96dd140b-9c7e-4923-9840-24f8801647a6,ad705c59-6893-4980-bdbf-0837f1823cc4
1565,Commander.js,14.0.2,Transitive Dependency,MIT License,PERMISSIVE,NOT_REVIEWED,724e6d4a-85c0-47c3-9f28-9b5fc54b369d,6faac8b6-0adc-4420-b975-12ba001cbd90,ad705c59-6893-4980-bdbf-0837f1823cc4
1566,Commander.js,14.0.3,Transitive Dependency,MIT License,PERMISSIVE,NOT_REVIEWED,724e6d4a-85c0-47c3-9f28-9b5fc54b369d,17f27d07-f7a5-471a-96e9-e6b6e2a3e7f1,ad705c59-6893-4980-bdbf-0837f1823cc4
1567,Commander.js,4.1.1,Transitive Dependency,MIT License,PERMISSIVE,NOT_REVIEWED,724e6d4a-85c0-47c3-9f28-9b5fc54b369d,92aaf04b-821d-468d-8685-16a2a0515730,ad705c59-6893-4980-bdbf-0837f1823cc4
1568,Commander.js,6.2.1,Transitive Dependency,MIT License,PERMISSIVE,NOT_REVIEWED,724e6d4a-85c0-47c3-9f28-9b5fc54b369d,be2cb64e-a18f-444e-b169-97c591552ae7,ad705c59-6893-4980-bdbf-0837f1823cc4
1569,Commander.js,7.2.0,Transitive Dependency,MIT License,PERMISSIVE,NOT_REVIEWED,724e6d4a-85c0-47c3-9f28-9b5fc54b369d,723b7b7d-443d-462e-84e2-82c728f8af16,ad705c59-6893-4980-bdbf-0837f1823cc4
1570,Commander.js,8.3.0,Transitive Dependency,MIT License,PERMISSIVE,NOT_REVIEWED,724e6d4a-85c0-47c3-9f28-9b5fc54b369d,c78aa647-2e8f-44f3-b7a8-7d7c297e5639,ad705c59-6893-4980-bdbf-0837f1823cc4
1571,Commander.js,v2.20.3,Transitive Dependency,MIT License,PERMISSIVE,NOT_REVIEWED,724e6d4a-85c0-47c3-9f28-9b5fc54b369d,5e250664-dc79-4d40-b23c-341450f34f59,ad705c59-6893-4980-bdbf-0837f1823cc4
1572,Consul,api/v1.33.7,Transitive Dependency,Business Source License 1.1,RESTRICTED_PROPRIETARY,NOT_REVIEWED,2e03fc5f-65b8-43b8-80cd-b3f2cee4bd41,d91bad2d-9d3c-4ae2-af0b-a295e7a0d95f,dde70004-f23f-437a-8982-c1aca19e3165
1573,DataDog/datadog-api-client-go,v2.64.0,Direct Dependency,Apache License 2.0,PERMISSIVE,NOT_REVIEWED,79fc4e49-2cd1-488b-ae46-f7846d360fb5,d68253a8-f28f-4338-8390-3ac2e26d482d,7cae335f-1193-421e-92f1-8802b4243e93
1574,DataDog/dd-trace-go,v2.3.0,Transitive Dependency,"BSD 3-clause ""New"" or ""Revised"" License",PERMISSIVE,NOT_REVIEWED,8a9447e0-3cc8-4746-a1ac-3eb1e7cccca8,6ad58c75-33c1-4bf8-aa01-473fb846cf6c,3d238144-44e6-450e-b523-3defbdaed9dc
1575,DataDog/dd-trace-go,v2.9.1,Transitive Dependency,"BSD 3-clause ""New"" or ""Revised"" License",PERMISSIVE,NOT_REVIEWED,8a9447e0-3cc8-4746-a1ac-3eb1e7cccca8,5c818268-f640-4c3a-8f33-389c958c506c,3d238144-44e6-450e-b523-3defbdaed9dc
1576,DataDog/go-libddwaf,v4.10.0,Transitive Dependency,Apache License 2.0,PERMISSIVE,NOT_REVIEWED,1fe88f31-f487-479f-b32b-503dc20f8dd0,b3b8bceb-aef7-4134-8a2b-8ad4b8eb098d,7cae335f-1193-421e-92f1-8802b4243e93
1577,Docker Moby,api/v1.55.0,Direct Dependency,Apache License 2.0,PERMISSIVE,NOT_REVIEWED,23453191-a36a-4e73-85db-21e916ed2ea9,67f013a0-24cf-4a5c-a792-397f2fb79a83,7cae335f-1193-421e-92f1-8802b4243e93
1578,Docker Moby,client/v0.5.1,Direct Dependency,Apache License 2.0,PERMISSIVE,NOT_REVIEWED,23453191-a36a-4e73-85db-21e916ed2ea9,9185b96f-a3fd-4716-98ae-402bd1b60a1a,7cae335f-1193-421e-92f1-8802b4243e93
1579,Esprima,4.0.1,Transitive Dependency,"BSD 2-clause ""Simplified"" License",PERMISSIVE,NOT_REVIEWED,930ff051-071e-42df-8486-a96100d2f071,2f9f8b70-2b26-430d-85c1-1d9fac0338b2,cc875133-df38-4806-9921-473e0ef01a87
1580,GoogleCloudPlatform/opentelemetry-operations-go,v0.59.0,Transitive Dependency,Apache License 2.0,PERMISSIVE,NOT_REVIEWED,f40d086c-df23-490a-90c3-5749af956f63,dc0f6a5c-153a-41f6-8352-ae863118fd6a,7cae335f-1193-421e-92f1-8802b4243e93
1581,Gozala/events,3.3.0,Transitive Dependency,MIT License,PERMISSIVE,NOT_REVIEWED,87a46c09-83f8-408d-a61c-20d93b2650be,34c037c7-c4c8-41a6-9d67-772b00d91b3a,ad705c59-6893-4980-bdbf-0837f1823cc4
1582,JSHTTP's negotiator,1.0.0,Transitive Dependency,MIT License,PERMISSIVE,NOT_REVIEWED,c274167f-2174-4d97-93f3-c83de83b6d1b,12151406-9ccf-4f70-b908-5096e637e5fc,ad705c59-6893-4980-bdbf-0837f1823cc4
1583,JohnCGriffin/overflow,20211019-snapshot-46fa312c,Transitive Dependency,MIT License,PERMISSIVE,NOT_REVIEWED,e5f7b15a-b9f4-428d-a09d-1d2a30cf6b07,b0671a33-7b88-4d7e-a2ac-5b3f51070f87,ad705c59-6893-4980-bdbf-0837f1823cc4
1584,Jose,6.2.2,Transitive Dependency,MIT License,PERMISSIVE,NOT_REVIEWED,728dee2b-b58c-4e4c-80a3-971ce988dfca,042d9e3d-0906-4e79-9fde-e73248782858,ad705c59-6893-4980-bdbf-0837f1823cc4
1585,KaTeX,0.16.38,Transitive Dependency,MIT License,PERMISSIVE,NOT_REVIEWED,722b802f-d018-488a-a29b-5b2e610c0218,26fa3a8c-3df4-4d46-9501-14a2f55523f7,ad705c59-6893-4980-bdbf-0837f1823cc4
1586,MakeNowJust-heredoc,v1.0.0,Transitive Dependency,MIT License,PERMISSIVE,NOT_REVIEWED,33f29f22-4f22-4dd5-a8ec-8c14fa3451de,92c44b98-65e4-4103-93e5-7aa80cd29987,ad705c59-6893-4980-bdbf-0837f1823cc4
1587,Microsofttslib,1.14.1,Transitive Dependency,BSD Zero Clause License,PERMISSIVE,NOT_REVIEWED,ce2319d7-17f0-468b-81de-bb4838847abc,34fae947-fc10-4c00-9f7e-7c3faa1c7a1e,dd4bebf5-122b-4a8c-8c2a-dc34f0308110
1588,Microsofttslib,2.8.1,Direct Dependency,BSD Zero Clause License,PERMISSIVE,NOT_REVIEWED,ce2319d7-17f0-468b-81de-bb4838847abc,ad12c2e7-d339-447e-a969-807f0d1ceb50,dd4bebf5-122b-4a8c-8c2a-dc34f0308110
1589,PostCSS,8.4.24,Direct Dependency,MIT License,PERMISSIVE,NOT_REVIEWED,2563deaf-6f65-4939-b50e-712d29fe7b4b,23f36737-1a43-4e87-b2e5-c17be070679e,ad705c59-6893-4980-bdbf-0837f1823cc4
1590,PostCSS,8.5.10,Transitive Dependency,MIT License,PERMISSIVE,NOT_REVIEWED,2563deaf-6f65-4939-b50e-712d29fe7b4b,b535580c-497c-46bc-9674-d92c89108cb3,ad705c59-6893-4980-bdbf-0837f1823cc4
1591,PostCSS,8.5.15,Transitive Dependency,MIT License,PERMISSIVE,NOT_REVIEWED,2563deaf-6f65-4939-b50e-712d29fe7b4b,bcc06e73-68c6-43a5-ba91-3d7e6bf60f72,ad705c59-6893-4980-bdbf-0837f1823cc4
1592,PostCSS,8.5.28,Direct Dependency,MIT License,PERMISSIVE,NOT_REVIEWED,2563deaf-6f65-4939-b50e-712d29fe7b4b,1fdf0bd6-d774-427c-8e3d-8b5dfaf94a26,ad705c59-6893-4980-bdbf-0837f1823cc4
1593,PostCSS,8.5.8,Transitive Dependency,MIT License,PERMISSIVE,NOT_REVIEWED,2563deaf-6f65-4939-b50e-712d29fe7b4b,cc659216-d5e3-4066-bb9c-6f773c6556b0,ad705c59-6893-4980-bdbf-0837f1823cc4
1594,PuerkitoBio/rehttp,v1.4.0,Transitive Dependency,"BSD 3-clause ""New"" or ""Revised"" License",PERMISSIVE,NOT_REVIEWED,aa83f0e4-aee6-428b-9cba-db21019fec8f,9ce139aa-51ae-47a3-9d35-7d55290131d4,3d238144-44e6-450e-b523-3defbdaed9dc
1595,Qix-/color-convert,2.0.1,Transitive Dependency,MIT License,PERMISSIVE,NOT_REVIEWED,ff4d5d00-5591-47da-943d-0e8464d04f31,a0f27905-8a7d-4579-854e-40a4ce6f3365,ad705c59-6893-4980-bdbf-0837f1823cc4
1596,SSLMate/go-pkcs12,v0.7.3,Direct Dependency,"BSD 3-clause ""New"" or ""Revised"" License",PERMISSIVE,NOT_REVIEWED,bd38a7f3-05cf-4585-be36-b3b221bf4fe0,dc070f8c-3550-49f6-8b58-370e4d839157,3d238144-44e6-450e-b523-3defbdaed9dc
1597,Sereal,20231009-snapshot-b9187f1a,Transitive Dependency,MIT License,PERMISSIVE,NOT_REVIEWED,6f714d62-fa2a-4521-9a97-26f36e18ee71,c3f71cdd-4819-4866-9a89-210d3486467f,ad705c59-6893-4980-bdbf-0837f1823cc4
1598,StefanTerdell/zod-to-json-schema,4.0.0,Transitive Dependency,ISC License,PERMISSIVE,NOT_REVIEWED,9dcd42e2-cccd-4f4f-b04d-e63f8eca8101,7639a73f-bafc-483d-b687-1345257e37ba,14b0b50b-acd2-4fc8-ac65-3b15f9e58260
1599,TypeScript,5.1.6,Direct Dependency,Apache License 2.0,PERMISSIVE,NOT_REVIEWED,cfc67ea3-d5d1-49c3-93a5-cabeff6c80d6,b64fa901-74ab-4403-9a27-fb0ec0589106,7cae335f-1193-421e-92f1-8802b4243e93
1600,TypeScript,5.9.3,Direct Dependency,Apache License 2.0,PERMISSIVE,NOT_REVIEWED,cfc67ea3-d5d1-49c3-93a5-cabeff6c80d6,f8bcea25-fccc-4882-a4ba-8247556207f1,7cae335f-1193-421e-92f1-8802b4243e93
1601,TypeScript,6.0.3,Direct Dependency,Apache License 2.0,PERMISSIVE,NOT_REVIEWED,cfc67ea3-d5d1-49c3-93a5-cabeff6c80d6,cdd55e8d-4b31-417b-8815-3ce7ab7b38a5,7cae335f-1193-421e-92f1-8802b4243e93
1602,Webpack,5.107.2,Transitive Dependency,MIT License,PERMISSIVE,NOT_REVIEWED,f07d5036-f3d2-4f4d-a445-fa309480b094,8c3c582b-0769-459c-9929-20dd7158b702,ad705c59-6893-4980-bdbf-0837f1823cc4
1603,Webpack,5.109.2,Direct Dependency,MIT License,PERMISSIVE,NOT_REVIEWED,f07d5036-f3d2-4f4d-a445-fa309480b094,8620539d-95c7-4915-b73b-7d4b6b17a409,ad705c59-6893-4980-bdbf-0837f1823cc4
1604,abort-controller,3.0.0,Transitive Dependency,MIT License,PERMISSIVE,NOT_REVIEWED,d5b71e40-2370-45d3-ae96-58f4593225be,a1578df6-f157-4647-837d-7d800a217af4,ad705c59-6893-4980-bdbf-0837f1823cc4
1605,acorn-walk,8.3.5,Transitive Dependency,MIT License,PERMISSIVE,NOT_REVIEWED,07d87742-3b2d-46d1-b4d9-488f44230e64,62410329-60d7-4988-aff9-624a3a8b5fd4,ad705c59-6893-4980-bdbf-0837f1823cc4
1606,agent-base,7.1.4,Transitive Dependency,MIT License,PERMISSIVE,NOT_REVIEWED,f73ff1a7-f8d2-425e-a434-330f6547aa39,081bba91-9230-49be-bcf5-019033edb67b,ad705c59-6893-4980-bdbf-0837f1823cc4
1607,agnivade/levenshtein,v1.2.1,Transitive Dependency,MIT License,PERMISSIVE,NOT_REVIEWED,00f0e8f4-978e-4ee6-9223-eae9ffbd9ef7,873fccd2-dbba-4289-955c-239fc5438c49,ad705c59-6893-4980-bdbf-0837f1823cc4
1608,airbnb javascript,19.0.4,Direct Dependency,MIT License,PERMISSIVE,NOT_REVIEWED,9c675266-1a6c-4951-874d-c091120b48fb,366d68bd-a64a-4be0-b3dd-1b261f619fda,ad705c59-6893-4980-bdbf-0837f1823cc4
1609,alecthomas-units,20240927-snapshot-0f3dac36,Transitive Dependency,MIT License,PERMISSIVE,NOT_REVIEWED,7ec255eb-d568-4a2f-83f6-b2f3384eb373,85038cb7-7478-44bd-92c0-9e4d532916d8,ad705c59-6893-4980-bdbf-0837f1823cc4
1610,andygrunwald/go-jira,v1.17.0,Direct Dependency,MIT License,PERMISSIVE,NOT_REVIEWED,e16164a0-af08-447a-9db1-0f118ba4ca33,88ea5beb-869c-4e82-b0c3-4dbfadde704f,ad705c59-6893-4980-bdbf-0837f1823cc4
1611,ansi-regex,4.1.1,Transitive Dependency,MIT License,PERMISSIVE,NOT_REVIEWED,8d080f9e-677a-4203-b72d-1edf330e5a1c,e39c8ba5-1460-4bfc-8e4a-63daeeb58a65,ad705c59-6893-4980-bdbf-0837f1823cc4
1612,ansi-regex,5.0.1,Transitive Dependency,MIT License,PERMISSIVE,NOT_REVIEWED,8d080f9e-677a-4203-b72d-1edf330e5a1c,379e0b70-62c1-4edc-9eb4-4815e4512496,ad705c59-6893-4980-bdbf-0837f1823cc4
1613,ansi-regex,6.2.2,Transitive Dependency,MIT License,PERMISSIVE,NOT_REVIEWED,8d080f9e-677a-4203-b72d-1edf330e5a1c,73860de9-1ae6-47c1-9ad6-58c858faea84,ad705c59-6893-4980-bdbf-0837f1823cc4
1614,ansi-styles,5.2.0,Transitive Dependency,MIT License,PERMISSIVE,NOT_REVIEWED,076b8cff-cc76-48d5-96f4-e7241d3d29d9,444f81de-adaa-4e75-84a8-db97689f33e3,ad705c59-6893-4980-bdbf-0837f1823cc4
1615,ansi-styles,6.2.3,Transitive Dependency,MIT License,PERMISSIVE,NOT_REVIEWED,076b8cff-cc76-48d5-96f4-e7241d3d29d9,fe6e5deb-439f-4af7-9a95-ecc5522b09c6,ad705c59-6893-4980-bdbf-0837f1823cc4
1616,ansi-styles,v4.3.0,Transitive Dependency,MIT License,PERMISSIVE,NOT_REVIEWED,076b8cff-cc76-48d5-96f4-e7241d3d29d9,80233df7-5f4d-43c8-986d-dde0eea89bf5,ad705c59-6893-4980-bdbf-0837f1823cc4
1617,any-promise,1.3.0,Transitive Dependency,MIT License,PERMISSIVE,NOT_REVIEWED,ead7ab4f-9243-4d84-9fb8-ec7ea4b0c524,ec875e79-eaa6-4363-9f0c-7e857c61f997,ad705c59-6893-4980-bdbf-0837f1823cc4
1618,app-module-path,2.2.0,Transitive Dependency,"BSD 2-clause ""Simplified"" License",PERMISSIVE,NOT_REVIEWED,16e0aec9-0f25-4536-bd0a-3ff4cd87f8e7,412bc7ed-9fa6-46c7-8092-405804687550,cc875133-df38-4806-9921-473e0ef01a87
1619,arch,2.2.0,Transitive Dependency,MIT License,PERMISSIVE,NOT_REVIEWED,3b3a3b9b-2f9e-4092-98fe-3656407a7809,bf7adb77-84f9-4f88-8285-cbd7a2b3fac9,ad705c59-6893-4980-bdbf-0837f1823cc4
1620,armon-go-metrics,v0.4.1,Transitive Dependency,MIT License,PERMISSIVE,NOT_REVIEWED,fe797ff0-cf8b-441a-ba39-fb5c1b8f555b,c316f0c5-fbf2-470c-bbbf-3eb2be588ac3,ad705c59-6893-4980-bdbf-0837f1823cc4
1621,armon-go-radix,v1.0.0,Transitive Dependency,MIT License,PERMISSIVE,NOT_REVIEWED,70a8744c-c1fb-410e-8a43-195984d231a7,6d82ab0f-cc9b-4899-b57d-5260dbd1d894,ad705c59-6893-4980-bdbf-0837f1823cc4
1622,assertion-error-formatter,3.0.0,Transitive Dependency,MIT License,PERMISSIVE,NOT_REVIEWED,357603d4-40e2-410b-8436-de5b9e727af0,e8110c9a-c2a6-4de5-ab94-d90d43fd1a99,ad705c59-6893-4980-bdbf-0837f1823cc4
1623,ast-module-types,6.0.2,Transitive Dependency,MIT License,PERMISSIVE,NOT_REVIEWED,6f31ed9f-539e-45e2-8bb1-7d11a48e1777,19903e84-e1e4-4d2e-a155-e64e4ea4a36d,ad705c59-6893-4980-bdbf-0837f1823cc4
1624,ast-types,0.13.4,Transitive Dependency,MIT License,PERMISSIVE,NOT_REVIEWED,b43a4051-08fe-438e-93e8-902c9afcc0d5,acfe9fc7-093b-45c4-a8a5-0cd8c2e665d0,ad705c59-6893-4980-bdbf-0837f1823cc4
1625,ast-types,0.16.1,Transitive Dependency,MIT License,PERMISSIVE,NOT_REVIEWED,b43a4051-08fe-438e-93e8-902c9afcc0d5,36357d1a-8a26-41f8-af22-6f3b90c5a1ed,ad705c59-6893-4980-bdbf-0837f1823cc4
1626,available-typed-arrays,1.0.7,Transitive Dependency,MIT License,PERMISSIVE,NOT_REVIEWED,86835e9c-ea4a-4492-9d54-7d20810d2f54,369dde30-8d2e-4ad0-8cae-d4c56937cbd4,ad705c59-6893-4980-bdbf-0837f1823cc4
1627,aws-sign,0.7.0,Transitive Dependency,Apache License 2.0,PERMISSIVE,NOT_REVIEWED,47fad39d-4c0e-43a1-ae39-ad74445d5200,6325bc7f-6b40-4ba3-b63a-3b594730f2ff,7cae335f-1193-421e-92f1-8802b4243e93
1628,aws4,1.13.2,Transitive Dependency,MIT License,PERMISSIVE,NOT_REVIEWED,c567ea1a-98d7-4204-9d20-fe15267ad4e4,06f1b40f-f55f-4da7-af4d-e90cabf6f6b0,ad705c59-6893-4980-bdbf-0837f1823cc4
1629,aymerick/douceur,v0.2.0,Transitive Dependency,MIT License,PERMISSIVE,NOT_REVIEWED,d70007e4-f96a-400e-b98e-7e2c55d88b8b,a6f68ad0-1855-45bc-83e8-ffa381f3582e,ad705c59-6893-4980-bdbf-0837f1823cc4
1630,balanced-match,1.0.2,Transitive Dependency,MIT License,PERMISSIVE,NOT_REVIEWED,1f4b101f-29c7-4b48-afbf-7f0d47927748,738d3ef9-c14b-4d3e-af97-ab46b9983859,ad705c59-6893-4980-bdbf-0837f1823cc4
1631,balanced-match,4.0.4,Transitive Dependency,MIT License,PERMISSIVE,NOT_REVIEWED,1f4b101f-29c7-4b48-afbf-7f0d47927748,d8a4dc66-2f42-451b-a578-bfe6a868a19a,ad705c59-6893-4980-bdbf-0837f1823cc4
1632,bare-events,2.8.2,Transitive Dependency,Apache License 2.0,PERMISSIVE,NOT_REVIEWED,24a8d3aa-18aa-4716-8661-e4af6e73efec,c82ce894-89a0-4924-a7e3-79a3d327bea7,7cae335f-1193-421e-92f1-8802b4243e93
1633,bare-fs,4.5.5,Transitive Dependency,Apache License 2.0,PERMISSIVE,NOT_REVIEWED,84fb340b-6897-4035-a684-994fd784a187,ee7c0ef8-a2bf-46b2-9a3a-3dff942cbab7,7cae335f-1193-421e-92f1-8802b4243e93
1634,bare-url,2.3.2,Transitive Dependency,Apache License 2.0,PERMISSIVE,NOT_REVIEWED,e2b06359-8c97-4ab0-8fed-60a30f2f35e2,29739c8c-ea02-4c8f-8f3e-c331108466b8,7cae335f-1193-421e-92f1-8802b4243e93
1635,bcrypt-pbkdf,1.0.2,Transitive Dependency,"BSD 3-clause ""New"" or ""Revised"" License",PERMISSIVE,NOT_REVIEWED,0eedc10f-59d5-4adf-bbd0-ea8a8f2059a1,75c1b3c9-df10-4bf0-9971-00fef8107040,3d238144-44e6-450e-b523-3defbdaed9dc
1636,benbjohnson-clock,v1.3.5,Transitive Dependency,MIT License,PERMISSIVE,NOT_REVIEWED,409a80e3-62ed-4c60-9a9c-d29b744ca497,03732e28-2c79-4dfe-83d7-89408f642685,ad705c59-6893-4980-bdbf-0837f1823cc4
1637,benjamn/recast,0.23.11,Transitive Dependency,MIT License,PERMISSIVE,NOT_REVIEWED,bb04b933-7696-4a91-9412-914f8fb3197d,28ef555d-673f-47b7-9698-d5e9f9783415,ad705c59-6893-4980-bdbf-0837f1823cc4
1638,binary-extensions,2.3.0,Transitive Dependency,MIT License,PERMISSIVE,NOT_REVIEWED,3fa2abd2-94f5-45c1-9af9-b50a539711bd,962ea80b-46fd-406a-9dd4-47ef72303729,ad705c59-6893-4980-bdbf-0837f1823cc4
1639,bits-ui,2.19.3,Direct Dependency,MIT License,PERMISSIVE,NOT_REVIEWED,c744f75f-4f9b-406c-846f-faa9ddc5be35,cc502773-d2a1-4778-9e4e-83d62c8f51e0,ad705c59-6893-4980-bdbf-0837f1823cc4
1640,blang-semver,3.5.1,Direct Dependency,MIT License,PERMISSIVE,NOT_REVIEWED,d0a2ae82-983d-44b9-ba59-699b2232dc2f,0e8d5e6d-4cd7-4f9a-bf87-2cc288d64265,ad705c59-6893-4980-bdbf-0837f1823cc4
1641,blang-semver,v4.0.0,Transitive Dependency,MIT License,PERMISSIVE,NOT_REVIEWED,d0a2ae82-983d-44b9-ba59-699b2232dc2f,729f81eb-d200-4abc-b97a-3b70c21ac351,ad705c59-6893-4980-bdbf-0837f1823cc4
1642,bluemonday,v1.0.27,Direct Dependency,"BSD 3-clause ""New"" or ""Revised"" License",PERMISSIVE,NOT_REVIEWED,3574846b-8e2c-417e-b57d-1480a45a6b98,d3bd281b-bc8b-4e09-a920-12fbe7c7b306,3d238144-44e6-450e-b523-3defbdaed9dc
1643,boombuler/barcode,20190412-snapshot-6c824513,Transitive Dependency,Mozilla Public License 2.0,WEAK_RECIPROCAL,NOT_REVIEWED,abcfe251-498d-40d9-b9f2-95ee8e9a5798,4a5aa326-358c-40d2-b2f3-570ab079d521,ce3dd63e-c569-4cea-986a-46bc5efe9896
1644,boostport/mjml-go,v0.16.0,Direct Dependency,Apache License 2.0,PERMISSIVE,NOT_REVIEWED,405c835a-1987-4d52-ae4d-1b0dc7005593,4d18748c-1f32-49cf-9b4d-c2462d75f498,7cae335f-1193-421e-92f1-8802b4243e93
1645,brace-expansion,1.1.14,Transitive Dependency,MIT License,PERMISSIVE,NOT_REVIEWED,359c18ec-ccec-40f9-8a12-2190783a4e22,378dead2-dcb2-448b-94ba-d5f8521c79a0,ad705c59-6893-4980-bdbf-0837f1823cc4
1646,brace-expansion,2.1.1,Transitive Dependency,MIT License,PERMISSIVE,NOT_REVIEWED,359c18ec-ccec-40f9-8a12-2190783a4e22,e6ef6a40-2140-49b5-b34d-c369b8b1b7c4,ad705c59-6893-4980-bdbf-0837f1823cc4
1647,brace-expansion,5.0.12,Transitive Dependency,MIT License,PERMISSIVE,NOT_REVIEWED,359c18ec-ccec-40f9-8a12-2190783a4e22,983e5b1d-4967-421e-9ec8-56a680ee13af,ad705c59-6893-4980-bdbf-0837f1823cc4
1648,brace-expansion,5.0.5,Transitive Dependency,MIT License,PERMISSIVE,NOT_REVIEWED,359c18ec-ccec-40f9-8a12-2190783a4e22,bdbb016d-bad5-419d-a829-5d5f20b2a317,ad705c59-6893-4980-bdbf-0837f1823cc4
1649,brace-expansion,5.0.6,Transitive Dependency,MIT License,PERMISSIVE,NOT_REVIEWED,359c18ec-ccec-40f9-8a12-2190783a4e22,dd58452a-006f-45af-8017-ed1c59641f41,ad705c59-6893-4980-bdbf-0837f1823cc4
1650,browserslist,4.28.2,Transitive Dependency,MIT License,PERMISSIVE,NOT_REVIEWED,9eea7663-0e97-49ac-be62-3611fae23cf2,5d47ba52-0590-4161-ad49-ba5160431792,ad705c59-6893-4980-bdbf-0837f1823cc4
1651,browserslist,4.29.1,Transitive Dependency,MIT License,PERMISSIVE,NOT_REVIEWED,9eea7663-0e97-49ac-be62-3611fae23cf2,7b03e3a1-0bde-4ab8-b937-323a650b3ff5,ad705c59-6893-4980-bdbf-0837f1823cc4
1652,buffer-crc32,0.2.13,Transitive Dependency,MIT License,PERMISSIVE,NOT_REVIEWED,2a808a8f-5e62-47c3-bb23-43bd07b9b96c,80b4c555-9584-46f7-9b36-83b6a2817b17,ad705c59-6893-4980-bdbf-0837f1823cc4
1653,buger/jsonparser,v1.1.2,Transitive Dependency,MIT License,PERMISSIVE,NOT_REVIEWED,827395ac-124a-4627-b961-5b162cecc542,a9855658-be17-45fa-8b3b-86f6ce86bbb9,ad705c59-6893-4980-bdbf-0837f1823cc4
1654,bytedance/gopkg,v0.1.4,Transitive Dependency,Apache License 2.0,PERMISSIVE,NOT_REVIEWED,65e8f530-d663-4c5a-b278-63780bdbbb67,821b5b50-6f89-4d9f-94bd-fa60b44ef44f,7cae335f-1193-421e-92f1-8802b4243e93
1655,bytedance/sonic,loader/v0.5.1,Transitive Dependency,Apache License 2.0,PERMISSIVE,NOT_REVIEWED,8ab716f1-27c8-40be-9c0e-332b971702ce,64125d03-e7a2-4e5f-b726-d2ac466c1e2a,7cae335f-1193-421e-92f1-8802b4243e93
1656,bytedance/sonic,v1.15.2,Transitive Dependency,Apache License 2.0,PERMISSIVE,NOT_REVIEWED,8ab716f1-27c8-40be-9c0e-332b971702ce,b27841cc-63cc-4282-8657-79d723fb4bd9,7cae335f-1193-421e-92f1-8802b4243e93
1657,cacheable,2.5.0,Transitive Dependency,MIT License,PERMISSIVE,NOT_REVIEWED,e282a067-b181-4ab2-bc75-04ce5e55b480,92824729-1796-47e2-a442-7d646fbde925,ad705c59-6893-4980-bdbf-0837f1823cc4
1658,call-bind,1.0.9,Transitive Dependency,MIT License,PERMISSIVE,NOT_REVIEWED,0be00fdf-95d8-4b55-917b-ed39b0ffa9f1,1c73c620-e9c3-4e71-b476-d3d75084da79,ad705c59-6893-4980-bdbf-0837f1823cc4
1659,call-bind-apply-helpers,1.0.2,Transitive Dependency,MIT License,PERMISSIVE,NOT_REVIEWED,ef68e7d2-fd28-436a-954e-929fc1b30fa6,162b38a0-ed7e-4f6d-8d52-14db535c0c67,ad705c59-6893-4980-bdbf-0837f1823cc4
1660,call-bound,1.0.4,Transitive Dependency,MIT License,PERMISSIVE,NOT_REVIEWED,a7f1d30c-069f-44a8-adf2-140c2e70f72b,ae1b8473-6526-4c8c-b2f5-11fd68529174,ad705c59-6893-4980-bdbf-0837f1823cc4
1661,callsites,3.1.0,Transitive Dependency,MIT License,PERMISSIVE,NOT_REVIEWED,4137d1da-aa46-490a-aa4b-8b54603248ee,f1651c75-d57e-4268-ba6e-e06b794c7641,ad705c59-6893-4980-bdbf-0837f1823cc4
1662,camelcase-css,2.0.1,Transitive Dependency,MIT License,PERMISSIVE,NOT_REVIEWED,d03494bc-c8f0-42db-bc64-4a4148be011d,6e2774d2-9c83-4e0d-b02b-ca7cb7d310bf,ad705c59-6893-4980-bdbf-0837f1823cc4
1663,caniuse-lite,1.0.30001788,Transitive Dependency,Creative Commons Attribution 4.0,PERMISSIVE,NOT_REVIEWED,a359727a-7220-4e0d-b819-e1b7f5953e92,187a1424-1a1d-4d7a-9621-f1f10e722e81,27e99305-0410-4234-a7a5-e7efa1801cfd
1664,caniuse-lite,1.0.30001799,Transitive Dependency,Creative Commons Attribution 4.0,PERMISSIVE,NOT_REVIEWED,a359727a-7220-4e0d-b819-e1b7f5953e92,3eccc9ff-44da-43c9-b8de-f65ff21aed72,27e99305-0410-4234-a7a5-e7efa1801cfd
1665,caniuse-lite,1.0.30001812,Transitive Dependency,Creative Commons Attribution 4.0,PERMISSIVE,NOT_REVIEWED,a359727a-7220-4e0d-b819-e1b7f5953e92,a6b976a7-eb66-4d6d-881e-8739202488cf,27e99305-0410-4234-a7a5-e7efa1801cfd
1666,cespare/xxhash,v2.3.0,Transitive Dependency,MIT License,PERMISSIVE,NOT_REVIEWED,49651356-8651-4b8e-9eba-a245f6d236a9,6f908056-e919-4f42-a240-ec807e6e9a67,ad705c59-6893-4980-bdbf-0837f1823cc4
1667,change-case,1.0.4,Transitive Dependency,MIT License,PERMISSIVE,NOT_REVIEWED,9db8d3c2-5d93-41a7-9fda-171b6847e8df,3ec25120-11fe-4d29-b464-3fd4c0fdb0e3,ad705c59-6893-4980-bdbf-0837f1823cc4
1668,chartjs-plugin-zoom,2.2.0,Direct Dependency,MIT License,PERMISSIVE,NOT_REVIEWED,6363950e-3d84-4297-81c3-0f4b61a37b09,55b4e493-779a-4819-b92c-73cd17efe65d,ad705c59-6893-4980-bdbf-0837f1823cc4
1669,check-error,2.1.3,Transitive Dependency,MIT License,PERMISSIVE,NOT_REVIEWED,76b1eaa9-6bb8-480b-a51f-89d0cdd96fd5,39612d27-824d-4856-802c-f4d3d2d91797,ad705c59-6893-4980-bdbf-0837f1823cc4
1670,chokidar,3.6.0,Transitive Dependency,MIT License,PERMISSIVE,NOT_REVIEWED,5a5a96cc-0e99-4d66-8169-8d7974f40b35,145262b5-803b-46b2-99f6-0c8c7a0e1a39,ad705c59-6893-4980-bdbf-0837f1823cc4
1671,chokidar,4.0.3,Transitive Dependency,MIT License,PERMISSIVE,NOT_REVIEWED,5a5a96cc-0e99-4d66-8169-8d7974f40b35,af95f2d1-e404-4c58-997f-4b194bb10cdd,ad705c59-6893-4980-bdbf-0837f1823cc4
1672,chriso/node-validator,13.15.35,Transitive Dependency,MIT License,PERMISSIVE,NOT_REVIEWED,40b54c54-741a-4b5f-949f-296ab44abd07,8cdb87f6-9a01-4d88-91ae-2ae00d38acf0,ad705c59-6893-4980-bdbf-0837f1823cc4
1673,chromedp/cdproto,20260804-snapshot-e85f50db,Direct Dependency,MIT License,PERMISSIVE,NOT_REVIEWED,2f1e701e-f270-4b3b-98c2-1ca1282d729c,b2c52bfc-8706-4370-8d02-b06dae68ec3b,ad705c59-6893-4980-bdbf-0837f1823cc4
1674,chzyer-readline,v1.5.1,Transitive Dependency,MIT License,PERMISSIVE,NOT_REVIEWED,d5e4c2f2-57d8-42c8-9d2b-1005a280a405,f4e773cc-9027-4854-9d88-799d7e3568e2,ad705c59-6893-4980-bdbf-0837f1823cc4
1675,circonus-labs/circonus-gometrics,v2.3.1,Transitive Dependency,"BSD 3-clause ""New"" or ""Revised"" License",PERMISSIVE,NOT_REVIEWED,399ef22d-cdcf-4ea2-9b7d-1228b346fdb9,de8f3c26-1d6a-46ff-ba88-e669a0d1a00c,3d238144-44e6-450e-b523-3defbdaed9dc
1676,class-transformer,0.5.1,Transitive Dependency,MIT License,PERMISSIVE,NOT_REVIEWED,838d7edf-f4ad-476d-bdda-4d2ccff4735b,9feb6a0b-b1e2-4381-9c29-783c6f351f5a,ad705c59-6893-4980-bdbf-0837f1823cc4
1677,class-validator,0.14.4,Transitive Dependency,MIT License,PERMISSIVE,NOT_REVIEWED,3972a1e8-ab19-45e4-8579-863f234fb48c,319f7a38-d482-4bd5-9355-88e927c283f8,ad705c59-6893-4980-bdbf-0837f1823cc4
1678,class-variance-authority,0.7.1,Direct Dependency,Apache License 2.0,PERMISSIVE,NOT_REVIEWED,eb18f83e-6ee1-4cef-998f-d00999419202,e99fd9d0-bfd6-4144-8e9d-25f0f93f3ee3,7cae335f-1193-421e-92f1-8802b4243e93
1679,classnames,2.5.1,Direct Dependency,MIT License,PERMISSIVE,NOT_REVIEWED,31f01f40-86da-4a43-bf3a-d7448a3b8850,b0c0e841-30b8-4a53-b470-01a8312a2d20,ad705c59-6893-4980-bdbf-0837f1823cc4
1680,cli-spinners,2.9.2,Transitive Dependency,MIT License,PERMISSIVE,NOT_REVIEWED,6753bbf0-e082-497c-9c75-7ff571b02351,4ac454bf-ac7e-4654-b5c9-e748a919b5bd,ad705c59-6893-4980-bdbf-0837f1823cc4
1681,cli-table3,0.6.1,Transitive Dependency,MIT License,PERMISSIVE,NOT_REVIEWED,4c6466da-e262-4604-ae50-eaa0da5bb8be,0919a1f0-cd23-4608-ab91-ae2b5a5755a3,ad705c59-6893-4980-bdbf-0837f1823cc4
1682,cli-table3,0.6.5,Transitive Dependency,MIT License,PERMISSIVE,NOT_REVIEWED,4c6466da-e262-4604-ae50-eaa0da5bb8be,e622a445-bbba-4aff-a291-620b201fdffa,ad705c59-6893-4980-bdbf-0837f1823cc4
1683,cli-truncate,5.2.0,Transitive Dependency,MIT License,PERMISSIVE,NOT_REVIEWED,003b1bd4-448f-4a78-8a79-ad38f0c3357b,4898d678-52ff-4787-a017-4df4d2658656,ad705c59-6893-4980-bdbf-0837f1823cc4
1684,client-go,v0.36.4,Direct Dependency,Apache License 2.0,PERMISSIVE,NOT_REVIEWED,eee50589-7e4c-432b-9c72-e79112aebae7,9c6a95a4-f3de-49a0-a541-bd7ed45d1f84,7cae335f-1193-421e-92f1-8802b4243e93
1685,clipperhouse/uax29,v2.7.0,Transitive Dependency,MIT License,PERMISSIVE,NOT_REVIEWED,b039090a-20f8-4bb5-8cd2-ecc43610c189,b7829b05-3d01-4d6b-880b-eb76a64cd559,ad705c59-6893-4980-bdbf-0837f1823cc4
1686,color-name,1.1.4,Transitive Dependency,MIT License,PERMISSIVE,NOT_REVIEWED,68b85420-e2ba-4f55-96e5-05836e663a21,67e179f4-6338-40a8-a485-ef29c6590aef,ad705c59-6893-4980-bdbf-0837f1823cc4
1687,color-name,2.1.0,Transitive Dependency,MIT License,PERMISSIVE,NOT_REVIEWED,68b85420-e2ba-4f55-96e5-05836e663a21,38e3b079-ad20-4da7-9c6a-3ad5a5b3590a,ad705c59-6893-4980-bdbf-0837f1823cc4
1688,colorette,2.0.20,Transitive Dependency,MIT License,PERMISSIVE,NOT_REVIEWED,6ceb0c1e-abbd-4060-900d-0a172935555f,838ca5eb-0d23-4d1d-9b62-47a91cce0bec,ad705c59-6893-4980-bdbf-0837f1823cc4
1689,colors.js,1.0.3,Transitive Dependency,MIT License,PERMISSIVE,NOT_REVIEWED,585cd0ba-48ef-48ea-a731-ce16e4659d4f,c6607240-d806-4a75-b74c-8fccc207d824,ad705c59-6893-4980-bdbf-0837f1823cc4
1690,colors.js,1.4.0,Transitive Dependency,MIT License,PERMISSIVE,NOT_REVIEWED,585cd0ba-48ef-48ea-a731-ce16e4659d4f,617fcecc-1ed7-4e79-9af3-dce59fa22d4f,ad705c59-6893-4980-bdbf-0837f1823cc4
1691,combined-stream,1.0.8,Transitive Dependency,MIT License,PERMISSIVE,NOT_REVIEWED,433e80c2-6c56-457c-80e3-2f3fa573ec8a,77685b17-bdfd-48ad-bd72-318e01ea1f66,ad705c59-6893-4980-bdbf-0837f1823cc4
1692,common-ancestor-path,2.0.0,Transitive Dependency,Blue Oak Model License 1.0.0,PERMISSIVE,NOT_REVIEWED,5649480b-5050-4a10-a047-f75cdec4923a,32176a0f-f20f-4d65-b3d2-d562a3393d04,9581ad88-048e-43d1-a7bc-f3675f8f3558
1693,common-tags,1.8.2,Transitive Dependency,MIT License,PERMISSIVE,NOT_REVIEWED,e690bd50-0f80-4bf4-b6f6-fc63938e099e,5049b626-1290-43db-9921-e071e7bf2da1,ad705c59-6893-4980-bdbf-0837f1823cc4
1694,compare-versions,6.1.1,Transitive Dependency,MIT License,PERMISSIVE,NOT_REVIEWED,0e11ff70-01b8-4284-b271-09b2e45bbc78,def09fdc-4da7-44cb-8527-7a29080f88a1,ad705c59-6893-4980-bdbf-0837f1823cc4
1695,confbox,0.1.8,Transitive Dependency,MIT License,PERMISSIVE,NOT_REVIEWED,bf7f39d0-b686-4f85-9511-3fd761334def,af17390b-564b-4f28-8b47-b34a989354bd,ad705c59-6893-4980-bdbf-0837f1823cc4
1696,confluent-kafka-go,v1.9.2,Transitive Dependency,Apache License 2.0,PERMISSIVE,NOT_REVIEWED,fae7d884-4325-4922-91d5-de34b71ccf8d,9e37cc80-2e4c-4cb7-bac8-d7ea2cd8fe84,7cae335f-1193-421e-92f1-8802b4243e93
1697,confluent-kafka-go,v2.4.0,Transitive Dependency,Apache License 2.0,PERMISSIVE,NOT_REVIEWED,fae7d884-4325-4922-91d5-de34b71ccf8d,cb97ad5b-e928-406c-854e-3bec6913b1a5,7cae335f-1193-421e-92f1-8802b4243e93
1698,containerd/containerd,api/v1.9.0,Transitive Dependency,Apache License 2.0,PERMISSIVE,NOT_REVIEWED,6f52fb60-525f-4c86-aa56-48dba90fa888,4de91828-edfb-47d5-8597-e11e05b049cf,7cae335f-1193-421e-92f1-8802b4243e93
1699,convert-source-map,2.0.0,Transitive Dependency,MIT License,PERMISSIVE,NOT_REVIEWED,2f734218-c864-404b-897f-0c1fe821610e,5de1da6d-3b17-4f8d-b25f-414cd7bae458,ad705c59-6893-4980-bdbf-0837f1823cc4
1700,copy-webpack-plugin,11.0.0,Direct Dependency,MIT License,PERMISSIVE,NOT_REVIEWED,e71e97f4-a09d-4135-b614-2091db714730,646f991c-5224-4fd1-b8b5-7fca08708b0f,ad705c59-6893-4980-bdbf-0837f1823cc4
1701,couchbase-python-client,4.0.0,Direct Dependency,Apache License 2.0,PERMISSIVE,NOT_REVIEWED,38a09da5-4b7a-4e96-be95-b2368cc14ffb,2291d5d1-e13c-4da1-be95-23c374bc3073,7cae335f-1193-421e-92f1-8802b4243e93
1702,creack/pty,v1.1.24,Transitive Dependency,MIT License,PERMISSIVE,NOT_REVIEWED,c5c77a3c-561f-4258-903c-b9b71a1c9dcd,819d4931-499a-4112-b16f-4c04cce6ae3d,ad705c59-6893-4980-bdbf-0837f1823cc4
1703,crypt,0.0.2,Transitive Dependency,"BSD 3-clause ""New"" or ""Revised"" License",PERMISSIVE,NOT_REVIEWED,483f7dec-63e1-4557-aaa2-74433defdc8e,86039136-ebf8-4c2f-a9db-2601fd34841f,3d238144-44e6-450e-b523-3defbdaed9dc
1704,css-loader,6.8.1,Direct Dependency,MIT License,PERMISSIVE,NOT_REVIEWED,2a6e6038-adea-4e3f-b9b8-7d5363fc5759,e2ab614d-c4ca-42b2-8ef0-112433fb81bd,ad705c59-6893-4980-bdbf-0837f1823cc4
1705,cssesc,3.0.0,Transitive Dependency,MIT License,PERMISSIVE,NOT_REVIEWED,0715356d-0a48-47ef-90f5-92056cd7f70f,6820c487-f365-4547-8553-4c13b67de6ed,ad705c59-6893-4980-bdbf-0837f1823cc4
1706,cssstyle,4.6.0,Transitive Dependency,MIT License,PERMISSIVE,NOT_REVIEWED,dca09392-372d-4b9f-b52c-772910c05518,928909f5-0323-4314-8405-caae42b04b26,ad705c59-6893-4980-bdbf-0837f1823cc4
1707,csstype,3.2.3,Transitive Dependency,MIT License,PERMISSIVE,NOT_REVIEWED,59fce7fc-99ab-4cdd-931b-cbf0a96fb817,644c4775-5342-4370-b6e5-4198e43fea94,ad705c59-6893-4980-bdbf-0837f1823cc4
1708,cypress,15.19.0,Direct Dependency,MIT License,PERMISSIVE,NOT_REVIEWED,3905f228-f92c-473d-a8f6-d8df8d21f578,a4f5a454-e880-418c-b648-f63390c89321,ad705c59-6893-4980-bdbf-0837f1823cc4
1709,cypress-multi-reporters,2.0.5,Direct Dependency,MIT License,PERMISSIVE,NOT_REVIEWED,744675da-2c2b-4479-9c40-501527de9d4d,2c70e019-50ba-4cf9-97fe-e5c26ea5fdd5,ad705c59-6893-4980-bdbf-0837f1823cc4
1710,cypress-on-fix,1.1.0,Direct Dependency,MIT License,PERMISSIVE,NOT_REVIEWED,34bfc568-0069-4057-87ab-a723e065414d,aca92e3c-adc3-4c59-8571-31c0428cb70f,ad705c59-6893-4980-bdbf-0837f1823cc4
1711,cypress-terminal-report,7.3.3,Direct Dependency,MIT License,PERMISSIVE,NOT_REVIEWED,80d2aff4-d513-41c6-aef3-2d69946ca865,19329d8e-fba6-4e52-a7ee-a2dbf4bae17a,ad705c59-6893-4980-bdbf-0837f1823cc4
1712,cytoscape,3.33.1,Transitive Dependency,MIT License,PERMISSIVE,NOT_REVIEWED,f16a382d-7aeb-4f84-ac95-3073f1ba96cd,bc6cbc42-31d5-4ab8-8e13-55d4c5535e63,ad705c59-6893-4980-bdbf-0837f1823cc4
1713,cytoscape-cose-bilkent,4.1.0,Transitive Dependency,MIT License,PERMISSIVE,NOT_REVIEWED,696e286e-59a7-4e7d-a3d8-a0eeb5c3efdc,50fab176-8870-4362-8313-7478bb190fde,ad705c59-6893-4980-bdbf-0837f1823cc4
1714,d3-brush,3.0.0,Transitive Dependency,ISC License,PERMISSIVE,NOT_REVIEWED,f5d09e35-b5b3-4b23-88bd-96fe4097914c,218478c7-635c-4e14-8495-3d3d16fedabb,14b0b50b-acd2-4fc8-ac65-3b15f9e58260
1715,d3-chord,3.0.1,Transitive Dependency,ISC License,PERMISSIVE,NOT_REVIEWED,c332d48f-f17b-4d3b-b3ee-029f65c8e0f0,049ac67a-f617-445f-8773-7fac3d4a07f0,14b0b50b-acd2-4fc8-ac65-3b15f9e58260
1716,d3-delaunay,6.0.4,Transitive Dependency,ISC License,PERMISSIVE,NOT_REVIEWED,6a995aa3-a985-4131-8581-ec7aaf5ef613,d0163822-ced7-4521-897f-b7861f39c0a3,14b0b50b-acd2-4fc8-ac65-3b15f9e58260
1717,d3-dispatch,3.0.1,Transitive Dependency,ISC License,PERMISSIVE,NOT_REVIEWED,f3551852-c261-4118-bc57-92788c2e0700,6b18a9a2-c651-4639-8941-1b04ba6dd881,14b0b50b-acd2-4fc8-ac65-3b15f9e58260
1718,d3-drag,3.0.0,Transitive Dependency,ISC License,PERMISSIVE,NOT_REVIEWED,ac36c466-5d28-4d88-aacc-9f91570e1ca0,dd202e31-4aac-439b-8c04-d14318a451e7,14b0b50b-acd2-4fc8-ac65-3b15f9e58260
1719,d3-ease,3.0.1,Transitive Dependency,"BSD 3-clause ""New"" or ""Revised"" License",PERMISSIVE,NOT_REVIEWED,99d74b57-6049-4e63-8f53-afb5b2ef8460,0bd89737-f241-4a87-b7c6-f58253e53d34,3d238144-44e6-450e-b523-3defbdaed9dc
1720,d3-hierarchy,3.1.2,Direct Dependency,ISC License,PERMISSIVE,NOT_REVIEWED,48788cf0-39c4-4e04-a8d7-576dd20bbb71,16b4595b-d892-4a93-9aea-df63540be32b,14b0b50b-acd2-4fc8-ac65-3b15f9e58260
1721,d3-quadtree,3.0.1,Transitive Dependency,ISC License,PERMISSIVE,NOT_REVIEWED,d38ab35d-a226-4e5f-8818-8dd44cd4e210,58793899-3835-4b35-9174-56dd838faee3,14b0b50b-acd2-4fc8-ac65-3b15f9e58260
1722,d3-sankey,0.12.3,Transitive Dependency,"BSD 3-clause ""New"" or ""Revised"" License",PERMISSIVE,NOT_REVIEWED,d712fb38-e938-4992-8534-8e8b12f5c224,8ae5b163-8e04-4d33-bd9f-af9757a6dd07,3d238144-44e6-450e-b523-3defbdaed9dc
1723,d3-scale,4.0.2,Transitive Dependency,ISC License,PERMISSIVE,NOT_REVIEWED,dcab803c-bb28-440e-9298-d4194b3cce15,2ad54523-82cd-4bbe-9a2d-263e32a3bf6f,14b0b50b-acd2-4fc8-ac65-3b15f9e58260
1724,d3-selection,3.0.0,Direct Dependency,ISC License,PERMISSIVE,NOT_REVIEWED,2caa6fae-651b-458f-9826-f056fbb8ed6a,f352c76d-dfe2-46b0-b532-f90afa34d460,14b0b50b-acd2-4fc8-ac65-3b15f9e58260
1725,d3-time,3.1.0,Transitive Dependency,ISC License,PERMISSIVE,NOT_REVIEWED,92e8b0fe-3365-4340-a3f9-e50b67f10497,31e71e17-7644-4d17-a84a-f90fa114aa67,14b0b50b-acd2-4fc8-ac65-3b15f9e58260
1726,d3-time-format,4.1.0,Transitive Dependency,ISC License,PERMISSIVE,NOT_REVIEWED,0547aa21-02d1-43a8-b695-d3dc595601d6,1159c855-bbb4-4cef-b6b8-bade0e267967,14b0b50b-acd2-4fc8-ac65-3b15f9e58260
1727,d3-transition,3.0.1,Transitive Dependency,ISC License,PERMISSIVE,NOT_REVIEWED,ece8e263-0474-4362-825c-dce1af9226e7,2b6e713e-8342-4ce9-9611-5301c77b18ae,14b0b50b-acd2-4fc8-ac65-3b15f9e58260
1728,d3-zoom,3.0.0,Direct Dependency,ISC License,PERMISSIVE,NOT_REVIEWED,74f398bc-70e9-43ba-a560-5538353834ce,eddcb793-8dbc-4b9b-8cb0-5a2ca29ea566,14b0b50b-acd2-4fc8-ac65-3b15f9e58260
1729,data-urls,5.0.0,Transitive Dependency,MIT License,PERMISSIVE,NOT_REVIEWED,ffaebb91-6dea-42f1-98c3-0ad6a1336085,919f00c7-67df-459b-9741-687ff1e944be,ad705c59-6893-4980-bdbf-0837f1823cc4
1730,dayjs,1.11.19,Direct Dependency,MIT License,PERMISSIVE,NOT_REVIEWED,665845fb-10dc-453b-918c-ec228ceddefc,592886a1-82c9-4a43-be54-67a16da71422,ad705c59-6893-4980-bdbf-0837f1823cc4
1731,dayjs,1.11.20,Transitive Dependency,MIT License,PERMISSIVE,NOT_REVIEWED,665845fb-10dc-453b-918c-ec228ceddefc,b3dd1fd0-a501-4120-a2e2-addf2ac27caa,ad705c59-6893-4980-bdbf-0837f1823cc4
1732,dayjs,1.11.21,Transitive Dependency,MIT License,PERMISSIVE,NOT_REVIEWED,665845fb-10dc-453b-918c-ec228ceddefc,fe58c3ed-2c93-4b39-807d-6024b8dc4202,ad705c59-6893-4980-bdbf-0837f1823cc4
1733,dayjs,1.11.23,Direct Dependency,MIT License,PERMISSIVE,NOT_REVIEWED,665845fb-10dc-453b-918c-ec228ceddefc,2a749add-2d2c-4dd3-ad70-c58812296d1b,ad705c59-6893-4980-bdbf-0837f1823cc4
1734,debug-js/debug,3.2.7,Transitive Dependency,MIT License,PERMISSIVE,NOT_REVIEWED,311cd3ac-8ee5-4020-af4d-ac4aa070b4fa,832fdb47-48ab-4ad9-85ce-d42fb5999c66,ad705c59-6893-4980-bdbf-0837f1823cc4
1735,debug-js/debug,4.3.4,Transitive Dependency,MIT License,PERMISSIVE,NOT_REVIEWED,311cd3ac-8ee5-4020-af4d-ac4aa070b4fa,7eeaf00e-8a09-4911-ae2c-010644e829c8,ad705c59-6893-4980-bdbf-0837f1823cc4
1736,debug-js/debug,4.4.3,Transitive Dependency,MIT License,PERMISSIVE,NOT_REVIEWED,311cd3ac-8ee5-4020-af4d-ac4aa070b4fa,2f7ee0ac-9ba1-4a9c-899d-0a9143511b6c,ad705c59-6893-4980-bdbf-0837f1823cc4
1737,decimal.js,10.6.0,Transitive Dependency,MIT License,PERMISSIVE,NOT_REVIEWED,1993a566-fbf0-48fd-ab88-e7f87a646322,9c118083-ea96-4ca7-bddc-07bf8abffaca,ad705c59-6893-4980-bdbf-0837f1823cc4
1738,decred-dcrd,crypto/blake256/v1.1.0,Transitive Dependency,ISC License,PERMISSIVE,NOT_REVIEWED,2cf64f4e-f746-4bba-969c-4340200d0c21,85a35c21-58e5-4a6a-a30e-f6f15b28b37f,14b0b50b-acd2-4fc8-ac65-3b15f9e58260
1739,decred-dcrd,dcrec/secp256k1/v4.4.0,Transitive Dependency,ISC License,PERMISSIVE,NOT_REVIEWED,2cf64f4e-f746-4bba-969c-4340200d0c21,467c5014-151f-4778-8e73-4884c73726b8,14b0b50b-acd2-4fc8-ac65-3b15f9e58260
1740,deeks,3.2.1,Transitive Dependency,MIT License,PERMISSIVE,NOT_REVIEWED,b45f77d0-13e9-43cf-9e17-3c664305f749,8958a612-9d7c-44f0-a44c-0887b3f429f2,ad705c59-6893-4980-bdbf-0837f1823cc4
1741,deepmerge,4.3.1,Transitive Dependency,MIT License,PERMISSIVE,NOT_REVIEWED,9ec4adfa-7ccb-4ddf-9108-86d86de008af,688fa5ba-60b7-44e7-abab-93784905e790,ad705c59-6893-4980-bdbf-0837f1823cc4
1742,default-browser,5.5.0,Transitive Dependency,MIT License,PERMISSIVE,NOT_REVIEWED,746df677-2e2b-436c-8cf6-68b0709b7706,ab9baa33-b217-4731-8d2a-435fefe4987b,ad705c59-6893-4980-bdbf-0837f1823cc4
1743,default-browser-id,5.0.1,Transitive Dependency,MIT License,PERMISSIVE,NOT_REVIEWED,e47007f6-1173-48b0-8536-d03febdb8ee7,8432304c-7227-4317-ab6c-1bd0a82d9848,ad705c59-6893-4980-bdbf-0837f1823cc4
1744,define-data-property,1.1.4,Transitive Dependency,MIT License,PERMISSIVE,NOT_REVIEWED,9deec61b-e78a-477f-af8d-6a3c02bde5a1,fe3bc7f9-6d4c-4ffa-aa4c-ad8b0e063b82,ad705c59-6893-4980-bdbf-0837f1823cc4
1745,degenerator,5.0.1,Transitive Dependency,MIT License,PERMISSIVE,NOT_REVIEWED,74315517-38f5-4a46-8a96-8686410f1c35,4e7aec76-24e7-41ef-ae12-099be955396c,ad705c59-6893-4980-bdbf-0837f1823cc4
1746,delaunator,5.0.1,Transitive Dependency,ISC License,PERMISSIVE,NOT_REVIEWED,d1760b94-0a2c-4f74-ac41-a9447ad75950,a7e26179-49d8-4867-8dba-928174057a16,14b0b50b-acd2-4fc8-ac65-3b15f9e58260
1747,dependency-tree,11.5.0,Transitive Dependency,MIT License,PERMISSIVE,NOT_REVIEWED,f0db3c98-d852-4097-8214-943a26bfbcc6,fab48420-896f-4db6-bf22-8737cbf9809e,ad705c59-6893-4980-bdbf-0837f1823cc4
1748,detect-libc,2.1.2,Transitive Dependency,Apache License 2.0,PERMISSIVE,NOT_REVIEWED,c4e411f1-7b53-4c38-a792-020473d9e17f,92bdb843-91d1-4876-8060-9f66138f0859,7cae335f-1193-421e-92f1-8802b4243e93
1749,detective-postcss,8.0.4,Transitive Dependency,MIT License,PERMISSIVE,NOT_REVIEWED,8cbf000f-a6fe-4dfb-ac1e-6dba52c4aaf3,c83c9586-5ca5-4217-a8e6-cf71dd59f63d,ad705c59-6893-4980-bdbf-0837f1823cc4
1750,detective-scss,5.0.2,Transitive Dependency,MIT License,PERMISSIVE,NOT_REVIEWED,d2f954b6-5a49-4dea-ad5e-50f168fa68a2,a1573e6c-8744-4968-bd34-5a5c4189213d,ad705c59-6893-4980-bdbf-0837f1823cc4
1751,detective-stylus,5.0.1,Transitive Dependency,MIT License,PERMISSIVE,NOT_REVIEWED,40529e2c-60eb-418b-870d-f3ebd4f9b317,cea679ae-6314-4b6a-90fe-0504fce30594,ad705c59-6893-4980-bdbf-0837f1823cc4
1752,detective-typescript,14.1.2,Transitive Dependency,MIT License,PERMISSIVE,NOT_REVIEWED,8bf6dfb2-452f-4554-ad6a-f3bd66a5974c,910dad1c-36bf-4617-82bb-6c30eb2dc0da,ad705c59-6893-4980-bdbf-0837f1823cc4
1753,detective-vue2,2.3.0,Transitive Dependency,MIT License,PERMISSIVE,NOT_REVIEWED,5e6fe348-46c1-459c-93b7-d7f3554e57bb,6c9f8861-7949-4152-b7a4-f8f633ac7a1c,ad705c59-6893-4980-bdbf-0837f1823cc4
1754,devalue,5.9.4,Transitive Dependency,MIT License,PERMISSIVE,NOT_REVIEWED,23c777dd-7913-482b-9716-8e8a64d71f97,5f32523e-7a6f-4ba0-8e29-9701e1ccfaf5,ad705c59-6893-4980-bdbf-0837f1823cc4
1755,devnw/structs,v1.0.0,Transitive Dependency,MIT License,PERMISSIVE,NOT_REVIEWED,021bf294-d63d-420f-908c-9a91fdaafe9a,c726b6b6-cdde-48c1-8a7f-bb3ec0005cc7,ad705c59-6893-4980-bdbf-0837f1823cc4
1756,devtools-protocol,0.0.1367902,Transitive Dependency,"BSD 3-clause ""New"" or ""Revised"" License",PERMISSIVE,NOT_REVIEWED,72aeb52c-913f-4b8c-8157-92d85aa80917,3bfff1df-c126-4d48-882c-f335935e5b36,3d238144-44e6-450e-b523-3defbdaed9dc
1757,dgryski-go-farm,20240924-snapshot-3414d57e,Transitive Dependency,MIT License,PERMISSIVE,NOT_REVIEWED,9e3d44b9-c78a-4625-a31f-daee952b7d02,5a38753a-d5f1-425d-a2f8-4603506602ed,ad705c59-6893-4980-bdbf-0837f1823cc4
1758,dgryski/go-rendezvous,20200823-snapshot-9f7001d1,Transitive Dependency,MIT License,PERMISSIVE,NOT_REVIEWED,4b2f87f9-4ed0-4afa-a4b8-429ec438d3db,3ca76c4c-915c-4f2c-b60d-2c9126998668,ad705c59-6893-4980-bdbf-0837f1823cc4
1759,diskv,v2.0.1,Transitive Dependency,MIT License,PERMISSIVE,NOT_REVIEWED,b221868a-1b2a-4542-8170-a214e89ddd56,e75c47a3-bc93-479d-b5ce-7ff91fd9d806,ad705c59-6893-4980-bdbf-0837f1823cc4
1760,dlv,1.1.3,Transitive Dependency,MIT License,PERMISSIVE,NOT_REVIEWED,5e2af45f-2d43-4c39-b179-8a9906809a48,2c4d1baa-8a26-4139-ac32-ae2f198087d2,ad705c59-6893-4980-bdbf-0837f1823cc4
1761,docker-go-units,v0.5.0,Transitive Dependency,Apache License 2.0,PERMISSIVE,NOT_REVIEWED,079533e5-31f5-4828-9abc-93182cde2f65,c3277492-357c-4047-bc5f-f9178f75a730,7cae335f-1193-421e-92f1-8802b4243e93
1762,domenic/opener,v1.5.2,Transitive Dependency,MIT License,PERMISSIVE,NOT_REVIEWED,8d872e35-d7c8-4202-8ed4-66c5b94cb889,6f32ad21-ecbb-4474-8011-f29c5f38e9b8,ad705c59-6893-4980-bdbf-0837f1823cc4
1763,dotenv-webpack,8.0.1,Direct Dependency,MIT License,PERMISSIVE,NOT_REVIEWED,6a80282d-0255-495e-8131-dae7f4d0b7b0,4c64b537-3e84-468c-a93b-e4a2bfced4df,ad705c59-6893-4980-bdbf-0837f1823cc4
1764,dprotaso/go-yit,20240618-snapshot-5a0af90a,Transitive Dependency,MIT License,PERMISSIVE,NOT_REVIEWED,2a433b0f-614e-443d-9264-ba930cf65584,b6c5a78e-a6ef-44ba-838e-57dd1c8d3a65,ad705c59-6893-4980-bdbf-0837f1823cc4
1765,dsherret/ts-morph,26.0.0,Transitive Dependency,MIT License,PERMISSIVE,NOT_REVIEWED,aba14a8d-488c-463d-a4a9-a35182157b8e,c55b22ea-5cc3-4494-ad84-6e01a377701d,ad705c59-6893-4980-bdbf-0837f1823cc4
1766,dunder-proto,1.0.1,Transitive Dependency,MIT License,PERMISSIVE,NOT_REVIEWED,dfa30691-8426-489a-9aca-f72802e2a9a1,74e556f1-a681-4f0c-9703-a1bbe138dd70,ad705c59-6893-4980-bdbf-0837f1823cc4
1767,dylang/node-xml,1.0.1,Transitive Dependency,MIT License,PERMISSIVE,NOT_REVIEWED,7972c590-4d48-4ab0-b279-7b8f40488c5e,e3273caa-fa4c-4a05-8721-215f969551e6,ad705c59-6893-4980-bdbf-0837f1823cc4
1768,eapache-go-resiliency,v1.4.0,Transitive Dependency,MIT License,PERMISSIVE,NOT_REVIEWED,f7495c37-1b83-44dd-b858-6a16f2f5cb4d,600ddb79-f396-44b1-8b98-ca623f73ab99,ad705c59-6893-4980-bdbf-0837f1823cc4
1769,easy-table,1.1.0,Transitive Dependency,MIT License,PERMISSIVE,NOT_REVIEWED,61acc4ee-298f-4aba-a03f-3d4d46379d99,7ed057f6-6ef2-4099-9562-3ea989d40854,ad705c59-6893-4980-bdbf-0837f1823cc4
1770,ecc-jsbn,0.1.2,Transitive Dependency,MIT License,PERMISSIVE,NOT_REVIEWED,ae559b85-e2d7-4e13-9809-afa820b246e3,da8407b9-5013-44d3-adab-c909cfe50eb1,ad705c59-6893-4980-bdbf-0837f1823cc4
1771,eciesjs,0.4.18,Transitive Dependency,MIT License,PERMISSIVE,NOT_REVIEWED,abf38cc0-ad55-48f5-a84d-131e60a193e1,8b74fa15-68d9-48d2-a1c9-25007eddab77,ad705c59-6893-4980-bdbf-0837f1823cc4
1772,elastic/go-elasticsearch,v6.8.5,Transitive Dependency,Apache License 2.0,PERMISSIVE,NOT_REVIEWED,99e9706a-3de3-4871-a99f-28d64c71263b,cec1fb1f-ab23-4acc-8661-7a7e29e39da1,7cae335f-1193-421e-92f1-8802b4243e93
1773,elastic/go-elasticsearch,v7.17.1,Transitive Dependency,Apache License 2.0,PERMISSIVE,NOT_REVIEWED,99e9706a-3de3-4871-a99f-28d64c71263b,91697365-7ac8-4b41-9eac-32248c630065,7cae335f-1193-421e-92f1-8802b4243e93
1774,elastic/go-elasticsearch,v8.4.0,Transitive Dependency,Apache License 2.0,PERMISSIVE,NOT_REVIEWED,99e9706a-3de3-4871-a99f-28d64c71263b,c79f608e-df1c-44cc-b809-b7ab43d4c6a1,7cae335f-1193-421e-92f1-8802b4243e93
1775,elasticsearch-client-go,v3.0.75,Transitive Dependency,MIT License,PERMISSIVE,NOT_REVIEWED,379bc607-ae19-4dd4-8a63-efab4a7ce348,71707094-31be-41b2-bf78-830dee064f3d,ad705c59-6893-4980-bdbf-0837f1823cc4
1776,elasticsearch-client-go,v5.0.84,Transitive Dependency,MIT License,PERMISSIVE,NOT_REVIEWED,379bc607-ae19-4dd4-8a63-efab4a7ce348,2ae36ee3-6863-4677-b4f0-6c9b331fa4db,ad705c59-6893-4980-bdbf-0837f1823cc4
1777,encodeurl,2.0.0,Transitive Dependency,MIT License,PERMISSIVE,NOT_REVIEWED,9465fd06-37fd-4b60-9c12-c8db9cb1d960,3d080643-43bf-4baa-b2de-5fe0aabd1c9c,ad705c59-6893-4980-bdbf-0837f1823cc4
1778,env-paths,2.2.1,Transitive Dependency,MIT License,PERMISSIVE,NOT_REVIEWED,2888d7ea-e214-461c-b3b6-9394cf3f53de,e901dd57-7fc1-4ef1-8ca1-499441e503b6,ad705c59-6893-4980-bdbf-0837f1823cc4
1779,environment,1.1.0,Transitive Dependency,MIT License,PERMISSIVE,NOT_REVIEWED,b96c1c4e-b6ee-482a-87c2-f99700fa59ef,8879c447-17ea-4b76-8ba5-0065c424d2ad,ad705c59-6893-4980-bdbf-0837f1823cc4
1780,error-stack-parser,2.1.4,Transitive Dependency,MIT License,PERMISSIVE,NOT_REVIEWED,7fe923ab-a87f-4187-b653-8bf2c406e5fd,1a346297-bd90-42e9-9b05-50878561d641,ad705c59-6893-4980-bdbf-0837f1823cc4
1781,errwrap,v1.1.0,Transitive Dependency,Mozilla Public License 2.0,WEAK_RECIPROCAL,NOT_REVIEWED,8cd58dd9-3451-4121-a881-5812f5317dc3,8f62eefb-edb3-4b4e-af5e-368dc7c2f6e4,ce3dd63e-c569-4cea-986a-46bc5efe9896
1782,es-define-property,1.0.1,Transitive Dependency,MIT License,PERMISSIVE,NOT_REVIEWED,4f0962d6-710d-4538-bd68-bd7a7dd2bbf1,a14671f3-fedc-4154-998b-ef07c31046d7,ad705c59-6893-4980-bdbf-0837f1823cc4
1783,es-module-lexer,1.7.0,Transitive Dependency,MIT License,PERMISSIVE,NOT_REVIEWED,05b1cce6-dc2c-4d4f-b087-daa8bebee57f,9d515e2c-42f0-4e27-a4f1-09e82be7b6af,ad705c59-6893-4980-bdbf-0837f1823cc4
1784,es-module-lexer,2.1.0,Transitive Dependency,MIT License,PERMISSIVE,NOT_REVIEWED,05b1cce6-dc2c-4d4f-b087-daa8bebee57f,172fdf86-c2d1-4e39-b6e9-e8312c6fafe0,ad705c59-6893-4980-bdbf-0837f1823cc4
1785,es-module-lexer,2.3.2,Transitive Dependency,MIT License,PERMISSIVE,NOT_REVIEWED,05b1cce6-dc2c-4d4f-b087-daa8bebee57f,87768730-209c-4cdc-b476-f4687df5c151,ad705c59-6893-4980-bdbf-0837f1823cc4
1786,esbuild,0.21.5,Transitive Dependency,MIT License,PERMISSIVE,NOT_REVIEWED,4a85e55b-9018-4216-a6ca-02e33c1ed640,7522d39e-bdca-499c-9cf6-4b799c860f54,ad705c59-6893-4980-bdbf-0837f1823cc4
1787,esbuild,0.27.7,Direct Dependency,MIT License,PERMISSIVE,NOT_REVIEWED,4a85e55b-9018-4216-a6ca-02e33c1ed640,9b07cd7f-975d-490a-b856-a960427e8f2e,ad705c59-6893-4980-bdbf-0837f1823cc4
1788,esbuild,0.28.1,Transitive Dependency,MIT License,PERMISSIVE,NOT_REVIEWED,4a85e55b-9018-4216-a6ca-02e33c1ed640,dd9d1319-af1a-44db-9a78-4fab0f6291eb,ad705c59-6893-4980-bdbf-0837f1823cc4
1789,escape-html,1.0.3,Transitive Dependency,MIT License,PERMISSIVE,NOT_REVIEWED,77ee270b-dbe7-46b1-8ff9-8400275deac2,fa46d15a-0ece-443a-8b67-aec5bd34ede8,ad705c59-6893-4980-bdbf-0837f1823cc4
1790,escape-string-regexp,1.0.5,Transitive Dependency,MIT License,PERMISSIVE,NOT_REVIEWED,806418ca-31d7-4c4a-b894-e3b3b9b562bc,5f524fe7-bd01-47bc-b98c-92a281d2f2a9,ad705c59-6893-4980-bdbf-0837f1823cc4
1791,escape-string-regexp,v4.0.0,Transitive Dependency,MIT License,PERMISSIVE,NOT_REVIEWED,806418ca-31d7-4c4a-b894-e3b3b9b562bc,ec641e02-373b-4a54-b61e-c93f62e3c7db,ad705c59-6893-4980-bdbf-0837f1823cc4
1792,escodegen,2.1.0,Transitive Dependency,"BSD 2-clause ""Simplified"" License",PERMISSIVE,NOT_REVIEWED,0faa475a-2be0-451d-a4af-47c75b7ebb7c,8233cb5a-2f99-471f-bc03-1577bc15f740,cc875133-df38-4806-9921-473e0ef01a87
1793,eslint-config-airbnb-typescript,17.1.0,Direct Dependency,MIT License,PERMISSIVE,NOT_REVIEWED,34367c40-9e9d-44f0-b5eb-166d01321fda,26eee4d6-2951-4d75-a68f-ce391c33dd06,ad705c59-6893-4980-bdbf-0837f1823cc4
1794,eslint-config-prettier,10.1.8,Direct Dependency,MIT License,PERMISSIVE,NOT_REVIEWED,864adaa5-d0ae-422f-8eeb-efa6c13132df,5b33a267-7d5f-4294-a123-fa3e5e2aec9e,ad705c59-6893-4980-bdbf-0837f1823cc4
1795,eslint-config-prettier,8.8.0,Direct Dependency,MIT License,PERMISSIVE,NOT_REVIEWED,864adaa5-d0ae-422f-8eeb-efa6c13132df,3d39d8f6-9cec-4ebe-87be-23f0bef1c065,ad705c59-6893-4980-bdbf-0837f1823cc4
1796,eslint-plugin-no-relative-import-paths,1.5.2,Direct Dependency,ISC License,PERMISSIVE,NOT_REVIEWED,056d2f0a-1df0-4683-89b6-9ee036c91310,adf9931c-bfb9-48ac-b426-4271ec6efe41,14b0b50b-acd2-4fc8-ac65-3b15f9e58260
1797,eslint-plugin-simple-import-sort,10.0.0,Direct Dependency,MIT License,PERMISSIVE,NOT_REVIEWED,61a1244a-8209-4a3a-b025-7b67cfa2588e,4ac99447-22a9-42b2-bb18-3fcbdee8faf4,ad705c59-6893-4980-bdbf-0837f1823cc4
1798,eslint-plugin-simple-import-sort,13.0.0,Direct Dependency,MIT License,PERMISSIVE,NOT_REVIEWED,61a1244a-8209-4a3a-b025-7b67cfa2588e,6709fd9b-2e8a-4762-af45-6ff9bf272b20,ad705c59-6893-4980-bdbf-0837f1823cc4
1799,eslint-plugin-storybook,0.11.2,Direct Dependency,MIT License,PERMISSIVE,NOT_REVIEWED,45e3d1cc-6fb8-4c5e-bf22-74a41afe206a,3e0a1bde-b17e-441b-bd14-0f721c554e9e,ad705c59-6893-4980-bdbf-0837f1823cc4
1800,eslint-plugin-svelte,3.23.0,Direct Dependency,MIT License,PERMISSIVE,NOT_REVIEWED,00de3feb-ec9e-4ab4-94a2-75143b4de9fb,51a3e5a4-8754-4c48-9b9c-fa4f05532930,ad705c59-6893-4980-bdbf-0837f1823cc4
1801,eslint-plugin-tailwindcss,3.18.0,Direct Dependency,MIT License,PERMISSIVE,NOT_REVIEWED,68416e1d-e2a3-4462-8f42-c7a72167bcfc,49a24977-f05a-4ff0-9204-d0f7ede04d63,ad705c59-6893-4980-bdbf-0837f1823cc4
1802,eslint-scope,8.4.0,Transitive Dependency,"BSD 2-clause ""Simplified"" License",PERMISSIVE,NOT_REVIEWED,cb933033-43fc-4674-84fc-c8d62ca22ef4,2679f391-53da-46c5-94e7-4eec9f53ce7d,cc875133-df38-4806-9921-473e0ef01a87
1803,eslint-scope,9.1.2,Transitive Dependency,"BSD 2-clause ""Simplified"" License",PERMISSIVE,NOT_REVIEWED,cb933033-43fc-4674-84fc-c8d62ca22ef4,dd2d8ae9-457e-4928-8b29-099cecd440fa,cc875133-df38-4806-9921-473e0ef01a87
1804,eslint-scope,v5.1.1,Transitive Dependency,"BSD 2-clause ""Simplified"" License",PERMISSIVE,NOT_REVIEWED,cb933033-43fc-4674-84fc-c8d62ca22ef4,a1624cf6-7bbc-47a6-8b0a-31a95c49a767,cc875133-df38-4806-9921-473e0ef01a87
1805,espree,10.4.0,Transitive Dependency,"BSD 2-clause ""Simplified"" License",PERMISSIVE,NOT_REVIEWED,17a1a9ec-e4ed-42d1-804f-b380372c3a8c,0919b8b1-6ac5-42e2-a0f3-15340b85a62d,cc875133-df38-4806-9921-473e0ef01a87
1806,espree,11.2.0,Transitive Dependency,"BSD 2-clause ""Simplified"" License",PERMISSIVE,NOT_REVIEWED,17a1a9ec-e4ed-42d1-804f-b380372c3a8c,5da15c7f-2278-4b8a-9ebe-7ab57e978a62,cc875133-df38-4806-9921-473e0ef01a87
1807,esrecurse,v4.3.0,Transitive Dependency,"BSD 2-clause ""Simplified"" License",PERMISSIVE,NOT_REVIEWED,5f071575-fe4f-4548-8a81-8794482c83b4,585c05bf-cee8-4d98-9dba-8982ec9475c4,cc875133-df38-4806-9921-473e0ef01a87
1808,estree-walker,2.0.2,Transitive Dependency,MIT License,PERMISSIVE,NOT_REVIEWED,02fafc17-0823-41cf-966a-19711772a8a8,44d7b6e4-cbc0-404e-a13b-b30e6b6de9b7,ad705c59-6893-4980-bdbf-0837f1823cc4
1809,estree-walker,3.0.3,Transitive Dependency,MIT License,PERMISSIVE,NOT_REVIEWED,02fafc17-0823-41cf-966a-19711772a8a8,70df5ea2-d6db-4064-8c04-e2e2cd2f77c9,ad705c59-6893-4980-bdbf-0837f1823cc4
1810,etag,1.8.1,Transitive Dependency,MIT License,PERMISSIVE,NOT_REVIEWED,6bd6029d-f842-4a94-b4d6-efeab5ff736e,7e144335-959a-489b-94e9-215050c37a9b,ad705c59-6893-4980-bdbf-0837f1823cc4
1811,evanphx/json-patch,v4.13.0,Transitive Dependency,"BSD 3-clause ""New"" or ""Revised"" License",PERMISSIVE,NOT_REVIEWED,688963a2-f61a-46d0-9145-962ae9de662e,3918d4aa-7f70-47a0-baee-8cad9ffa8572,3d238144-44e6-450e-b523-3defbdaed9dc
1812,evanphx/json-patch,v5.9.11,Direct Dependency,"BSD 3-clause ""New"" or ""Revised"" License",PERMISSIVE,NOT_REVIEWED,688963a2-f61a-46d0-9145-962ae9de662e,5dc655b9-fcca-4d85-a73f-6548979f0b71,3d238144-44e6-450e-b523-3defbdaed9dc
1813,event-target-shim,5.0.1,Transitive Dependency,MIT License,PERMISSIVE,NOT_REVIEWED,f5603e9f-33d0-483a-929f-9e9c14831d8d,1240e110-ff27-411d-8b7c-0cbb3f26bb4e,ad705c59-6893-4980-bdbf-0837f1823cc4
1814,eventemitter2,6.4.7,Transitive Dependency,MIT License,PERMISSIVE,NOT_REVIEWED,5eef7bb4-60e8-4537-be52-9302b40a7a9b,81d8074a-4719-4c29-bd82-347e9dfc2f90,ad705c59-6893-4980-bdbf-0837f1823cc4
1815,eventsource-node,3.0.7,Transitive Dependency,MIT License,PERMISSIVE,NOT_REVIEWED,30d2c911-feef-4c16-b6e3-f4c4cadcc584,95712bb4-80b1-4743-9f6b-47971e92483e,ad705c59-6893-4980-bdbf-0837f1823cc4
1816,eventsource-parser,3.0.8,Transitive Dependency,MIT License,PERMISSIVE,NOT_REVIEWED,507968aa-040d-4b7a-95be-8e7b97a1b363,8d8d4364-44f3-48a5-bfb7-0acd58a86a63,ad705c59-6893-4980-bdbf-0837f1823cc4
1817,express-rate-limit,8.3.2,Transitive Dependency,MIT License,PERMISSIVE,NOT_REVIEWED,95ff41dd-aae7-4d40-97e7-48a9406db4b6,dfce8a9a-732a-4201-b6dd-9b2cd18ddfff,ad705c59-6893-4980-bdbf-0837f1823cc4
1818,extract-zip,2.0.1,Transitive Dependency,"BSD 2-clause ""Simplified"" License",PERMISSIVE,NOT_REVIEWED,165d83e9-b3a0-47c9-8fb5-6bb8596988b9,d774ac6a-2ff6-4a80-b9a2-24dfe62aaf67,cc875133-df38-4806-9921-473e0ef01a87
1819,fakeIndexedDB,6.2.5,Direct Dependency,Apache License 2.0,PERMISSIVE,NOT_REVIEWED,088757fe-0425-411f-8fee-5b75ffc197e8,04132d82-076f-4b2d-ac2e-7a8a427d1610,7cae335f-1193-421e-92f1-8802b4243e93
1820,fast-fifo,1.3.2,Transitive Dependency,MIT License,PERMISSIVE,NOT_REVIEWED,37cf59b2-5143-4816-a5f6-3fd558cf3ea3,8a67b6bc-3fb9-40ae-b62a-0364832c23d8,ad705c59-6893-4980-bdbf-0837f1823cc4
1821,fast-redact,3.5.0,Transitive Dependency,MIT License,PERMISSIVE,NOT_REVIEWED,204d8ea1-f8f5-4be9-9c06-59000ac48894,1ac33aab-af30-4825-b1f4-c4abe3682cb8,ad705c59-6893-4980-bdbf-0837f1823cc4
1822,fastq,1.20.1,Transitive Dependency,ISC License,PERMISSIVE,NOT_REVIEWED,8affde31-e428-4532-8016-7d4ec92b15ea,93cec296-edbd-4a94-9b62-7b9a177a686c,14b0b50b-acd2-4fc8-ac65-3b15f9e58260
1823,fatih-camelcase,v1.0.0,Transitive Dependency,MIT License,PERMISSIVE,NOT_REVIEWED,9015d74b-e9d3-4e1d-8773-fd9dc5df1a7f,71577d59-6e4d-4b2e-a109-5909e93d6243,ad705c59-6893-4980-bdbf-0837f1823cc4
1824,fatih/structs,v1.1.0,Transitive Dependency,MIT License,PERMISSIVE,NOT_REVIEWED,94a9e06c-defb-4c89-9935-240abbecacda,3276c9f8-baf2-4e92-b876-5c4755782b82,ad705c59-6893-4980-bdbf-0837f1823cc4
1825,felixge/httpsnoop,v1.1.0,Transitive Dependency,MIT License,PERMISSIVE,NOT_REVIEWED,32482d3b-4a3a-4189-9286-e2be4ef8e40c,4aab0643-746f-404c-97b5-0aa870b35dfc,ad705c59-6893-4980-bdbf-0837f1823cc4
1826,feross/buffer,6.0.3,Transitive Dependency,MIT License,PERMISSIVE,NOT_REVIEWED,267c1ee7-625e-4962-a0d0-15203c838a82,2128c684-2d5b-4d4b-bbcf-1b20815c7e10,ad705c59-6893-4980-bdbf-0837f1823cc4
1827,feross/buffer,v5.7.1,Transitive Dependency,MIT License,PERMISSIVE,NOT_REVIEWED,267c1ee7-625e-4962-a0d0-15203c838a82,fb8eb3c6-0293-449e-8d5b-c76440105db1,ad705c59-6893-4980-bdbf-0837f1823cc4
1828,fetch-blob,3.2.0,Transitive Dependency,MIT License,PERMISSIVE,NOT_REVIEWED,086b972c-86fa-4877-bd93-6eed65427e89,f88b6c18-a713-4f2d-8e78-36bc0fced3d0,ad705c59-6893-4980-bdbf-0837f1823cc4
1829,ffjson,20190930-snapshot-aa0246cd,Transitive Dependency,Apache License 2.0,PERMISSIVE,NOT_REVIEWED,6d5a8d36-ce98-4b14-a9eb-cc30fbdaab1f,ceeb0ee3-1edf-44b4-8eb6-8e02704eb17e,7cae335f-1193-421e-92f1-8802b4243e93
1830,file-entry-cache,11.1.5,Transitive Dependency,MIT License,PERMISSIVE,NOT_REVIEWED,5ff724d2-846b-4089-a9fa-255327af9e4a,f1b540bf-51ed-4084-9a9b-b2b916a15152,ad705c59-6893-4980-bdbf-0837f1823cc4
1831,file-entry-cache,8.0.0,Transitive Dependency,MIT License,PERMISSIVE,NOT_REVIEWED,5ff724d2-846b-4089-a9fa-255327af9e4a,f8ca0d38-dd05-45b4-8cda-1ab7bed30acf,ad705c59-6893-4980-bdbf-0837f1823cc4
1832,filing-cabinet,5.5.1,Transitive Dependency,MIT License,PERMISSIVE,NOT_REVIEWED,0afb96a2-6a6e-4169-b114-7b60140da421,aafcf06b-6d44-4047-9728-940ec65765c3,ad705c59-6893-4980-bdbf-0837f1823cc4
1833,finalhandler,2.1.1,Transitive Dependency,MIT License,PERMISSIVE,NOT_REVIEWED,f7dfd891-6ff7-4456-ac2a-089a228dc38d,aa95d8b0-6b1f-4c87-8276-0be70d3c84df,ad705c59-6893-4980-bdbf-0837f1823cc4
1834,find-test-names,1.29.19,Transitive Dependency,MIT License,PERMISSIVE,NOT_REVIEWED,ac323fe9-fd93-4c1a-bf94-5b5cd96757d4,2a060d31-3127-44e3-90cf-9a37f1f0c8b4,ad705c59-6893-4980-bdbf-0837f1823cc4
1835,flyingmutant/rapid,v1.2.0,Transitive Dependency,Mozilla Public License 2.0,WEAK_RECIPROCAL,NOT_REVIEWED,d1754673-a01e-423e-89f8-f835a6c8e674,5ba487bb-ad99-40c5-bb91-6884f121ff12,ce3dd63e-c569-4cea-986a-46bc5efe9896
1836,flynn/go-docopt,20140912-snapshot-f6dd2ebb,Transitive Dependency,MIT License,PERMISSIVE,NOT_REVIEWED,e6dcc6c7-cd26-4c6a-bc71-6f452ec9c181,fdd6ae85-1d75-459c-9fe8-0a7cbf195724,ad705c59-6893-4980-bdbf-0837f1823cc4
1837,formdata-polyfill,4.0.10,Transitive Dependency,MIT License,PERMISSIVE,NOT_REVIEWED,299aa82e-6c43-4c46-ab98-8fcaab753bb0,0062c3ae-b58c-4daa-a693-4e908d7dcfdc,ad705c59-6893-4980-bdbf-0837f1823cc4
1838,forwarded,0.2.0,Transitive Dependency,MIT License,PERMISSIVE,NOT_REVIEWED,55584837-e5dc-4264-865b-5f33c2fb73c0,a892eb93-2d46-4590-bc09-3012995e84a0,ad705c59-6893-4980-bdbf-0837f1823cc4
1839,foxcpp/go-mockdns,v1.0.0,Transitive Dependency,MIT License,PERMISSIVE,NOT_REVIEWED,cad3331c-0aae-41af-b76f-688ad1d168e9,e8820b50-31bb-4466-9d1b-9a2e187cc2e3,ad705c59-6893-4980-bdbf-0837f1823cc4
1840,fp-ts,2.16.11,Transitive Dependency,MIT License,PERMISSIVE,NOT_REVIEWED,28104a1c-b6b9-483d-a3e3-8da8f76cd2a7,bbeb924b-9e39-450b-a1d1-c6de940e3109,ad705c59-6893-4980-bdbf-0837f1823cc4
1841,fraction.js,5.3.4,Transitive Dependency,MIT License,PERMISSIVE,NOT_REVIEWED,f9cf2c9b-6a80-4169-8bd4-b8ee7bbee163,d4f0f61b-4a52-49ce-95f6-f799ec954a77,ad705c59-6893-4980-bdbf-0837f1823cc4
1842,frankban/quicktest,v1.14.6,Transitive Dependency,MIT License,PERMISSIVE,NOT_REVIEWED,d7d8fa5c-c011-452a-816e-008fd229bf7a,44d32806-5dc0-41d3-b963-ea336e7ff48d,ad705c59-6893-4980-bdbf-0837f1823cc4
1843,fsu,1.1.1,Transitive Dependency,MIT License,PERMISSIVE,NOT_REVIEWED,6a44fba5-21ef-45b8-92c0-a03bebf6f2fb,2ba137e9-c4ca-4149-addf-ad63c6afe647,ad705c59-6893-4980-bdbf-0837f1823cc4
1844,functions-have-names,1.2.3,Transitive Dependency,MIT License,PERMISSIVE,NOT_REVIEWED,33b5c1b2-9a66-4b4e-b0bc-2f7c4d8375c9,4fd90f17-3bd0-4ce1-aa76-892cddd5a85c,ad705c59-6893-4980-bdbf-0837f1823cc4
1845,fxamacker/cbor,v2.9.2,Transitive Dependency,MIT License,PERMISSIVE,NOT_REVIEWED,d756bd71-85f8-41ee-b720-ab99901fb161,6c8f77e6-e032-4c43-b2b2-b2b1c7ed31da,ad705c59-6893-4980-bdbf-0837f1823cc4
1846,gengo,20250922-snapshot-ec3ebc5f,Transitive Dependency,Apache License 2.0,PERMISSIVE,NOT_REVIEWED,798f3e61-1eca-4950-9353-81a09fdaed83,7f246ef8-bae7-4d33-985c-6d37d0724502,7cae335f-1193-421e-92f1-8802b4243e93
1847,get-amd-module-type,6.0.2,Transitive Dependency,MIT License,PERMISSIVE,NOT_REVIEWED,278523fb-1522-4168-b381-26172d8a1177,949c33fe-abd7-4dd4-a8e4-7845dcca15dc,ad705c59-6893-4980-bdbf-0837f1823cc4
1848,get-caller-file,2.0.5,Transitive Dependency,ISC License,PERMISSIVE,NOT_REVIEWED,2b60d1f1-2b13-4e98-aca4-322c9ea29647,aaf7a441-b625-488b-82a5-0c76546307f8,14b0b50b-acd2-4fc8-ac65-3b15f9e58260
1849,get-intrinsic,1.3.0,Transitive Dependency,MIT License,PERMISSIVE,NOT_REVIEWED,0f77975f-a3bd-4de4-a0c0-99d740551eb9,dffcd737-57a1-44ca-8b91-48eed770da1e,ad705c59-6893-4980-bdbf-0837f1823cc4
1850,get-own-enumerable-property-symbols,v3.0.2,Transitive Dependency,ISC License,PERMISSIVE,NOT_REVIEWED,2408d0db-32eb-4334-8032-dc512ebd8371,95de8929-9f6e-4a40-8c20-80ab824ddb35,14b0b50b-acd2-4fc8-ac65-3b15f9e58260
1851,get-stream,6.0.1,Transitive Dependency,MIT License,PERMISSIVE,NOT_REVIEWED,86119d37-521a-4de9-8ddf-d29be4766a15,b4144df8-fa06-4ff8-a85c-c0b172020434,ad705c59-6893-4980-bdbf-0837f1823cc4
1852,get-stream,9.0.1,Transitive Dependency,MIT License,PERMISSIVE,NOT_REVIEWED,86119d37-521a-4de9-8ddf-d29be4766a15,2f99afe0-5edc-40ef-a3d6-56544a335ee1,ad705c59-6893-4980-bdbf-0837f1823cc4
1853,get-stream,v5.2.0,Transitive Dependency,MIT License,PERMISSIVE,NOT_REVIEWED,86119d37-521a-4de9-8ddf-d29be4766a15,2b9ac2bc-d9ba-4841-9632-ea4b4904003f,ad705c59-6893-4980-bdbf-0837f1823cc4
1854,gin-gonic/gin,v1.12.0,Transitive Dependency,MIT License,PERMISSIVE,NOT_REVIEWED,a34f7ca0-0b91-4934-b72a-512b146a437e,af54f613-67a7-4c72-bdbb-0c2f5dc2d722,ad705c59-6893-4980-bdbf-0837f1823cc4
1855,github-markdown-css,5.9.0,Direct Dependency,MIT License,PERMISSIVE,NOT_REVIEWED,2aeb918a-302c-4731-8988-d027222995af,948f574d-6660-4d21-bcb5-760f5bad720e,ad705c59-6893-4980-bdbf-0837f1823cc4
1856,github.com/IBM/sarama,v1.40.0,Transitive Dependency,MIT License,PERMISSIVE,NOT_REVIEWED,3b2cbe2d-a80b-461f-9757-c3d3d393ae38,2e4f76fb-5a4f-4ec0-948d-f09e6ce4c35b,ad705c59-6893-4980-bdbf-0837f1823cc4
1857,github.com/Joker/jade,v1.1.3,Transitive Dependency,"BSD 3-clause ""New"" or ""Revised"" License",PERMISSIVE,NOT_REVIEWED,d5b3c1f3-617d-4cc1-ac74-962300271b03,9429ec55-b790-4bf3-a000-5bddaabee082,3d238144-44e6-450e-b523-3defbdaed9dc
1858,github.com/KimMachineGun/automemlimit,v0.7.5,Transitive Dependency,MIT License,PERMISSIVE,NOT_REVIEWED,4a7d183e-fbf5-4d84-80b6-7b96fdbe5aa3,7ae03bb1-c921-4324-81eb-7dbb09a9f40f,ad705c59-6893-4980-bdbf-0837f1823cc4
1859,github.com/antihax/optional,1.0.0,Transitive Dependency,MIT License,PERMISSIVE,NOT_REVIEWED,66dedc27-1708-4231-af76-5eeb65d4fd8a,da3396ea-37e2-43a3-a8d9-fd7ae7152896,ad705c59-6893-4980-bdbf-0837f1823cc4
1860,github.com/aws/smithy-go,v1.28.2,Direct Dependency,Apache License 2.0,PERMISSIVE,NOT_REVIEWED,630838fb-c9bc-4165-8d81-49635d2e7374,20092767-251e-4bc1-8945-7528dea6e364,7cae335f-1193-421e-92f1-8802b4243e93
1861,github.com/bahlo/generic-list-go,0.2.0,Transitive Dependency,"BSD 3-clause ""New"" or ""Revised"" License",PERMISSIVE,NOT_REVIEWED,60df7b57-ef39-45d0-b3e0-03282f037c89,b5ea7c94-d37b-48ea-adab-62abc94bc61d,3d238144-44e6-450e-b523-3defbdaed9dc
1862,github.com/cloudwego/base64x,v0.1.7,Transitive Dependency,Apache License 2.0,PERMISSIVE,NOT_REVIEWED,a177e1b6-d800-4905-ba24-4cbcdd6b6b73,aaebb0b4-9c85-4ba3-8783-1a520949cc91,7cae335f-1193-421e-92f1-8802b4243e93
1863,github.com/cncf/xds,20260202-snapshot-dba9d589,Transitive Dependency,Apache License 2.0,PERMISSIVE,NOT_REVIEWED,6f614a26-e346-4ba0-9ff4-ca0adcc5396e,70fdc9af-db3a-4f83-bd71-6b24d9ca33c3,7cae335f-1193-421e-92f1-8802b4243e93
1864,github.com/containerd/platforms,0.2.1,Transitive Dependency,Apache License 2.0,PERMISSIVE,NOT_REVIEWED,e7c34806-7226-46f7-96fc-9511c0fc2124,d09eb1bb-3e8d-4d3e-bf03-d7c24ab4e60f,7cae335f-1193-421e-92f1-8802b4243e93
1865,github.com/dominikbraun/graph,0.23.0,Direct Dependency,Apache License 2.0,PERMISSIVE,NOT_REVIEWED,bf6d02d1-2640-4234-ad0c-c6d64c9ca6bb,078e8c35-cbf1-491e-8cbf-daa840859615,7cae335f-1193-421e-92f1-8802b4243e93
1866,github.com/go-json-experiment/json,20260623-snapshot-01eb4420,Transitive Dependency,"BSD 3-clause ""New"" or ""Revised"" License",PERMISSIVE,NOT_REVIEWED,3314b21d-bc8b-4502-9980-0ee39190d30c,e04fa57f-1464-4bca-b910-2c4e2595cd27,3d238144-44e6-450e-b523-3defbdaed9dc
1867,github.com/go-viper/mapstructure,v2.5.0,Direct Dependency,MIT License,PERMISSIVE,NOT_REVIEWED,05b596d6-6f08-47c3-9e78-058d74831f91,f51cebe4-f741-4f7b-ba60-634b2063a809,ad705c59-6893-4980-bdbf-0837f1823cc4
1868,github.com/gomodule/redigo,v1.8.9,Transitive Dependency,Apache License 2.0,PERMISSIVE,NOT_REVIEWED,ad436a07-f3b3-40ca-83f0-08fe3f4d7881,0051a0d3-1f3a-4adf-ae46-8bddfbb93b5e,7cae335f-1193-421e-92f1-8802b4243e93
1869,github.com/microsoft/kiota-abstractions-go,v1.9.4,Transitive Dependency,MIT License,PERMISSIVE,NOT_REVIEWED,5cf2ea6d-ac5d-4e60-b6ea-2ac6b195ccd1,05b2e7bc-3732-484e-92d2-b1cdbe3f237c,ad705c59-6893-4980-bdbf-0837f1823cc4
1870,github.com/microsoft/kiota-serialization-json-go,v1.1.4,Transitive Dependency,MIT License,PERMISSIVE,NOT_REVIEWED,5f55192e-74d3-4fae-94ad-e356703e1d4c,5d44d8b2-0fb9-44e4-9954-be5beb940c92,ad705c59-6893-4980-bdbf-0837f1823cc4
1871,github.com/moby/go-archive,v0.3.3,Direct Dependency,Apache License 2.0,PERMISSIVE,NOT_REVIEWED,da33206e-f42e-4db6-9958-7d36b3f2e94b,ccdeb13a-eb1c-4949-8013-59b97dfe96fc,7cae335f-1193-421e-92f1-8802b4243e93
1872,github.com/moby/spdystream,v0.5.1,Transitive Dependency,Apache License 2.0,PERMISSIVE,NOT_REVIEWED,c483c162-165e-48b9-b7d1-6caddd540d24,15175ca6-ef7c-4c7f-8903-ab0512904f99,7cae335f-1193-421e-92f1-8802b4243e93
1873,github.com/oapi-codegen/oapi-codegen,v2.8.0,Direct Dependency,Apache License 2.0,PERMISSIVE,NOT_REVIEWED,1e546bf7-1216-43a5-82d7-06bcac500562,04ae2b4f-d9dd-4f3d-bd09-33fe7ac0c39c,7cae335f-1193-421e-92f1-8802b4243e93
1874,github.com/oasdiff/yaml,v0.1.1,Transitive Dependency,MIT License,PERMISSIVE,NOT_REVIEWED,f30abc48-b6bf-44c8-8fbd-bcc9dce50996,1271e261-b972-49e2-8ba6-25788929055d,ad705c59-6893-4980-bdbf-0837f1823cc4
1875,github.com/planetscale/vtprotobuf,20240319-snapshot-0393e58b,Transitive Dependency,"BSD 3-clause ""New"" or ""Revised"" License",PERMISSIVE,NOT_REVIEWED,bd82a328-dd27-41ca-a44a-7a2de1f074eb,ff24351c-2fc9-43d7-9d13-e951cb4fde47,3d238144-44e6-450e-b523-3defbdaed9dc
1876,github.com/prometheus/exporter-toolkit,v0.17.1,Transitive Dependency,Apache License 2.0,PERMISSIVE,NOT_REVIEWED,e81f87b9-dbd5-44c2-a691-65297eb89693,0fd67509-a12f-48f0-bdaf-41bc517133ec,7cae335f-1193-421e-92f1-8802b4243e93
1877,github.com/sagikazarmark/locafero,v0.12.0,Transitive Dependency,MIT License,PERMISSIVE,NOT_REVIEWED,8f0b4530-cdf3-4e38-b460-3e09ce7f32d3,ce67125a-9d24-4877-b2eb-217c2078a83b,ad705c59-6893-4980-bdbf-0837f1823cc4
1878,github.com/speakeasy-api/jsonpath,v0.6.3,Transitive Dependency,Apache License 2.0,PERMISSIVE,NOT_REVIEWED,3376cabe-159a-4c84-ae65-38147871bd32,14da9c49-4694-497c-9f59-bfac6fd72a4c,7cae335f-1193-421e-92f1-8802b4243e93
1879,github.com/speakeasy-api/jsonpath,v0.8.2,Transitive Dependency,Apache License 2.0,PERMISSIVE,NOT_REVIEWED,3376cabe-159a-4c84-ae65-38147871bd32,12764a3d-9b82-4213-bcae-f4b51465c0c6,7cae335f-1193-421e-92f1-8802b4243e93
1880,github.com/speakeasy-api/openapi,v1.24.0,Transitive Dependency,MIT License,PERMISSIVE,NOT_REVIEWED,b9990393-1e65-46a8-8667-8d3df4377acc,566a12f4-e90d-41cf-88ec-9313d6f499c8,ad705c59-6893-4980-bdbf-0837f1823cc4
1881,github.com/tidwall/rtred,v0.1.2,Transitive Dependency,MIT License,PERMISSIVE,NOT_REVIEWED,af038c79-d205-46b0-9e88-477d6627da6e,45cb2198-7e45-4a5b-95b1-85813202a9ab,ad705c59-6893-4980-bdbf-0837f1823cc4
1882,github.com/twitchyliquid64/golang-asm,v0.15.1,Transitive Dependency,"BSD 3-clause ""New"" or ""Revised"" License",PERMISSIVE,NOT_REVIEWED,2baf46e6-21e5-4083-9726-227224680784,2d9a7a8b-7ac7-4297-a987-d2a0ac2b53b7,3d238144-44e6-450e-b523-3defbdaed9dc
1883,github.com/xdg-go/pbkdf2,1.0.0,Transitive Dependency,Apache License 2.0,PERMISSIVE,NOT_REVIEWED,6ab6002e-041b-41cb-9e23-c5a7a1082e79,78d3929f-8183-4390-b895-5be9648f7936,7cae335f-1193-421e-92f1-8802b4243e93
1884,github.com/xyproto/randomstring,v1.2.0,Transitive Dependency,MIT License,PERMISSIVE,NOT_REVIEWED,0b0dfabf-b67c-4dec-b746-4d1ebd1ef0aa,3f74c55f-8581-4a80-a91b-a737bc60717d,ad705c59-6893-4980-bdbf-0837f1823cc4
1885,gitlab.com/cznic/cc,v3.41.0,Transitive Dependency,"BSD 3-clause ""New"" or ""Revised"" License",PERMISSIVE,NOT_REVIEWED,8349f9d5-951e-497f-bae8-c1797a55c89b,52bb4303-38a0-4018-b9e2-16b4e60738cc,3d238144-44e6-450e-b523-3defbdaed9dc
1886,gitlab.com/cznic/libc,v1.37.6,Transitive Dependency,"BSD 3-clause ""New"" or ""Revised"" License",PERMISSIVE,NOT_REVIEWED,e3624fa3-c8ce-4048-ba4c-d955c0e9a2b4,2def5542-1da6-4e9d-ba5a-ceabca35f4d2,3d238144-44e6-450e-b523-3defbdaed9dc
1887,gitlab.com/cznic/mathutil,v1.6.0,Transitive Dependency,"BSD 3-clause ""New"" or ""Revised"" License",PERMISSIVE,NOT_REVIEWED,dbedc9ea-3700-4d06-885c-4fca5161e683,68606c90-9bed-4ece-b3d8-d138691927f0,3d238144-44e6-450e-b523-3defbdaed9dc
1888,gitlab.com/cznic/opt,v0.1.3,Transitive Dependency,"BSD 3-clause ""New"" or ""Revised"" License",PERMISSIVE,NOT_REVIEWED,c0a0d332-9dfb-4fa9-9cf1-715a84a9dc99,03e9cc64-4eb0-4d0a-bf66-1e1e59cbc0fe,3d238144-44e6-450e-b523-3defbdaed9dc
1889,gitlab.com/cznic/strutil,v1.2.0,Transitive Dependency,"BSD 3-clause ""New"" or ""Revised"" License",PERMISSIVE,NOT_REVIEWED,004b2945-656a-49bb-b3b9-7183ce724ea6,a8af6400-4dbe-4695-9f87-5de5324ea472,3d238144-44e6-450e-b523-3defbdaed9dc
1890,glob-parent,5.1.2,Transitive Dependency,ISC License,PERMISSIVE,NOT_REVIEWED,f10c3953-445e-4dce-a5e1-8f5b1934fb6d,0f76bad1-affe-4037-8ff3-e4d68e08abae,14b0b50b-acd2-4fc8-ac65-3b15f9e58260
1891,glob-parent,6.0.2,Transitive Dependency,ISC License,PERMISSIVE,NOT_REVIEWED,f10c3953-445e-4dce-a5e1-8f5b1934fb6d,57e96e6a-177d-464d-b52b-7cdf5a8bde61,14b0b50b-acd2-4fc8-ac65-3b15f9e58260
1892,global-dirs,3.0.1,Transitive Dependency,MIT License,PERMISSIVE,NOT_REVIEWED,2e0b6675-df5a-4825-a363-c453e626b099,7fa6ebdf-c431-4f16-b35c-85cfe05aef3b,ad705c59-6893-4980-bdbf-0837f1823cc4
1893,go-check-check,20201130-snapshot-10cb9826,Transitive Dependency,"BSD 2-clause ""Simplified"" License",PERMISSIVE,NOT_REVIEWED,5a28cde9-50e3-4c05-a3f7-257c6d69cb3c,717a42b2-a32b-4c4d-8a9a-b558567f7fab,cc875133-df38-4806-9921-473e0ef01a87
1894,go-colorful,v1.4.0,Transitive Dependency,MIT License,PERMISSIVE,NOT_REVIEWED,2741d7a6-3c07-47e6-9e30-e2e4b08ebf8a,23150618-83c4-46ac-bec1-e935cb8d8920,ad705c59-6893-4980-bdbf-0837f1823cc4
1895,go-echo,v3.3.10,Transitive Dependency,MIT License,PERMISSIVE,NOT_REVIEWED,64aacf7c-9af4-424e-a99d-166afee70d83,c0a318c7-f413-474d-9f98-a52aa9aeba7b,ad705c59-6893-4980-bdbf-0837f1823cc4
1896,go-echo,v4.15.4,Transitive Dependency,MIT License,PERMISSIVE,NOT_REVIEWED,64aacf7c-9af4-424e-a99d-166afee70d83,471e4da0-4f8e-4bd0-85e5-6c84b5b754b0,ad705c59-6893-4980-bdbf-0837f1823cc4
1897,go-echo,v5.3.0,Transitive Dependency,MIT License,PERMISSIVE,NOT_REVIEWED,64aacf7c-9af4-424e-a99d-166afee70d83,9b7b4df7-7dde-4dbf-b0ea-3a30e4d56948,ad705c59-6893-4980-bdbf-0837f1823cc4
1898,go-errors-errors,v1.4.2,Transitive Dependency,MIT License,PERMISSIVE,NOT_REVIEWED,549c3cdc-9cf2-42ba-81df-a59b94fa6116,9574becb-332f-4ae7-8399-10dde4f7227f,ad705c59-6893-4980-bdbf-0837f1823cc4
1899,go-flags,v1.6.1,Transitive Dependency,"BSD 3-clause ""New"" or ""Revised"" License",PERMISSIVE,NOT_REVIEWED,e57be12a-914b-41b0-b637-1cc6f732a689,cc6d51b2-d320-48a1-bd3a-94ff857c9e70,3d238144-44e6-450e-b523-3defbdaed9dc
1900,go-flowrate,20140419-snapshot-cca7078d,Transitive Dependency,"BSD 3-clause ""New"" or ""Revised"" License",PERMISSIVE,NOT_REVIEWED,6e95774b-b42c-4b57-a1ac-6e66661ffce8,843844f1-16f4-4b46-8c7e-2296a3a8f607,3d238144-44e6-450e-b523-3defbdaed9dc
1901,go-github,v90.0.0,Direct Dependency,"BSD 3-clause ""New"" or ""Revised"" License",PERMISSIVE,NOT_REVIEWED,d7443af1-14c0-488a-adad-d16d02947e06,e02eb570-46ff-4d26-a64f-0eb107f0bcb2,3d238144-44e6-450e-b523-3defbdaed9dc
1902,go-gorm/mysql,v1.0.1,Transitive Dependency,MIT License,PERMISSIVE,NOT_REVIEWED,146f8446-de85-43df-bfe2-7bb93b604e51,8d2d5777-6656-440b-b8e1-fc39c0d1722a,ad705c59-6893-4980-bdbf-0837f1823cc4
1903,go-gorm/postgres,v1.5.5,Transitive Dependency,MIT License,PERMISSIVE,NOT_REVIEWED,3d8e42b6-0892-44b6-8200-e78561b248db,f6d192d3-a896-4164-adc8-3ce6c9a450d2,ad705c59-6893-4980-bdbf-0837f1823cc4
1904,go-immutable-radix,v1.3.1,Transitive Dependency,Mozilla Public License 2.0,WEAK_RECIPROCAL,NOT_REVIEWED,fd8d22f5-4664-4d83-bdfe-6f5423d5eb4d,965c98e7-e988-45d5-a3c0-6fe52e324725,ce3dd63e-c569-4cea-986a-46bc5efe9896
1905,go-ini-ini,v1.67.3,Direct Dependency,Apache License 2.0,PERMISSIVE,NOT_REVIEWED,04d8df7b-d356-4cd8-8385-cc0c4e79894f,8ce98f36-a054-4047-b10d-75d1f5f9e383,7cae335f-1193-421e-92f1-8802b4243e93
1906,go-logfmt-logfmt,v0.4.0,Direct Dependency,MIT License,PERMISSIVE,NOT_REVIEWED,6ba9da08-a759-4d29-9e9f-f50dc24bb0b9,bf668b64-1861-412f-9168-957da5bce434,ad705c59-6893-4980-bdbf-0837f1823cc4
1907,go-mssqldb,v0.11.0,Transitive Dependency,"BSD 3-clause ""New"" or ""Revised"" License",PERMISSIVE,NOT_REVIEWED,8ec842c3-a829-43bd-9d04-fb9650b0936b,df636cbc-d6cf-4992-a063-26977c35216c,3d238144-44e6-450e-b523-3defbdaed9dc
1908,go-openapi/errors,v0.22.8,Transitive Dependency,Apache License 2.0,PERMISSIVE,NOT_REVIEWED,91e1a57c-96c9-4452-93eb-5b9f49ff257f,40053ddf-e3bb-4e59-8485-151cb8898e29,7cae335f-1193-421e-92f1-8802b4243e93
1909,go-openapi/jsonpointer,v1.0.0,Transitive Dependency,Apache License 2.0,PERMISSIVE,NOT_REVIEWED,d0457612-4235-419c-a42c-d7ea260ffa9b,f81a35d5-1f82-4aab-83a6-291112c9db4c,7cae335f-1193-421e-92f1-8802b4243e93
1910,go-openapi/loads,v0.25.0,Transitive Dependency,Apache License 2.0,PERMISSIVE,NOT_REVIEWED,c5702eb1-2687-41b4-acf8-c0dca44b2d39,b3494d29-cad4-4f5d-bca4-99411676cec6,7cae335f-1193-421e-92f1-8802b4243e93
1911,go-pg/zerochecker,v0.2.0,Transitive Dependency,"BSD 2-clause ""Simplified"" License",PERMISSIVE,NOT_REVIEWED,852a54b2-69fb-42a8-afcd-827511460369,8b013e32-cab9-4040-9fc3-d70fbc0814ad,cc875133-df38-4806-9921-473e0ef01a87
1912,go-playground-universal-translator,v0.18.2,Direct Dependency,MIT License,PERMISSIVE,NOT_REVIEWED,1ffdf78b-0e0a-4077-8404-e7e6cde29d45,ddda8bfb-4363-4f05-9534-e6303cdce2c3,ad705c59-6893-4980-bdbf-0837f1823cc4
1913,go-playground/validator,v10.30.3,Direct Dependency,MIT License,PERMISSIVE,NOT_REVIEWED,10f9ddac-a3ca-482d-b13f-72f72a1832e0,0c728285-1c9d-444e-b783-f110b9c809c9,ad705c59-6893-4980-bdbf-0837f1823cc4
1914,go-resty/resty,v2.17.2,Transitive Dependency,MIT License,PERMISSIVE,NOT_REVIEWED,c7966be1-52dd-4199-a24a-8555a12c35b0,58b61db8-21c8-4112-b238-372c1c303edc,ad705c59-6893-4980-bdbf-0837f1823cc4
1915,go-resty/resty,v3.0.0-rc.3,Direct Dependency,MIT License,PERMISSIVE,NOT_REVIEWED,c7966be1-52dd-4199-a24a-8555a12c35b0,d371ff36-a88f-45fb-a460-8382a754a7c2,ad705c59-6893-4980-bdbf-0837f1823cc4
1916,go-shellquote,20180428-snapshot-95032a82,Transitive Dependency,MIT License,PERMISSIVE,NOT_REVIEWED,33aed57c-f0d1-4bae-b8a7-037e1dd250d7,244c240c-1b69-43c9-a478-dd58255ee489,ad705c59-6893-4980-bdbf-0837f1823cc4
1917,go-zap,exp/v0.3.0,Direct Dependency,MIT License,PERMISSIVE,NOT_REVIEWED,2cae3977-12c3-4a7c-aea8-0e4290e514d1,fc3175ea-0596-4485-bad3-0c6a5ebe553d,ad705c59-6893-4980-bdbf-0837f1823cc4
1918,go-zap,v1.28.0,Direct Dependency,MIT License,PERMISSIVE,NOT_REVIEWED,2cae3977-12c3-4a7c-aea8-0e4290e514d1,4f8cbfb8-57a6-4fcf-8356-33cb829009ad,ad705c59-6893-4980-bdbf-0837f1823cc4
1919,go-zookeeper/zk,v1.0.4,Transitive Dependency,"BSD 3-clause ""New"" or ""Revised"" License",PERMISSIVE,NOT_REVIEWED,99b132e8-8631-46d0-8e49-000b1a60c244,f024fe71-de62-4356-9285-af1991b5d809,3d238144-44e6-450e-b523-3defbdaed9dc
1920,go.googlesource.com/arch,v0.29.0,Transitive Dependency,"BSD 3-clause ""New"" or ""Revised"" License",PERMISSIVE,NOT_REVIEWED,f1aa5b23-256b-434e-881b-aaed57dba9ca,1333600f-5e4f-4002-b165-3d85883ae1a8,3d238144-44e6-450e-b523-3defbdaed9dc
1921,go.uber.org/goleak,v1.3.0,Transitive Dependency,MIT License,PERMISSIVE,NOT_REVIEWED,8df599ac-6772-4a5d-97c5-193b6773d855,363ee877-5f69-482c-aa4f-43c070f15b9e,ad705c59-6893-4980-bdbf-0837f1823cc4
1922,go.uuid,v4.4.0,Transitive Dependency,MIT License,PERMISSIVE,NOT_REVIEWED,bae24e0d-e911-474a-b107-8dcda127e732,57bb4fe2-e83a-4bb9-a733-767f0b9127b6,ad705c59-6893-4980-bdbf-0837f1823cc4
1923,gobreaker,v2.4.0,Transitive Dependency,MIT License,PERMISSIVE,NOT_REVIEWED,4016ac37-1370-4560-8a42-0f57aa162964,c1662d6f-fd00-4b3c-b0e6-7f53dd50ba11,ad705c59-6893-4980-bdbf-0837f1823cc4
1924,gobwas/pool,v0.2.1,Transitive Dependency,MIT License,PERMISSIVE,NOT_REVIEWED,63e0a76d-e113-4236-88d8-b29586019e28,efab4ebd-3800-414d-b606-05d21593d1bc,ad705c59-6893-4980-bdbf-0837f1823cc4
1925,gobwas/ws,v1.4.0,Transitive Dependency,MIT License,PERMISSIVE,NOT_REVIEWED,f8fe3bd6-aeb0-4e66-ac45-3fd9b12eaf7d,d2a3ac7f-5f0c-42fc-ba4c-7e7aa3b330c6,ad705c59-6893-4980-bdbf-0837f1823cc4
1926,gocb,v2.12.4,Direct Dependency,Apache License 2.0,PERMISSIVE,NOT_REVIEWED,681d6892-f7b8-4463-ad2f-f46c4c173643,80c2d9fb-8d1f-45ff-8807-bc88e17697d5,7cae335f-1193-421e-92f1-8802b4243e93
1927,goccy/go-json,v0.10.6,Transitive Dependency,MIT License,PERMISSIVE,NOT_REVIEWED,457c0603-9966-473f-85f9-601463b6cbc4,ef3b6ed0-4a6e-4b0b-af88-a7f4af127ce5,ad705c59-6893-4980-bdbf-0837f1823cc4
1928,godebug,v1.1.0,Transitive Dependency,Apache License 2.0,PERMISSIVE,NOT_REVIEWED,ce5cf31e-a962-46f6-a762-f24c5ebe130c,2f24b50d-8fc7-488f-8972-9c6db9d4bac6,7cae335f-1193-421e-92f1-8802b4243e93
1929,goji,v1.0.1,Transitive Dependency,MIT License,PERMISSIVE,NOT_REVIEWED,cce5210f-f568-4697-825b-3ad7ae26cfc2,3a5b5e12-66aa-4e68-9299-db2459f7a92b,ad705c59-6893-4980-bdbf-0837f1823cc4
1930,golang-github-ryanuber-columnize,v2.1.2,Transitive Dependency,MIT License,PERMISSIVE,NOT_REVIEWED,04d7f8fd-049b-4d42-ba26-1539003f3fc6,443df6fe-2d41-4eaa-9166-44668ee48bf4,ad705c59-6893-4980-bdbf-0837f1823cc4
1931,golang-jwt/jwt,v4.5.2,Transitive Dependency,MIT License,PERMISSIVE,NOT_REVIEWED,ab1a8f19-d8cb-458f-b205-a989662d7406,0697c4d8-fbc5-4b2a-9142-708d7c4ab719,ad705c59-6893-4980-bdbf-0837f1823cc4
1932,golang-jwt/jwt,v5.3.1,Direct Dependency,MIT License,PERMISSIVE,NOT_REVIEWED,ab1a8f19-d8cb-458f-b205-a989662d7406,06b3aee1-c120-43b6-af0b-460cad82036f,ad705c59-6893-4980-bdbf-0837f1823cc4
1933,golang-mock,v1.7.0-rc.1,Transitive Dependency,Apache License 2.0,PERMISSIVE,NOT_REVIEWED,88a56810-039f-431d-a19b-ed081fce5e03,6d284955-c9a3-4160-b202-81892b79cf12,7cae335f-1193-421e-92f1-8802b4243e93
1934,golang-sql/sqlexp,v0.1.0,Transitive Dependency,"BSD 3-clause ""New"" or ""Revised"" License",PERMISSIVE,NOT_REVIEWED,66de68aa-8c04-420f-8f9a-b4098cc02756,443f39fa-60ad-445b-971a-ad4b6e78b039,3d238144-44e6-450e-b523-3defbdaed9dc
1935,golang-stats,v0.7.0,Transitive Dependency,MIT License,PERMISSIVE,NOT_REVIEWED,baa52cef-cd22-41d8-8155-5b26d67cb94a,59f6c69a-594f-46e3-ac1c-0406b1d38aef,ad705c59-6893-4980-bdbf-0837f1823cc4
1936,golang.org/x/mod,v0.41.0,Direct Dependency,"BSD 3-clause ""New"" or ""Revised"" License",PERMISSIVE,NOT_REVIEWED,67e4942e-545c-4ba1-a91d-a56b64c32b70,b0dca572-58ad-4e93-a482-06aa7fd173cb,3d238144-44e6-450e-b523-3defbdaed9dc
1937,golang.org/x/tools,v0.49.0,Transitive Dependency,"BSD 3-clause ""New"" or ""Revised"" License",PERMISSIVE,NOT_REVIEWED,14a2ff4c-2279-4fef-b1aa-dca342e85a02,a0c7a56f-9264-4a77-bb66-74c62007f1f5,3d238144-44e6-450e-b523-3defbdaed9dc
1938,golang/appengine,v1.6.8,Transitive Dependency,Apache License 2.0,PERMISSIVE,NOT_REVIEWED,2c771167-95ec-4d9a-91ae-a08f7da10f1b,aa8284b2-5041-4989-9403-4cf4c3c46f64,7cae335f-1193-421e-92f1-8802b4243e93
1939,golang/glog,v1.2.5,Transitive Dependency,Apache License 2.0,PERMISSIVE,NOT_REVIEWED,f74465ca-426f-4b1d-af72-f56e276c4c59,c3b4bad2-1c93-4cd1-8d5d-700f3c13faf8,7cae335f-1193-421e-92f1-8802b4243e93
1940,golang/oauth2,v0.37.0,Direct Dependency,"BSD 3-clause ""New"" or ""Revised"" License",PERMISSIVE,NOT_REVIEWED,c4a9b525-ee65-4862-b197-b3386c84c2ae,d11baabf-daa2-40ee-b675-3e7a1f8da193,3d238144-44e6-450e-b523-3defbdaed9dc
1941,gomega,v1.39.1,Transitive Dependency,MIT License,PERMISSIVE,NOT_REVIEWED,e76d7771-4193-4e7a-b650-bb58a2d29074,96a38002-4a1a-466c-ba59-cae683fa49f8,ad705c59-6893-4980-bdbf-0837f1823cc4
1942,gomemcache,20221107-snapshot-acc69625,Transitive Dependency,Apache License 2.0,PERMISSIVE,NOT_REVIEWED,a09d4e38-7293-462a-aee3-adcff57e9df7,81fba1b0-fb01-4b47-9d5c-a006f30fc747,7cae335f-1193-421e-92f1-8802b4243e93
1943,gomodules/jsonpatch,v2.4.0,Transitive Dependency,Apache License 2.0,PERMISSIVE,NOT_REVIEWED,4efb3ecf-348d-44bb-bd54-c3dcb8f126db,a3836890-f1ef-4301-aa0c-bf7015379821,7cae335f-1193-421e-92f1-8802b4243e93
1944,google-cloud-go,accesscontextmanager/v1.15.0,Transitive Dependency,Apache License 2.0,PERMISSIVE,NOT_REVIEWED,75aa5805-4a94-48f0-8b30-76abb0d2828c,5905bd87-4d61-4e4d-a3ff-bec5e6141086,7cae335f-1193-421e-92f1-8802b4243e93
1945,google-cloud-go,aiplatform/v1.126.0,Transitive Dependency,Apache License 2.0,PERMISSIVE,NOT_REVIEWED,75aa5805-4a94-48f0-8b30-76abb0d2828c,60d13ebc-6a09-4e62-9427-592c4c6e9812,7cae335f-1193-421e-92f1-8802b4243e93
1946,google-cloud-go,appengine/v1.15.0,Transitive Dependency,Apache License 2.0,PERMISSIVE,NOT_REVIEWED,75aa5805-4a94-48f0-8b30-76abb0d2828c,299bd9b8-2ced-4fbe-8ba6-be1d75f2ec50,7cae335f-1193-421e-92f1-8802b4243e93
1947,google-cloud-go,asset/v1.28.0,Direct Dependency,Apache License 2.0,PERMISSIVE,NOT_REVIEWED,75aa5805-4a94-48f0-8b30-76abb0d2828c,411c81f3-e9b6-4704-a18c-81475f521e6e,7cae335f-1193-421e-92f1-8802b4243e93
1948,google-cloud-go,auth/oauth2adapt/v0.2.8,Transitive Dependency,Apache License 2.0,PERMISSIVE,NOT_REVIEWED,75aa5805-4a94-48f0-8b30-76abb0d2828c,d739ff9a-a84e-4851-b1f4-57191f6024a3,7cae335f-1193-421e-92f1-8802b4243e93
1949,google-cloud-go,auth/v0.23.2,Transitive Dependency,Apache License 2.0,PERMISSIVE,NOT_REVIEWED,75aa5805-4a94-48f0-8b30-76abb0d2828c,29311b4d-31b6-487f-a01f-e8628e893801,7cae335f-1193-421e-92f1-8802b4243e93
1950,google-cloud-go,bigquery/v1.81.0,Direct Dependency,Apache License 2.0,PERMISSIVE,NOT_REVIEWED,75aa5805-4a94-48f0-8b30-76abb0d2828c,0b489a3d-8e72-4b5e-8c8b-bec68d089ec8,7cae335f-1193-421e-92f1-8802b4243e93
1951,google-cloud-go,cloudquotas/v1.12.0,Direct Dependency,Apache License 2.0,PERMISSIVE,NOT_REVIEWED,75aa5805-4a94-48f0-8b30-76abb0d2828c,0879d55b-a2ad-452a-95e2-455915e90ce6,7cae335f-1193-421e-92f1-8802b4243e93
1952,google-cloud-go,cloudtasks/v1.19.0,Transitive Dependency,Apache License 2.0,PERMISSIVE,NOT_REVIEWED,75aa5805-4a94-48f0-8b30-76abb0d2828c,7349b79b-bd65-4dc0-81f0-98c80bb7f764,7cae335f-1193-421e-92f1-8802b4243e93
1953,google-cloud-go,compute/metadata/v0.10.0,Direct Dependency,Apache License 2.0,PERMISSIVE,NOT_REVIEWED,75aa5805-4a94-48f0-8b30-76abb0d2828c,871eead1-0b0e-4050-9bd7-4613d45d2ed6,7cae335f-1193-421e-92f1-8802b4243e93
1954,google-cloud-go,compute/v1.66.0,Direct Dependency,Apache License 2.0,PERMISSIVE,NOT_REVIEWED,75aa5805-4a94-48f0-8b30-76abb0d2828c,8531f73b-4798-41c2-a863-a58cb2d63457,7cae335f-1193-421e-92f1-8802b4243e93
1955,google-cloud-go,container/v1.53.1,Transitive Dependency,Apache License 2.0,PERMISSIVE,NOT_REVIEWED,75aa5805-4a94-48f0-8b30-76abb0d2828c,7052a826-239b-4776-ab49-dd610ba77c0a,7cae335f-1193-421e-92f1-8802b4243e93
1956,google-cloud-go,containeranalysis/v0.19.0,Transitive Dependency,Apache License 2.0,PERMISSIVE,NOT_REVIEWED,75aa5805-4a94-48f0-8b30-76abb0d2828c,44883123-9beb-417f-bc72-21ec3518a9a3,7cae335f-1193-421e-92f1-8802b4243e93
1957,google-cloud-go,datacatalog/v1.32.0,Transitive Dependency,Apache License 2.0,PERMISSIVE,NOT_REVIEWED,75aa5805-4a94-48f0-8b30-76abb0d2828c,f682dbe6-34fe-4c23-872b-f94c74d63cf0,7cae335f-1193-421e-92f1-8802b4243e93
1958,google-cloud-go,dataflow/v0.16.0,Transitive Dependency,Apache License 2.0,PERMISSIVE,NOT_REVIEWED,75aa5805-4a94-48f0-8b30-76abb0d2828c,83f8ea93-cf52-43a2-9234-38e81656d5e7,7cae335f-1193-421e-92f1-8802b4243e93
1959,google-cloud-go,dataproc/v2.25.0,Transitive Dependency,Apache License 2.0,PERMISSIVE,NOT_REVIEWED,75aa5805-4a94-48f0-8b30-76abb0d2828c,57101e26-333b-4bf5-b994-e65c1cb18c34,7cae335f-1193-421e-92f1-8802b4243e93
1960,google-cloud-go,documentai/v1.49.0,Transitive Dependency,Apache License 2.0,PERMISSIVE,NOT_REVIEWED,75aa5805-4a94-48f0-8b30-76abb0d2828c,5e6448d0-d693-441b-9c60-1ec75dda43ab,7cae335f-1193-421e-92f1-8802b4243e93
1961,google-cloud-go,domains/v0.16.0,Transitive Dependency,Apache License 2.0,PERMISSIVE,NOT_REVIEWED,75aa5805-4a94-48f0-8b30-76abb0d2828c,1f1776c9-75b3-4bb6-8242-2ad5556a6619,7cae335f-1193-421e-92f1-8802b4243e93
1962,google-cloud-go,iam/v1.13.0,Direct Dependency,Apache License 2.0,PERMISSIVE,NOT_REVIEWED,75aa5805-4a94-48f0-8b30-76abb0d2828c,3362d7d6-c0f0-4311-b330-4c9b0366782b,7cae335f-1193-421e-92f1-8802b4243e93
1963,google-cloud-go,kms/v1.33.0,Direct Dependency,Apache License 2.0,PERMISSIVE,NOT_REVIEWED,75aa5805-4a94-48f0-8b30-76abb0d2828c,fd5c2581-3bae-49ed-b0bd-5c16ba02d4b3,7cae335f-1193-421e-92f1-8802b4243e93
1964,google-cloud-go,language/v1.18.0,Transitive Dependency,Apache License 2.0,PERMISSIVE,NOT_REVIEWED,75aa5805-4a94-48f0-8b30-76abb0d2828c,1f9944b9-5098-4f26-b9fe-67f648241857,7cae335f-1193-421e-92f1-8802b4243e93
1965,google-cloud-go,logging/v1.19.1,Direct Dependency,Apache License 2.0,PERMISSIVE,NOT_REVIEWED,75aa5805-4a94-48f0-8b30-76abb0d2828c,e151b4f8-840e-484c-be2a-f870b5814a8f,7cae335f-1193-421e-92f1-8802b4243e93
1966,google-cloud-go,longrunning/v1.2.0,Transitive Dependency,Apache License 2.0,PERMISSIVE,NOT_REVIEWED,75aa5805-4a94-48f0-8b30-76abb0d2828c,73afaac8-c3ea-4746-8193-9efd3e4260e4,7cae335f-1193-421e-92f1-8802b4243e93
1967,google-cloud-go,monitoring/v1.30.0,Transitive Dependency,Apache License 2.0,PERMISSIVE,NOT_REVIEWED,75aa5805-4a94-48f0-8b30-76abb0d2828c,f9b09b93-2193-4691-9034-30076ea2426f,7cae335f-1193-421e-92f1-8802b4243e93
1968,google-cloud-go,orgpolicy/v1.20.0,Transitive Dependency,Apache License 2.0,PERMISSIVE,NOT_REVIEWED,75aa5805-4a94-48f0-8b30-76abb0d2828c,8cccda41-b03c-43e4-a002-cbc8693752cc,7cae335f-1193-421e-92f1-8802b4243e93
1969,google-cloud-go,osconfig/v1.22.0,Transitive Dependency,Apache License 2.0,PERMISSIVE,NOT_REVIEWED,75aa5805-4a94-48f0-8b30-76abb0d2828c,105d0f3a-c935-4eef-a53e-55051ddcc390,7cae335f-1193-421e-92f1-8802b4243e93
1970,google-cloud-go,pubsub/v1.37.0,Transitive Dependency,Apache License 2.0,PERMISSIVE,NOT_REVIEWED,75aa5805-4a94-48f0-8b30-76abb0d2828c,5a37655b-2d61-4654-bf51-8eb0e1444e0e,7cae335f-1193-421e-92f1-8802b4243e93
1971,google-cloud-go,recommender/v1.19.0,Transitive Dependency,Apache License 2.0,PERMISSIVE,NOT_REVIEWED,75aa5805-4a94-48f0-8b30-76abb0d2828c,135e2b84-e91d-4ffa-9aeb-890f9a1595ba,7cae335f-1193-421e-92f1-8802b4243e93
1972,google-cloud-go,resourcemanager/v1.16.0,Direct Dependency,Apache License 2.0,PERMISSIVE,NOT_REVIEWED,75aa5805-4a94-48f0-8b30-76abb0d2828c,9a4b936c-1a4d-4967-94e1-e088f2a07b4a,7cae335f-1193-421e-92f1-8802b4243e93
1973,google-cloud-go,secretmanager/v1.21.0,Direct Dependency,Apache License 2.0,PERMISSIVE,NOT_REVIEWED,75aa5805-4a94-48f0-8b30-76abb0d2828c,896b4536-db01-49e8-9b28-98e6d4589ece,7cae335f-1193-421e-92f1-8802b4243e93
1974,google-cloud-go,securitycenter/v1.46.0,Transitive Dependency,Apache License 2.0,PERMISSIVE,NOT_REVIEWED,75aa5805-4a94-48f0-8b30-76abb0d2828c,34e07156-bda1-4600-8511-f0aca92641c4,7cae335f-1193-421e-92f1-8802b4243e93
1975,google-cloud-go,servicedirectory/v1.17.0,Transitive Dependency,Apache License 2.0,PERMISSIVE,NOT_REVIEWED,75aa5805-4a94-48f0-8b30-76abb0d2828c,2702318e-602a-467a-be44-a8b3b47f0fff,7cae335f-1193-421e-92f1-8802b4243e93
1976,google-cloud-go,spanner/v1.94.0,Transitive Dependency,Apache License 2.0,PERMISSIVE,NOT_REVIEWED,75aa5805-4a94-48f0-8b30-76abb0d2828c,895d10b7-8931-42f2-9d82-eeaf4f60b4f5,7cae335f-1193-421e-92f1-8802b4243e93
1977,google-cloud-go,storage/v1.65.0,Direct Dependency,Apache License 2.0,PERMISSIVE,NOT_REVIEWED,75aa5805-4a94-48f0-8b30-76abb0d2828c,c4ff77e1-9cd3-4163-b5b6-4f8d2932c81a,7cae335f-1193-421e-92f1-8802b4243e93
1978,google-cloud-go,support/v1.14.0,Direct Dependency,Apache License 2.0,PERMISSIVE,NOT_REVIEWED,75aa5805-4a94-48f0-8b30-76abb0d2828c,c3b0483e-0e0a-4143-b620-e31d6c4866ac,7cae335f-1193-421e-92f1-8802b4243e93
1979,google-cloud-go,trace/v1.16.0,Transitive Dependency,Apache License 2.0,PERMISSIVE,NOT_REVIEWED,75aa5805-4a94-48f0-8b30-76abb0d2828c,51fc53f8-2885-4d93-8e43-151e99d6ec0c,7cae335f-1193-421e-92f1-8802b4243e93
1980,google-cloud-go,translate/v1.10.3,Transitive Dependency,Apache License 2.0,PERMISSIVE,NOT_REVIEWED,75aa5805-4a94-48f0-8b30-76abb0d2828c,53cb243c-5685-4278-8589-ef0ed2f5183f,7cae335f-1193-421e-92f1-8802b4243e93
1981,google-cloud-go,v0.123.0,Transitive Dependency,Apache License 2.0,PERMISSIVE,NOT_REVIEWED,75aa5805-4a94-48f0-8b30-76abb0d2828c,19cac200-3520-41ed-a996-0517f8a9583c,7cae335f-1193-421e-92f1-8802b4243e93
1982,google-cloud-go,video/v1.33.0,Transitive Dependency,Apache License 2.0,PERMISSIVE,NOT_REVIEWED,75aa5805-4a94-48f0-8b30-76abb0d2828c,7d3a7e48-76b7-4f2a-8f58-279e2e257ccc,7cae335f-1193-421e-92f1-8802b4243e93
1983,google-cloud-go,videointelligence/v1.17.0,Transitive Dependency,Apache License 2.0,PERMISSIVE,NOT_REVIEWED,75aa5805-4a94-48f0-8b30-76abb0d2828c,31bc00b7-97fd-4f9e-9af3-8fea4a6ff2fe,7cae335f-1193-421e-92f1-8802b4243e93
1984,google-go-querystring,v1.2.0,Transitive Dependency,"BSD 3-clause ""New"" or ""Revised"" License",PERMISSIVE,NOT_REVIEWED,caf253f3-9e21-4178-95bc-1e1be613a246,40b8eb00-7702-4c7d-ad54-6cd5020125f6,3d238144-44e6-450e-b523-3defbdaed9dc
1985,google-gofuzz,v1.2.0,Transitive Dependency,Apache License 2.0,PERMISSIVE,NOT_REVIEWED,16221570-a392-4c6c-950e-40a7103e2f55,492c95f5-205b-4325-a9b8-a0208dae96bc,7cae335f-1193-421e-92f1-8802b4243e93
1986,google/gnostic-models,v0.7.1,Transitive Dependency,Apache License 2.0,PERMISSIVE,NOT_REVIEWED,69aa1b13-a96b-4de2-b6d2-b2d4194f834c,7fb09c56-30b3-4a58-b066-da1670b7d39c,7cae335f-1193-421e-92f1-8802b4243e93
1987,google/s2a-go,v0.1.9,Transitive Dependency,Apache License 2.0,PERMISSIVE,NOT_REVIEWED,d2298889-2e00-4963-91c6-9778f9d5aa97,e4723961-5c61-46d7-a5d3-073f1455a08f,7cae335f-1193-421e-92f1-8802b4243e93
1988,googleapis/google-api-go-client,v0.293.0,Direct Dependency,"BSD 3-clause ""New"" or ""Revised"" License",PERMISSIVE,NOT_REVIEWED,515827f6-5ef8-4b0d-ae66-54ec92ed549e,de586f6b-1afd-4bfe-b1cf-0fba5642f18f,3d238144-44e6-450e-b523-3defbdaed9dc
1989,gophercloud/gophercloud,v2.13.0,Transitive Dependency,Apache License 2.0,PERMISSIVE,NOT_REVIEWED,a2b361a6-bf77-4241-9ff2-f02e4b938087,4ffe8a2a-a2ee-49b1-9d74-d7e55058a670,7cae335f-1193-421e-92f1-8802b4243e93
1990,gopkg.in/mgo.v2,20181107-snapshot-eeefdecb,Transitive Dependency,"BSD 2-clause ""Simplified"" License",PERMISSIVE,NOT_REVIEWED,cd2af13e-138a-45dc-a353-8ef556678369,93298643-6d87-4868-868a-bccde974237f,cc875133-df38-4806-9921-473e0ef01a87
1991,gopkg.in/v1/fsnotify,v1.4.7,Direct Dependency,"BSD 3-clause ""New"" or ""Revised"" License",PERMISSIVE,NOT_REVIEWED,33042ff0-9dad-4695-bbb5-34ca6a8b7e58,ab0afaec-034a-4575-9346-3f3e0544e675,3d238144-44e6-450e-b523-3defbdaed9dc
1992,gorilla/mux,v1.8.1,Direct Dependency,"BSD 3-clause ""New"" or ""Revised"" License",PERMISSIVE,NOT_REVIEWED,9d91c5e4-2751-443d-8282-9d399dbb578e,3c4120cd-0416-4b50-a7ba-f23fcb3162b3,3d238144-44e6-450e-b523-3defbdaed9dc
1993,gorilla/websocket,20250226-snapshot-e064f32e,Transitive Dependency,"BSD 2-clause ""Simplified"" License",PERMISSIVE,NOT_REVIEWED,d92d2651-b10f-4ae4-9aa7-4a820d904f58,00e50e62-43c6-4a6e-b0b8-3f3fad74ce38,cc875133-df38-4806-9921-473e0ef01a87
1994,gotest.tools,v2.2.0,Transitive Dependency,Apache License 2.0,PERMISSIVE,NOT_REVIEWED,f9374fc5-bb7b-4f06-b58c-a71a37867f9d,7b1db159-8b21-4c81-84c9-5d0c1178b60e,7cae335f-1193-421e-92f1-8802b4243e93
1995,gotest.tools,v3.5.2,Transitive Dependency,Apache License 2.0,PERMISSIVE,NOT_REVIEWED,f9374fc5-bb7b-4f06-b58c-a71a37867f9d,439500b2-6587-4a69-8971-43c353cfbdcc,7cae335f-1193-421e-92f1-8802b4243e93
1996,graph-gophers/graphql-go,v1.5.0,Transitive Dependency,"BSD 2-clause ""Simplified"" License",PERMISSIVE,NOT_REVIEWED,3665c901-3dae-4885-bf92-c1e236e1de27,3814feff-e601-40cb-bb36-8e31486039a8,cc875133-df38-4806-9921-473e0ef01a87
1997,graphql,16.13.2,Transitive Dependency,MIT License,PERMISSIVE,NOT_REVIEWED,fd8cff0c-0be3-4609-a18e-22b04241dc8c,01d5e41d-5b86-49fc-a4fe-1a986fedfe49,ad705c59-6893-4980-bdbf-0837f1823cc4
1998,graphql-go,v0.8.1,Transitive Dependency,MIT License,PERMISSIVE,NOT_REVIEWED,5a4e3d02-9756-4a0c-82fd-77e753fcee84,e43bc7ef-ff7d-4fdf-8e9e-c6a833f7fbfc,ad705c59-6893-4980-bdbf-0837f1823cc4
1999,graphql-go/handler,v0.2.3,Transitive Dependency,MIT License,PERMISSIVE,NOT_REVIEWED,2155a916-ffb9-412f-8a01-d0c1df9a1254,a20a2dde-53d3-4e70-a8d5-aaddc6c4ceaa,ad705c59-6893-4980-bdbf-0837f1823cc4
2000,hachure-fill,0.5.2,Transitive Dependency,MIT License,PERMISSIVE,NOT_REVIEWED,e76b8479-ea89-4e9a-9101-e1ff4e1d1b8b,9ec87636-9b5d-4f75-aff5-3078f57f2986,ad705c59-6893-4980-bdbf-0837f1823cc4
2001,hapi__hoek,9.3.0,Transitive Dependency,"BSD 3-clause ""New"" or ""Revised"" License",PERMISSIVE,NOT_REVIEWED,74b2579a-8655-4afb-98cf-dc2dff827774,b9315a41-9427-45a7-9f6b-62a3bb71c1c1,3d238144-44e6-450e-b523-3defbdaed9dc
2002,hapi__topo,5.1.0,Transitive Dependency,"BSD 3-clause ""New"" or ""Revised"" License",PERMISSIVE,NOT_REVIEWED,5693637b-e02f-401d-81ec-9a2aa530dbe8,205ad3e9-42ee-4045-87a1-6f2005232cf8,3d238144-44e6-450e-b523-3defbdaed9dc
2003,harthur/color-string,2.1.4,Transitive Dependency,MIT License,PERMISSIVE,NOT_REVIEWED,9bb3d8a8-e521-414d-a53d-0b5534494f5e,797bf3b5-91fd-4991-a51f-19f069d12eee,ad705c59-6893-4980-bdbf-0837f1823cc4
2004,has-flag,4.0.0,Transitive Dependency,MIT License,PERMISSIVE,NOT_REVIEWED,ff2c2781-36ea-4b99-9bb4-2442db6dd405,f22d04c5-af6c-4286-a2b7-5a23eefd6feb,ad705c59-6893-4980-bdbf-0837f1823cc4
2005,hashery,1.5.1,Transitive Dependency,MIT License,PERMISSIVE,NOT_REVIEWED,65798bc9-3753-41b4-8d75-235281815fdd,bccb3864-1a74-4f50-a830-b3bb113ead0b,ad705c59-6893-4980-bdbf-0837f1823cc4
2006,hashicorp-go-cleanhttp,v0.5.2,Transitive Dependency,Mozilla Public License 2.0,WEAK_RECIPROCAL,NOT_REVIEWED,0381309d-0c52-4414-9248-1f18ce4f1fa9,95c41ef4-0d7f-4dd7-b9b6-72cf3363d7b3,ce3dd63e-c569-4cea-986a-46bc5efe9896
2007,hashicorp-go-multierror,v1.1.1,Direct Dependency,Mozilla Public License 2.0,WEAK_RECIPROCAL,NOT_REVIEWED,a023b7d9-06be-4b2a-8c39-83314769fd0d,ac72fe0c-6248-4d15-90be-c6e609c56652,ce3dd63e-c569-4cea-986a-46bc5efe9896
2008,hashicorp-go-retryablehttp,v0.7.8,Transitive Dependency,Mozilla Public License 2.0,WEAK_RECIPROCAL,NOT_REVIEWED,7d689462-8450-4d18-8256-e8492e28b8bf,61ba150e-7b6a-4e2d-8893-6d502918240c,ce3dd63e-c569-4cea-986a-46bc5efe9896
2009,hashicorp-go-rootcerts,v1.0.2,Transitive Dependency,Mozilla Public License 2.0,WEAK_RECIPROCAL,NOT_REVIEWED,1d015d85-1845-4570-8bdb-f5453d484258,6fdf872a-53b6-436a-952c-bce1aaa2b4ef,ce3dd63e-c569-4cea-986a-46bc5efe9896
2010,hashicorp-go-uuid,v1.0.3,Transitive Dependency,Mozilla Public License 2.0,WEAK_RECIPROCAL,NOT_REVIEWED,8951c671-773b-4ed9-bae0-ede913450494,cb4b326b-4d3e-4454-aaf0-0896b6513081,ce3dd63e-c569-4cea-986a-46bc5efe9896
2011,hashicorp-golang-lru,v1.0.2,Transitive Dependency,Mozilla Public License 2.0,WEAK_RECIPROCAL,NOT_REVIEWED,3547bbd8-32cb-4ed1-bb4c-98db54e79af7,65bbb3fa-dcf9-4ac4-b907-f1bcf04babaa,ce3dd63e-c569-4cea-986a-46bc5efe9896
2012,hashicorp-golang-lru,v2.0.7,Direct Dependency,Mozilla Public License 2.0,WEAK_RECIPROCAL,NOT_REVIEWED,3547bbd8-32cb-4ed1-bb4c-98db54e79af7,4075567e-dba3-423d-be60-91da62d6f619,ce3dd63e-c569-4cea-986a-46bc5efe9896
2013,hashicorp/cronexpr,v1.1.3,Transitive Dependency,Apache License 2.0,PERMISSIVE,NOT_REVIEWED,3daa6cf3-6c8f-4719-94ac-79770b372f81,0aa9706e-9b13-49cd-92e4-911786444f6f,7cae335f-1193-421e-92f1-8802b4243e93
2014,hashicorp/go-hclog,v1.6.3,Transitive Dependency,MIT License,PERMISSIVE,NOT_REVIEWED,f18fcd8f-10dd-4eb1-9e65-8482a0fc6f5f,ccd79cec-2201-42a6-b69b-a302266cacb1,ad705c59-6893-4980-bdbf-0837f1823cc4
2015,hashicorp/go-metrics,v0.6.0,Transitive Dependency,MIT License,PERMISSIVE,NOT_REVIEWED,93e6ecc1-d37c-4513-8540-9277410452af,12b4ee3c-4eba-4e14-9a03-ff8f6d6209c2,ad705c59-6893-4980-bdbf-0837f1823cc4
2016,hashicorp/hcl,v1.0.1-vault-5,Transitive Dependency,Mozilla Public License 2.0,WEAK_RECIPROCAL,NOT_REVIEWED,1d8bfe84-cbc2-4f1f-a820-02d43067a6b5,19f676c6-c7bd-4d6e-9247-38482ed395e6,ce3dd63e-c569-4cea-986a-46bc5efe9896
2017,headers-polyfill,5.0.1,Transitive Dependency,MIT License,PERMISSIVE,NOT_REVIEWED,02896f69-12b8-4427-888a-5869f9fb5f7d,fbed923e-abda-48d6-91a5-d66ebe4267ca,ad705c59-6893-4980-bdbf-0837f1823cc4
2018,honojs,4.12.34,Transitive Dependency,MIT License,PERMISSIVE,NOT_REVIEWED,fe7d0b50-d823-4c40-9ac8-cf10d02967a7,5fd709b0-b49c-4d3a-8d16-e3661686a705,ad705c59-6893-4980-bdbf-0837f1823cc4
2019,honojs/node-server,1.19.14,Transitive Dependency,MIT License,PERMISSIVE,NOT_REVIEWED,5e96a374-72bc-4506-8048-5e874e4eb611,e42533a6-6f02-427c-81a1-db158d8263eb,ad705c59-6893-4980-bdbf-0837f1823cc4
2020,hookified,1.15.1,Transitive Dependency,MIT License,PERMISSIVE,NOT_REVIEWED,0de4dd4e-ecab-401c-bf82-11e7778e8024,7fcc2c8d-fa92-4d57-81c3-90d401c9b839,ad705c59-6893-4980-bdbf-0837f1823cc4
2021,hookified,2.2.0,Transitive Dependency,MIT License,PERMISSIVE,NOT_REVIEWED,0de4dd4e-ecab-401c-bf82-11e7778e8024,9c2b683c-51f0-4452-a72f-78ca5128d8b5,ad705c59-6893-4980-bdbf-0837f1823cc4
2022,hpcloud-tail,v1.0.0,Direct Dependency,MIT License,PERMISSIVE,NOT_REVIEWED,bca3b387-5988-492c-883c-122c03e7ebbb,61bb0e77-51fa-4282-863f-e508291f2866,ad705c59-6893-4980-bdbf-0837f1823cc4
2023,html-webpack-plugin,5.5.3,Direct Dependency,MIT License,PERMISSIVE,NOT_REVIEWED,a741f384-ad1f-4bb8-ace3-dad25442939b,db13a51b-46a3-40f0-99fd-dbd5aa15eb76,ad705c59-6893-4980-bdbf-0837f1823cc4
2024,httpx,0.28.1,Direct Dependency,"BSD 3-clause ""New"" or ""Revised"" License",PERMISSIVE,NOT_REVIEWED,f3eb45a6-82ec-4dad-8c23-1910b4403aff,60cef313-5509-4b4a-801b-da681bbd737f,3d238144-44e6-450e-b523-3defbdaed9dc
2025,huandu/xstrings,v1.5.0,Transitive Dependency,MIT License,PERMISSIVE,NOT_REVIEWED,2e8a59ff-28c9-4755-ad8d-ae22be0e5aec,fca47589-237f-4845-9ff0-3e7463c4d129,ad705c59-6893-4980-bdbf-0837f1823cc4
2026,huggingface/datasets,2.0.0,Direct Dependency,Apache License 2.0,PERMISSIVE,NOT_REVIEWED,78a60ffc-8774-4c3a-8ae2-c826ab82f8c5,308549af-9d12-4ed5-a0f0-a576f1c38942,7cae335f-1193-421e-92f1-8802b4243e93
2027,hughsk/flat,5.0.2,Transitive Dependency,"BSD 3-clause ""New"" or ""Revised"" License",PERMISSIVE,NOT_REVIEWED,50bfaf24-e795-4bfb-914e-e4a9bcb2b48d,d5eb71eb-4f4c-4476-b5c1-3813ef5d398b,3d238144-44e6-450e-b523-3defbdaed9dc
2028,human-signals,1.1.1,Transitive Dependency,Apache License 2.0,PERMISSIVE,NOT_REVIEWED,330f913a-436c-4c7c-953f-c7896f591d4a,f40886c3-52ec-4f08-9941-0fd38d7b712a,7cae335f-1193-421e-92f1-8802b4243e93
2029,human-signals,2.1.0,Transitive Dependency,Apache License 2.0,PERMISSIVE,NOT_REVIEWED,330f913a-436c-4c7c-953f-c7896f591d4a,b13caa49-a9ef-4393-a888-907dbf7c1a5d,7cae335f-1193-421e-92f1-8802b4243e93
2030,human-signals,8.0.1,Transitive Dependency,Apache License 2.0,PERMISSIVE,NOT_REVIEWED,330f913a-436c-4c7c-953f-c7896f591d4a,1712edf1-4681-4866-81d7-8d1a61e55b1c,7cae335f-1193-421e-92f1-8802b4243e93
2031,iancoleman/strcase,v0.3.0,Transitive Dependency,MIT License,PERMISSIVE,NOT_REVIEWED,85e45396-d5d2-4c46-b816-4cd2635e1954,7b158d11-5a23-41f4-a853-0b76e3c0069c,ad705c59-6893-4980-bdbf-0837f1823cc4
2032,ianlancetaylor/demangle,20250417-snapshot-f615e6bd,Transitive Dependency,"BSD 3-clause ""New"" or ""Revised"" License",PERMISSIVE,NOT_REVIEWED,fe8665ae-8dbb-47eb-a7f1-f7277921b85d,b8b371ba-c753-49b5-bd98-3eaf4f6cf338,3d238144-44e6-450e-b523-3defbdaed9dc
2033,ieee754,v1.2.1,Transitive Dependency,"BSD 3-clause ""New"" or ""Revised"" License",PERMISSIVE,NOT_REVIEWED,175c52ef-d958-4dbf-a650-3ffba4ffcd5c,8f4505a9-0347-4a87-8d6a-d18bbf5cbae4,3d238144-44e6-450e-b523-3defbdaed9dc
2034,import-fresh,3.3.1,Transitive Dependency,MIT License,PERMISSIVE,NOT_REVIEWED,5c5b9a2d-d142-40a8-a27f-14060e70247c,4723c9e0-4a9f-4fea-9b20-f78d1d76af28,ad705c59-6893-4980-bdbf-0837f1823cc4
2035,import-meta-resolve,4.2.0,Transitive Dependency,MIT License,PERMISSIVE,NOT_REVIEWED,ff83e4fa-c2f3-4721-b38d-c98d2f9d7524,cf5e9c64-326c-4159-b83c-498309e00f01,ad705c59-6893-4980-bdbf-0837f1823cc4
2036,imurmurhash,0.1.4,Transitive Dependency,MIT License,PERMISSIVE,NOT_REVIEWED,09279b44-9071-4bad-9976-78188ce16d2c,c4ff4116-2f7f-4dac-b4a0-37fe55009a6d,ad705c59-6893-4980-bdbf-0837f1823cc4
2037,inconshreveable/mousetrap,v1.1.0,Transitive Dependency,Apache License 2.0,PERMISSIVE,NOT_REVIEWED,c2d6fca6-d137-4430-bbde-31603ee8db15,19e7f8ee-2593-464c-8a5f-c8e232921fec,7cae335f-1193-421e-92f1-8802b4243e93
2038,inline-style-parser,0.2.7,Transitive Dependency,MIT License,PERMISSIVE,NOT_REVIEWED,aa664432-9b5e-4bad-b32f-bfdf04997626,7095b253-83e5-4a03-a947-6a1179438280,ad705c59-6893-4980-bdbf-0837f1823cc4
2039,internal-slot,1.1.0,Transitive Dependency,MIT License,PERMISSIVE,NOT_REVIEWED,02e3b551-7ebe-4ebf-b91f-d7fd141fe3b4,ab0d8a10-5b4c-4479-88b1-e320ae8dcba0,ad705c59-6893-4980-bdbf-0837f1823cc4
2040,internmap,1.0.1,Transitive Dependency,ISC License,PERMISSIVE,NOT_REVIEWED,0b941423-2e45-4f69-ad70-5b3ef0ede061,8d748697-7374-4a0c-bdf8-89b59ad29015,14b0b50b-acd2-4fc8-ac65-3b15f9e58260
2041,internmap,2.0.3,Transitive Dependency,ISC License,PERMISSIVE,NOT_REVIEWED,0b941423-2e45-4f69-ad70-5b3ef0ede061,beb67d72-3245-457e-bd45-cf2b52082367,14b0b50b-acd2-4fc8-ac65-3b15f9e58260
2042,ipaddress,10.1.0,Transitive Dependency,MIT License,PERMISSIVE,NOT_REVIEWED,7de277f4-b86a-453c-a7b5-d87c0ba3ec27,1e9b68ad-9b4a-4c8d-a4f9-c4becef024d3,ad705c59-6893-4980-bdbf-0837f1823cc4
2043,iris-contrib/schema,v0.0.6,Transitive Dependency,"BSD 3-clause ""New"" or ""Revised"" License",PERMISSIVE,NOT_REVIEWED,c752969f-3dc4-4578-8b91-e7fb7c6b47de,a088bd12-36d7-4832-bd04-7d9deb347403,3d238144-44e6-450e-b523-3defbdaed9dc
2044,is-arguments,1.2.0,Transitive Dependency,MIT License,PERMISSIVE,NOT_REVIEWED,08da612e-6011-4e99-bd01-e74b593ff950,967c2dbf-e30c-4b47-ba69-8ebb4da3e3a7,ad705c59-6893-4980-bdbf-0837f1823cc4
2045,is-binary-path,v2.1.0,Transitive Dependency,MIT License,PERMISSIVE,NOT_REVIEWED,058be7ad-2fff-4248-b92e-8747677a490c,7d121335-c5ac-47c9-9084-a4d13aa48a1d,ad705c59-6893-4980-bdbf-0837f1823cc4
2046,is-boolean-object,1.2.2,Transitive Dependency,MIT License,PERMISSIVE,NOT_REVIEWED,0f0c349f-720b-49f7-a0a2-72b8d7571f70,47aa0bba-d603-4b4a-82c2-419a7b2b70d0,ad705c59-6893-4980-bdbf-0837f1823cc4
2047,is-callable,1.2.7,Transitive Dependency,MIT License,PERMISSIVE,NOT_REVIEWED,1ef87889-d624-4e44-98c2-becead1cf90c,0eef9c36-051f-45dd-ae56-9a4660aff0df,ad705c59-6893-4980-bdbf-0837f1823cc4
2048,is-cidr,7.0.0,Direct Dependency,"BSD 2-clause ""Simplified"" License",PERMISSIVE,NOT_REVIEWED,321bb825-0ccb-46a9-a283-1431711dee30,360b2097-2818-4897-b920-a00edef67266,cc875133-df38-4806-9921-473e0ef01a87
2049,is-fullwidth-code-point,3.0.0,Transitive Dependency,MIT License,PERMISSIVE,NOT_REVIEWED,f8a45f88-ec55-4c05-9218-1e828ef4406e,31f5afe1-673d-4f25-b9fc-0172b5a4d8bd,ad705c59-6893-4980-bdbf-0837f1823cc4
2050,is-fullwidth-code-point,5.1.0,Transitive Dependency,MIT License,PERMISSIVE,NOT_REVIEWED,f8a45f88-ec55-4c05-9218-1e828ef4406e,70851a0a-66b1-44ec-9461-55e96660a3e3,ad705c59-6893-4980-bdbf-0837f1823cc4
2051,is-glob,4.0.3,Transitive Dependency,MIT License,PERMISSIVE,NOT_REVIEWED,405afd31-f732-46c4-9c0c-0672a1fb1dcd,6ae2ddeb-8dc0-401b-89ca-e4b491f56481,ad705c59-6893-4980-bdbf-0837f1823cc4
2052,is-inside-container,1.0.0,Transitive Dependency,MIT License,PERMISSIVE,NOT_REVIEWED,24e1ed9b-555a-4629-84de-232e16f89236,4286899c-3533-4850-bd14-bab964fb3c7b,ad705c59-6893-4980-bdbf-0837f1823cc4
2053,is-installed-globally,0.4.0,Transitive Dependency,MIT License,PERMISSIVE,NOT_REVIEWED,f0a1a8e1-0ec6-4a8f-9483-12563300eacf,117a1504-01c5-4471-99d2-481f039ddf75,ad705c59-6893-4980-bdbf-0837f1823cc4
2054,is-node-process,1.2.0,Transitive Dependency,MIT License,PERMISSIVE,NOT_REVIEWED,bb699a82-ecd5-4499-877f-710bad01b7c3,c52bd143-1f2f-4870-b43f-5057c4ec9210,ad705c59-6893-4980-bdbf-0837f1823cc4
2055,is-number,7.0.0,Transitive Dependency,MIT License,PERMISSIVE,NOT_REVIEWED,464f1ad5-5e53-4827-aea5-78b651105f4d,b06dfc37-9482-41f2-bb94-6f22b4b8dc40,ad705c59-6893-4980-bdbf-0837f1823cc4
2056,is-plain-obj,2.1.0,Transitive Dependency,MIT License,PERMISSIVE,NOT_REVIEWED,1170fc90-9d8c-41a9-831d-677bcd69cf0a,4db685f1-e5c3-447b-a05d-efefdc4af950,ad705c59-6893-4980-bdbf-0837f1823cc4
2057,is-plain-obj,4.1.0,Transitive Dependency,MIT License,PERMISSIVE,NOT_REVIEWED,1170fc90-9d8c-41a9-831d-677bcd69cf0a,f0dd9eeb-ae78-4c1a-b35d-4007c2d6c871,ad705c59-6893-4980-bdbf-0837f1823cc4
2058,is-regex,1.2.1,Transitive Dependency,MIT License,PERMISSIVE,NOT_REVIEWED,8a695147-8af1-4022-a021-354abbfc5d86,7cd09a18-dc9e-410a-b758-859f9d2f9f3a,ad705c59-6893-4980-bdbf-0837f1823cc4
2059,is-set,2.0.3,Transitive Dependency,MIT License,PERMISSIVE,NOT_REVIEWED,661b5f44-eca5-42e7-9626-2f86de83d82b,1110aeda-23bb-4cd7-8c29-01e1efe8ff5f,ad705c59-6893-4980-bdbf-0837f1823cc4
2060,is-shared-array-buffer,1.0.4,Transitive Dependency,MIT License,PERMISSIVE,NOT_REVIEWED,50d349ef-15d5-46ac-8cff-10df9e09dda9,cfe7ddd7-6390-4fe3-95b5-1b1bc4c57191,ad705c59-6893-4980-bdbf-0837f1823cc4
2061,is-stream,2.0.1,Transitive Dependency,MIT License,PERMISSIVE,NOT_REVIEWED,b587a2b0-a85e-403f-bcfd-ff03a49779af,aa01991a-8226-426f-8b34-1a7356cf7a8b,ad705c59-6893-4980-bdbf-0837f1823cc4
2062,is-stream,4.0.1,Transitive Dependency,MIT License,PERMISSIVE,NOT_REVIEWED,b587a2b0-a85e-403f-bcfd-ff03a49779af,c34d521c-e73c-400d-b3f8-51147991aec1,ad705c59-6893-4980-bdbf-0837f1823cc4
2063,is-string,1.1.1,Transitive Dependency,MIT License,PERMISSIVE,NOT_REVIEWED,14f20a4d-3e71-46a4-aee8-3429ce272669,3772e3cf-97f1-4bbc-b106-a2583779e971,ad705c59-6893-4980-bdbf-0837f1823cc4
2064,is-symbol,1.1.1,Transitive Dependency,MIT License,PERMISSIVE,NOT_REVIEWED,b2516a3b-3ef6-4bb1-baf4-7fadc1e2a7c0,d353b978-f0bb-4983-81b7-6720139e03be,ad705c59-6893-4980-bdbf-0837f1823cc4
2065,isarray,2.0.5,Transitive Dependency,MIT License,PERMISSIVE,NOT_REVIEWED,69e0c288-eb3b-4f1c-aef8-69b003dbeece,845a2547-6ff9-47ef-bbfe-f2eff88982a1,ad705c59-6893-4980-bdbf-0837f1823cc4
2066,isexe,2.0.0,Transitive Dependency,ISC License,PERMISSIVE,NOT_REVIEWED,3eccd11b-b6b1-40a6-a4ad-0c6f6d8f403d,b3472695-668e-4d1b-ae10-79cea52ab922,14b0b50b-acd2-4fc8-ac65-3b15f9e58260
2067,isexe,3.1.5,Transitive Dependency,Blue Oak Model License 1.0.0,PERMISSIVE,NOT_REVIEWED,3eccd11b-b6b1-40a6-a4ad-0c6f6d8f403d,4d2b1723-24c9-4ead-b0c4-d26830a6ee61,9581ad88-048e-43d1-a7bc-f3675f8f3558
2068,jackc/pgservicefile,20221226-snapshot-091c0ba3,Transitive Dependency,MIT License,PERMISSIVE,NOT_REVIEWED,77929105-d628-4cc3-b01f-c6f338d39fde,b7722f1d-6a59-449f-9a2f-f865a0614514,ad705c59-6893-4980-bdbf-0837f1823cc4
2069,jcmturner/rpc,v2.0.3,Transitive Dependency,Apache License 2.0,PERMISSIVE,NOT_REVIEWED,2ecc7f6b-a991-406e-913a-eed31fa82a60,9b7bd14d-83ac-4951-a9f6-cfd540c7fe56,7cae335f-1193-421e-92f1-8802b4243e93
2070,jefflau/jest-fetch-mock,3.0.3,Direct Dependency,MIT License,PERMISSIVE,NOT_REVIEWED,8ca045cb-b2b7-4f40-b6d7-c2a6af408304,4ce88fbd-8bcb-4087-b416-37d2f4d8f8df,ad705c59-6893-4980-bdbf-0837f1823cc4
2071,jest-canvas-mock,2.5.1,Direct Dependency,MIT License,PERMISSIVE,NOT_REVIEWED,47e52d34-5c1d-4694-9e81-76e294472ab9,5eaac272-67e2-4cca-809b-65e52eff5211,ad705c59-6893-4980-bdbf-0837f1823cc4
2072,jest-community/jest-extended,3.2.4,Direct Dependency,MIT License,PERMISSIVE,NOT_REVIEWED,cc76064b-7297-4941-8deb-fb79feb60aa0,fcf44c0d-e452-456e-bf03-1593e6fab397,ad705c59-6893-4980-bdbf-0837f1823cc4
2073,jest-environment-jsdom,29.5.0,Direct Dependency,MIT License,PERMISSIVE,NOT_REVIEWED,7ff387c1-4383-4adc-8440-ce908e94cfd0,97133993-56fd-489e-a547-7bf0bc03822c,ad705c59-6893-4980-bdbf-0837f1823cc4
2074,jest-location-mock,1.0.9,Direct Dependency,MIT License,PERMISSIVE,NOT_REVIEWED,dd9259ab-5eed-4db7-9e35-99980f523c87,aff1abe1-ee7b-48be-beb3-8b55102b1070,ad705c59-6893-4980-bdbf-0837f1823cc4
2075,jest-webpack-resolver,0.3.0,Direct Dependency,MIT License,PERMISSIVE,NOT_REVIEWED,6bfc4506-adbd-4b6c-a92e-ab0cfd93ae9e,8544140c-d250-4767-9d62-e13d637ce446,ad705c59-6893-4980-bdbf-0837f1823cc4
2076,jiti,1.21.7,Transitive Dependency,MIT License,PERMISSIVE,NOT_REVIEWED,4fdec11f-ff04-4a62-a1a4-61985fbb44b9,fac5b84d-57a5-429a-be4f-21e701888607,ad705c59-6893-4980-bdbf-0837f1823cc4
2077,jiti,2.6.1,Transitive Dependency,MIT License,PERMISSIVE,NOT_REVIEWED,4fdec11f-ff04-4a62-a1a4-61985fbb44b9,920d0cce-19f5-495c-b5f4-f43a5f64edfd,ad705c59-6893-4980-bdbf-0837f1823cc4
2078,jiti,2.7.0,Transitive Dependency,MIT License,PERMISSIVE,NOT_REVIEWED,4fdec11f-ff04-4a62-a1a4-61985fbb44b9,c03a77db-2489-48c9-8586-51d6cc9bf1e4,ad705c59-6893-4980-bdbf-0837f1823cc4
2079,jmespath-go-jmespath,internal/testify/v1.5.1,Transitive Dependency,Apache License 2.0,PERMISSIVE,NOT_REVIEWED,2497aa3b-ab1b-44b1-a6d1-438a7a8159c5,611a6b15-c358-42c5-be98-3d16fb7b1fb8,7cae335f-1193-421e-92f1-8802b4243e93
2080,jmespath-go-jmespath,v0.4.0,Transitive Dependency,Apache License 2.0,PERMISSIVE,NOT_REVIEWED,2497aa3b-ab1b-44b1-a6d1-438a7a8159c5,dcb38bf6-a47c-48e9-8126-61db0b2fa31b,7cae335f-1193-421e-92f1-8802b4243e93
2081,jotai,2.18.1,Transitive Dependency,MIT License,PERMISSIVE,NOT_REVIEWED,e49681dd-4997-4f34-bb55-468b3e533d7f,4b791d92-f131-463f-83c8-ef67cc428838,ad705c59-6893-4980-bdbf-0837f1823cc4
2082,jpillora-backoff,1.0.0,Transitive Dependency,MIT License,PERMISSIVE,NOT_REVIEWED,178f810d-2a71-4c81-b663-39ee1ad12f75,4397de98-68ce-4311-87df-7754c69df382,ad705c59-6893-4980-bdbf-0837f1823cc4
2083,js-tokens,4.0.0,Transitive Dependency,MIT License,PERMISSIVE,NOT_REVIEWED,31020f5f-3a29-41fc-94dc-cf401ac34d39,64276130-2408-40e8-85d3-515dc1003dca,ad705c59-6893-4980-bdbf-0837f1823cc4
2084,jsdiff,4.0.4,Transitive Dependency,"BSD 3-clause ""New"" or ""Revised"" License",PERMISSIVE,NOT_REVIEWED,e30b50ee-5677-469c-a3ac-f825c25360e7,326be8a9-c469-424e-ba88-3549ecb3c902,3d238144-44e6-450e-b523-3defbdaed9dc
2085,jsdiff,5.2.2,Transitive Dependency,"BSD 3-clause ""New"" or ""Revised"" License",PERMISSIVE,NOT_REVIEWED,e30b50ee-5677-469c-a3ac-f825c25360e7,07bc0de7-39c9-4e40-955a-6b97eae7e0ea,3d238144-44e6-450e-b523-3defbdaed9dc
2086,jsdiff,7.0.0,Transitive Dependency,"BSD 3-clause ""New"" or ""Revised"" License",PERMISSIVE,NOT_REVIEWED,e30b50ee-5677-469c-a3ac-f825c25360e7,8b95a547-886e-4e3e-b789-256e3dc86116,3d238144-44e6-450e-b523-3defbdaed9dc
2087,jsdiff,8.0.4,Transitive Dependency,"BSD 3-clause ""New"" or ""Revised"" License",PERMISSIVE,NOT_REVIEWED,e30b50ee-5677-469c-a3ac-f825c25360e7,89e57c2a-5342-48ce-bac6-98225612b03d,3d238144-44e6-450e-b523-3defbdaed9dc
2088,jsesc,3.1.0,Transitive Dependency,MIT License,PERMISSIVE,NOT_REVIEWED,6d686390-ef7b-4aad-b3d9-fe390486e97b,b6237792-2b25-42a7-ab83-9ec5086709d6,ad705c59-6893-4980-bdbf-0837f1823cc4
2089,jshttp/content-type,1.0.5,Transitive Dependency,MIT License,PERMISSIVE,NOT_REVIEWED,c0a9413d-880a-40e3-b13c-da9916762199,b75917e1-2967-46cd-9f74-38761bfc7dc6,ad705c59-6893-4980-bdbf-0837f1823cc4
2090,json-2-csv,5.6.0,Direct Dependency,MIT License,PERMISSIVE,NOT_REVIEWED,40c5c3d5-3867-4b7a-ba9b-72264eb648b5,f8378c84-18af-4cdd-8ff9-ea637f90da53,ad705c59-6893-4980-bdbf-0837f1823cc4
2091,json-schema,0.4.0,Transitive Dependency,"(BSD 3-clause ""New"" or ""Revised"" License OR Academic Free License v2.1)",PERMISSIVE,NOT_REVIEWED,c3292983-260d-4990-916e-848eb665bc13,b12e107a-21a9-466e-a11f-a71caad05c67,"3d238144-44e6-450e-b523-3defbdaed9dc,89270f73-0920-4660-bf98-da4de1c75495"
2092,json-schema-to-ts,3.1.1,Transitive Dependency,MIT License,PERMISSIVE,NOT_REVIEWED,6c97740d-da99-4f46-a41c-a8a018344a26,7fe7d309-5724-4403-abbd-0e8000aedc61,ad705c59-6893-4980-bdbf-0837f1823cc4
2093,json-schema-traverse,0.4.1,Transitive Dependency,MIT License,PERMISSIVE,NOT_REVIEWED,e74ac44e-e13d-4ddb-a929-cdc8f5ced82f,f231b5e1-0b2a-4f49-bd9c-b45bc9fa68c0,ad705c59-6893-4980-bdbf-0837f1823cc4
2094,json-schema-traverse,1.0.0,Transitive Dependency,MIT License,PERMISSIVE,NOT_REVIEWED,e74ac44e-e13d-4ddb-a929-cdc8f5ced82f,924e2e02-8175-46f2-b236-2f0e0bfcba7a,ad705c59-6893-4980-bdbf-0837f1823cc4
2095,json-schema-typed,8.0.2,Transitive Dependency,"BSD 2-clause ""Simplified"" License",PERMISSIVE,NOT_REVIEWED,3354e930-0b1c-4ec4-b0ef-d918b8b14f1d,23170460-14b5-48b8-9986-f7c383b9c9c9,cc875133-df38-4806-9921-473e0ef01a87
2096,json-stringify-safe,5.0.1,Transitive Dependency,ISC License,PERMISSIVE,NOT_REVIEWED,ee56d97a-15a1-42df-952e-2fa23e339e41,d75266c1-5e08-4d0e-bfba-d6f5b168bf47,14b0b50b-acd2-4fc8-ac65-3b15f9e58260
2097,jsonexport,3.2.0,Direct Dependency,Apache License 2.0,PERMISSIVE,NOT_REVIEWED,ec429e0a-fbd6-49d6-a6b0-aa7fa2b3da17,4e7e542f-7103-4719-8edd-04dabe64c1fa,7cae335f-1193-421e-92f1-8802b4243e93
2098,julienschmidt/httprouter,v1.3.0,Transitive Dependency,"BSD 3-clause ""New"" or ""Revised"" License",PERMISSIVE,NOT_REVIEWED,b9fd59e4-d4e0-4bd1-b225-6425055abb7e,40050ddc-d2ae-4804-b5ec-18cb3d269aec,3d238144-44e6-450e-b523-3defbdaed9dc
2099,junit-report-merger,9.0.4,Direct Dependency,MIT License,PERMISSIVE,NOT_REVIEWED,b9528ae6-f7e2-40ab-b52d-0ed59271155f,b3afbf3a-c299-4e7b-a4cf-7acd6eaea6f9,ad705c59-6893-4980-bdbf-0837f1823cc4
2100,k8s.io/component-helpers,v0.36.4,Transitive Dependency,Apache License 2.0,PERMISSIVE,NOT_REVIEWED,467ef303-7ee4-4a9a-afc3-893e1ac50d22,c3fa598b-b1fb-47fa-a8db-02338ddbb64f,7cae335f-1193-421e-92f1-8802b4243e93
2101,k8s.io/kube-openapi,20260706-snapshot-cdb1db55,Transitive Dependency,Apache License 2.0,PERMISSIVE,NOT_REVIEWED,8fa77e97-34b2-443c-9972-31369353e8d9,fefd80c8-1a29-489c-a8de-36b40ba5f177,7cae335f-1193-421e-92f1-8802b4243e93
2102,k8s.io/utils,20260707-snapshot-cf1189d6,Transitive Dependency,Apache License 2.0,PERMISSIVE,NOT_REVIEWED,7dacc721-b6f6-4691-9b29-d558a9c5172a,2176bf5a-bf8e-4663-b02c-6a2e7f4ff50e,7cae335f-1193-421e-92f1-8802b4243e93
2103,kataras/blocks,v0.0.8,Transitive Dependency,MIT License,PERMISSIVE,NOT_REVIEWED,59c9a025-62ae-4a17-af50-7946a182057b,284ab052-6fa5-4ccc-a22c-6d5768aedc88,ad705c59-6893-4980-bdbf-0837f1823cc4
2104,kataras/golog,v0.1.11,Transitive Dependency,"BSD 3-clause ""New"" or ""Revised"" License",PERMISSIVE,NOT_REVIEWED,87cbf157-445f-4c17-8baa-f5535bfbebdb,255ddf20-ec60-49ad-b410-0c90ae3725f3,3d238144-44e6-450e-b523-3defbdaed9dc
2105,kataras/tunnel,v0.0.4,Transitive Dependency,MIT License,PERMISSIVE,NOT_REVIEWED,fd7fce57-5853-4808-ae07-86587507ff93,e8980940-e991-4040-9b35-b77c5b205a75,ad705c59-6893-4980-bdbf-0837f1823cc4
2106,keybase/go-keychain,v0.0.1,Transitive Dependency,MIT License,PERMISSIVE,NOT_REVIEWED,959f6048-b06b-43ff-b042-13d35c102cbf,5c4d5d5c-a637-48fe-8905-eaa3378e31a6,ad705c59-6893-4980-bdbf-0837f1823cc4
2107,knadh/koanf,maps/v0.1.2,Transitive Dependency,MIT License,PERMISSIVE,NOT_REVIEWED,2eb6588f-1135-404f-883e-8811ec374ae1,889c3402-3e9d-4c14-aec9-b23360eb52d7,ad705c59-6893-4980-bdbf-0837f1823cc4
2108,knadh/koanf,providers/confmap/v1.0.0,Transitive Dependency,MIT License,PERMISSIVE,NOT_REVIEWED,2eb6588f-1135-404f-883e-8811ec374ae1,2a967b6a-f8a3-43f1-ab3e-bdddab2eaf79,ad705c59-6893-4980-bdbf-0837f1823cc4
2109,knadh/koanf,v2.3.5,Transitive Dependency,MIT License,PERMISSIVE,NOT_REVIEWED,2eb6588f-1135-404f-883e-8811ec374ae1,10ee78cb-4a16-4152-8178-51d8a361204c,ad705c59-6893-4980-bdbf-0837f1823cc4
2110,knuth-shuffle-seeded,1.0.6,Transitive Dependency,Apache License 2.0,PERMISSIVE,NOT_REVIEWED,5786a45c-80b1-4c8c-868a-a877d80a7dc0,5d3ce42c-93f6-4856-88a6-a865babe6170,7cae335f-1193-421e-92f1-8802b4243e93
2111,kolo/xmlrpc,20220921-snapshot-a4b6fa1d,Transitive Dependency,MIT License,PERMISSIVE,NOT_REVIEWED,b137068d-0eaf-48ee-8b03-81b4f6776d03,fa7c2cd2-0620-4801-9609-11e54ba77db5,ad705c59-6893-4980-bdbf-0837f1823cc4
2112,kr/pretty,v0.3.1,Transitive Dependency,MIT License,PERMISSIVE,NOT_REVIEWED,9745a8b0-0057-4765-879b-95a1406b28c0,24c4176b-52b7-43b6-8f5f-5990bc868b5c,ad705c59-6893-4980-bdbf-0837f1823cc4
2113,kubernetes-sigs/apiserver-network-proxy,konnectivity-client/v0.34.0,Transitive Dependency,Apache License 2.0,PERMISSIVE,NOT_REVIEWED,0e480e49-3ec7-4702-ae0a-42bc7adc3971,dc5f7172-4a92-4e02-8936-f201f344355f,7cae335f-1193-421e-92f1-8802b4243e93
2114,kubernetes/apiextensions-apiserver,v0.36.0,Transitive Dependency,Apache License 2.0,PERMISSIVE,NOT_REVIEWED,941abdfc-47e0-4350-acb7-eda1ea53d565,eaf81b92-18e3-4dfe-b721-55898dcfe860,7cae335f-1193-421e-92f1-8802b4243e93
2115,kubernetes/apimachinery,v0.36.4,Direct Dependency,Apache License 2.0,PERMISSIVE,NOT_REVIEWED,e89b7fcb-cfa4-481a-b7aa-1303db2e65d0,66d154d6-858c-4667-9568-ace26cf9b7bf,7cae335f-1193-421e-92f1-8802b4243e93
2116,kubernetes/apiserver,v0.36.0,Transitive Dependency,Apache License 2.0,PERMISSIVE,NOT_REVIEWED,0dea2f39-8117-4330-b107-a79bb1f753c9,073c431f-1010-4f64-af90-f0c4b497af36,7cae335f-1193-421e-92f1-8802b4243e93
2117,labstack-gommon,v0.5.0,Direct Dependency,MIT License,PERMISSIVE,NOT_REVIEWED,6c1ae1fc-03b3-4a62-9975-d65f7f5020d3,c5f52110-2661-4d9f-9efa-ddc89e10f7d6,ad705c59-6893-4980-bdbf-0837f1823cc4
2118,langchain,1.1.0,Direct Dependency,MIT License,PERMISSIVE,NOT_REVIEWED,b779d3be-aa22-43ac-a6a5-685c2a4c651a,63a9e9b7-5603-4195-8321-9cbe4c6d4588,ad705c59-6893-4980-bdbf-0837f1823cc4
2119,langchain-openai,1.1.0,Direct Dependency,MIT License,PERMISSIVE,NOT_REVIEWED,c17f0990-beb1-49af-ab61-23467c6a5bd1,c6cb3ab3-694d-4138-8878-bc40ecc2a940,ad705c59-6893-4980-bdbf-0837f1823cc4
2120,lazy-ass,2.0.3,Transitive Dependency,MIT License,PERMISSIVE,NOT_REVIEWED,47462ba9-6db0-4bc9-97bf-c4d628dc73f3,28f376d6-091f-4991-b041-84aea505a34b,ad705c59-6893-4980-bdbf-0837f1823cc4
2121,lestrrat-go/blackmagic,v1.0.4,Transitive Dependency,MIT License,PERMISSIVE,NOT_REVIEWED,908333aa-388f-487a-86dd-33e39ff666fc,3f3c6601-29d7-4cfb-9481-333e7802f178,ad705c59-6893-4980-bdbf-0837f1823cc4
2122,lestrrat-go/httprc,v1.0.6,Transitive Dependency,MIT License,PERMISSIVE,NOT_REVIEWED,b990b9f3-f9d3-4ec3-803e-c04db2a26a94,8668e457-cee3-4c85-8a0e-0dec4811100a,ad705c59-6893-4980-bdbf-0837f1823cc4
2123,levn,0.4.1,Transitive Dependency,MIT License,PERMISSIVE,NOT_REVIEWED,15e06d30-55ae-461a-adaa-a1bfb6c7c02d,66a91287-3069-4b7c-af2f-304e01f25c81,ad705c59-6893-4980-bdbf-0837f1823cc4
2124,libopenapi,v0.38.7,Transitive Dependency,MIT License,PERMISSIVE,NOT_REVIEWED,9b9cd880-67f8-45e5-bedb-17f504545461,71bd1d09-5398-430f-8c1b-5acf68886bac,ad705c59-6893-4980-bdbf-0837f1823cc4
2125,libphonenumber-js,1.13.14,Transitive Dependency,MIT License,PERMISSIVE,NOT_REVIEWED,d7a93a7a-4f82-4c5a-91d1-3b5e0c310e5b,2f44f09b-74ae-49db-b3ad-1520c5e2ae16,ad705c59-6893-4980-bdbf-0837f1823cc4
2126,lighthouse,13.3.0,Direct Dependency,Apache License 2.0,PERMISSIVE,NOT_REVIEWED,4533265b-fc9f-459f-8c90-35b5ec4c8e57,7074086d-9014-4f75-9465-b3432c29ecb7,7cae335f-1193-421e-92f1-8802b4243e93
2127,lightningcss-android-arm64,1.32.0,Transitive Dependency,Mozilla Public License 2.0,WEAK_RECIPROCAL,NOT_REVIEWED,9067f2cb-b48f-42d1-8e70-495d1471f5f0,86cc55c6-970d-4ef7-9121-12422ff7c78f,ce3dd63e-c569-4cea-986a-46bc5efe9896
2128,lightningcss-android-arm64,1.33.0,Transitive Dependency,Mozilla Public License 2.0,WEAK_RECIPROCAL,NOT_REVIEWED,9067f2cb-b48f-42d1-8e70-495d1471f5f0,e780a8c9-04fe-4f51-b638-14c4c15797c4,ce3dd63e-c569-4cea-986a-46bc5efe9896
2129,lightningcss-darwin-arm64,1.32.0,Transitive Dependency,Mozilla Public License 2.0,WEAK_RECIPROCAL,NOT_REVIEWED,30d80d3f-4af3-4deb-ae90-9dd700350718,e411b1e0-3319-4959-8a27-fb1e3ecfd70a,ce3dd63e-c569-4cea-986a-46bc5efe9896
2130,lightningcss-darwin-arm64,1.33.0,Transitive Dependency,Mozilla Public License 2.0,WEAK_RECIPROCAL,NOT_REVIEWED,30d80d3f-4af3-4deb-ae90-9dd700350718,980d8e9d-469d-45dd-8371-45ac06b9c181,ce3dd63e-c569-4cea-986a-46bc5efe9896
2131,lightningcss-linux-arm64-musl,1.32.0,Transitive Dependency,Mozilla Public License 2.0,WEAK_RECIPROCAL,NOT_REVIEWED,8bfff39a-252a-4fe2-a6f9-26512776ee4b,289559e8-bc75-4eb2-814a-87c9c1dbb831,ce3dd63e-c569-4cea-986a-46bc5efe9896
2132,lightningcss-linux-arm64-musl,1.33.0,Transitive Dependency,Mozilla Public License 2.0,WEAK_RECIPROCAL,NOT_REVIEWED,8bfff39a-252a-4fe2-a6f9-26512776ee4b,450c31bb-4a0b-4d3b-9d47-2e879d18e1a1,ce3dd63e-c569-4cea-986a-46bc5efe9896
2133,lightningcss-linux-x64-gnu,1.32.0,Transitive Dependency,Mozilla Public License 2.0,WEAK_RECIPROCAL,NOT_REVIEWED,d8356f57-baa7-45a4-b2bf-65c8d5bb6257,c481ed0c-cc40-48fa-a581-bf7ce8e1827b,ce3dd63e-c569-4cea-986a-46bc5efe9896
2134,lightningcss-linux-x64-gnu,1.33.0,Transitive Dependency,Mozilla Public License 2.0,WEAK_RECIPROCAL,NOT_REVIEWED,d8356f57-baa7-45a4-b2bf-65c8d5bb6257,d04e4336-3e8f-44b8-a0f0-3fbb2120734b,ce3dd63e-c569-4cea-986a-46bc5efe9896
2135,lightningcss-linux-x64-musl,1.32.0,Transitive Dependency,Mozilla Public License 2.0,WEAK_RECIPROCAL,NOT_REVIEWED,d648079a-8c14-4557-b54e-b075d80b5ca8,70ece363-574d-4860-9dce-2793d47063e9,ce3dd63e-c569-4cea-986a-46bc5efe9896
2136,lightningcss-linux-x64-musl,1.33.0,Transitive Dependency,Mozilla Public License 2.0,WEAK_RECIPROCAL,NOT_REVIEWED,d648079a-8c14-4557-b54e-b075d80b5ca8,001c16dc-28e2-494f-9d4b-eb06c3a9ace3,ce3dd63e-c569-4cea-986a-46bc5efe9896
2137,lilconfig,2.1.0,Transitive Dependency,MIT License,PERMISSIVE,NOT_REVIEWED,9b3dc627-6cdb-4c0e-8ba6-85aba256d95d,60bbc899-1f3c-40bb-aed2-7c1a26852be2,ad705c59-6893-4980-bdbf-0837f1823cc4
2138,lilconfig,3.1.3,Transitive Dependency,MIT License,PERMISSIVE,NOT_REVIEWED,9b3dc627-6cdb-4c0e-8ba6-85aba256d95d,8f59c0aa-219b-41c8-80f7-cc1975d5939d,ad705c59-6893-4980-bdbf-0837f1823cc4
2139,lines-and-columns,1.2.4,Transitive Dependency,MIT License,PERMISSIVE,NOT_REVIEWED,ee3df0a8-db95-4ba5-8520-4553bf923ac0,2af62e41-e34e-4839-9080-50a04866041b,ad705c59-6893-4980-bdbf-0837f1823cc4
2140,lint-staged,13.2.2,Direct Dependency,MIT License,PERMISSIVE,NOT_REVIEWED,7b0aabec-4dca-4a14-8af7-802609607bdd,6a5bab88-abab-4562-a51f-752d290bb3bd,ad705c59-6893-4980-bdbf-0837f1823cc4
2141,lnquy/cron,v1.1.1,Direct Dependency,MIT License,PERMISSIVE,NOT_REVIEWED,d9d6477b-278a-421e-8358-73a9534046f4,8bd269dc-25bd-40c8-9e6a-084a390d750a,ad705c59-6893-4980-bdbf-0837f1823cc4
2142,lodash-es,4.17.23,Transitive Dependency,MIT License,PERMISSIVE,NOT_REVIEWED,75bf4cd7-2fa5-4271-898d-1e4de58077c6,ca8347fb-4658-4e12-ba53-d6a7b5b63026,ad705c59-6893-4980-bdbf-0837f1823cc4
2143,lodash.camelcase,4.3.0,Transitive Dependency,MIT License,PERMISSIVE,NOT_REVIEWED,004f094a-ca9b-4795-ac54-a8ccac58b5c8,57289d59-73fb-4302-95c9-471c83894cc6,ad705c59-6893-4980-bdbf-0837f1823cc4
2144,lodash.isempty,4.4.0,Transitive Dependency,MIT License,PERMISSIVE,NOT_REVIEWED,b2a1db03-4eeb-4301-b051-8be3b8754e0e,dd058d05-2c46-4ce7-ae09-e152595ecaf8,ad705c59-6893-4980-bdbf-0837f1823cc4
2145,lodash.isfunction,3.0.9,Transitive Dependency,MIT License,PERMISSIVE,NOT_REVIEWED,86967dfe-4127-465d-8f07-434a1bf1d27f,fbf35c77-a0e6-426a-88d3-54ad7b6d50ac,ad705c59-6893-4980-bdbf-0837f1823cc4
2146,lodash.merge,4.6.2,Transitive Dependency,MIT License,PERMISSIVE,NOT_REVIEWED,96fad490-a95e-4239-8138-211e37669122,90998f71-5c8e-4ed8-b8be-ba8fa844190e,ad705c59-6893-4980-bdbf-0837f1823cc4
2147,lodash.once,4.1.1,Transitive Dependency,MIT License,PERMISSIVE,NOT_REVIEWED,2780581b-29f9-4251-bbf9-62a42d192bf1,bb9f3ed2-7d61-4061-ae9c-a0d123a50b5e,ad705c59-6893-4980-bdbf-0837f1823cc4
2148,lucide-react,1.8.0,Direct Dependency,ISC License,PERMISSIVE,NOT_REVIEWED,934d5ce7-088d-41ff-b465-a5b86f20d8ab,1c3043c1-ad12-4950-83c8-f5b500fd4570,14b0b50b-acd2-4fc8-ac65-3b15f9e58260
2149,lukechampine/uint128,v1.3.0,Transitive Dependency,MIT License,PERMISSIVE,NOT_REVIEWED,f33af561-d877-496e-b46d-b66cff732859,4c89879a-cda9-4fda-9a87-a4b36bc5c75e,ad705c59-6893-4980-bdbf-0837f1823cc4
2150,lyft/protoc-gen-star,v2.0.4,Transitive Dependency,Apache License 2.0,PERMISSIVE,NOT_REVIEWED,83452bdf-6fb0-4ac9-87a6-f39bf2950d8e,44bc9e4c-ac42-4315-9f85-c3b170b808e3,7cae335f-1193-421e-92f1-8802b4243e93
2151,lz-string,1.5.0,Transitive Dependency,MIT License,PERMISSIVE,NOT_REVIEWED,99a9d151-ce5b-4ee3-8d14-8ff330423a7e,f5fae8a1-7a88-472d-98a4-f10babba92ef,ad705c59-6893-4980-bdbf-0837f1823cc4
2152,mafintosh/why-is-node-running,2.3.0,Transitive Dependency,MIT License,PERMISSIVE,NOT_REVIEWED,0f560928-26ff-4029-82fc-ff33f62fb2d6,3f73f723-05c5-4f47-bb8f-a39a65545cec,ad705c59-6893-4980-bdbf-0837f1823cc4
2153,magefile/mage,1.15.0,Transitive Dependency,Apache License 2.0,PERMISSIVE,NOT_REVIEWED,fb50c110-030f-4807-bf10-cdf3ae1d7bbd,3b9689e8-184e-4f33-8b0d-1b27fa238b7e,7cae335f-1193-421e-92f1-8802b4243e93
2154,martian,v3.3.3,Transitive Dependency,Apache License 2.0,PERMISSIVE,NOT_REVIEWED,75b49a4f-4d12-43f6-bc47-f1a034fada83,49871f05-ab90-44fe-b281-9db79641dbc4,7cae335f-1193-421e-92f1-8802b4243e93
2155,math-intrinsics,1.1.0,Transitive Dependency,MIT License,PERMISSIVE,NOT_REVIEWED,29d092e3-f06e-4173-95e2-8fe3d2e607f4,1431e608-a0a7-4144-af6c-e0cf7b793d6b,ad705c59-6893-4980-bdbf-0837f1823cc4
2156,mathiasbynens/he,1.2.0,Transitive Dependency,MIT License,PERMISSIVE,NOT_REVIEWED,ed577598-7ce6-4576-b468-e6d97125e951,7037deda-3b6e-4f99-aca9-9e16dc6f3db6,ad705c59-6893-4980-bdbf-0837f1823cc4
2157,mattn-go-isatty,v0.0.23,Transitive Dependency,MIT License,PERMISSIVE,NOT_REVIEWED,c53535a5-8ae4-41fa-bc0f-bfe6f831e3b1,f97ebf08-0e67-4ed7-b1f7-957acbb68eaa,ad705c59-6893-4980-bdbf-0837f1823cc4
2158,media-typer,1.1.0,Transitive Dependency,MIT License,PERMISSIVE,NOT_REVIEWED,50697c0b-8b57-4724-886b-f2e9207c8f30,fc515758-e28d-4dfa-8f57-4a345a60b346,ad705c59-6893-4980-bdbf-0837f1823cc4
2159,mellium.im/sasl,v0.3.1,Transitive Dependency,"BSD 2-clause ""Simplified"" License",PERMISSIVE,NOT_REVIEWED,b180ff7f-58ba-4c6f-897a-9fd004f40a06,7633b8a4-17f5-4860-b399-73fa6e07edd4,cc875133-df38-4806-9921-473e0ef01a87
2160,merge2,1.4.1,Transitive Dependency,MIT License,PERMISSIVE,NOT_REVIEWED,f680dd2b-dccc-4bed-99b7-7eeaaa0930cf,2d970607-f47b-4579-95b5-2986012c1ffa,ad705c59-6893-4980-bdbf-0837f1823cc4
2161,mergo,v0.3.16,Transitive Dependency,"BSD 3-clause ""New"" or ""Revised"" License",PERMISSIVE,NOT_REVIEWED,9224887c-aa28-4b52-92df-d7f1d873a26e,ef49db62-18e2-4d5e-9044-792609141fd0,3d238144-44e6-450e-b523-3defbdaed9dc
2162,mergo,v1.0.2,Direct Dependency,"BSD 3-clause ""New"" or ""Revised"" License",PERMISSIVE,NOT_REVIEWED,9224887c-aa28-4b52-92df-d7f1d873a26e,7510ea2b-feca-4d49-bf14-f83c11c568c6,3d238144-44e6-450e-b523-3defbdaed9dc
2163,micromatch,4.0.8,Transitive Dependency,MIT License,PERMISSIVE,NOT_REVIEWED,fc0a76fe-70a4-4afa-9a94-c3c22d63454f,c81112e7-31cc-4704-81c2-96a788572a4e,ad705c59-6893-4980-bdbf-0837f1823cc4
2164,micromatch/braces,3.0.3,Transitive Dependency,MIT License,PERMISSIVE,NOT_REVIEWED,34b0d62d-0d29-4007-8673-b94e1d8ee5d9,c6d3c5b5-8b0d-4b6f-88b0-36c48711576d,ad705c59-6893-4980-bdbf-0837f1823cc4
2165,mime-db,1.52.0,Transitive Dependency,MIT License,PERMISSIVE,NOT_REVIEWED,8af04f95-a0fc-4e8d-927a-0778def3fc8a,f06813fb-4245-49c8-914e-61b416a5da78,ad705c59-6893-4980-bdbf-0837f1823cc4
2166,mime-db,1.54.0,Transitive Dependency,MIT License,PERMISSIVE,NOT_REVIEWED,8af04f95-a0fc-4e8d-927a-0778def3fc8a,1ba16101-28e3-47c2-9288-e3a2e7a0630a,ad705c59-6893-4980-bdbf-0837f1823cc4
2167,mimic-fn,2.1.0,Transitive Dependency,MIT License,PERMISSIVE,NOT_REVIEWED,db261876-5219-4766-923c-0da5956c8428,6cf489b2-4e29-46d3-b265-0270b87c35f5,ad705c59-6893-4980-bdbf-0837f1823cc4
2168,mimic-function,5.0.1,Transitive Dependency,MIT License,PERMISSIVE,NOT_REVIEWED,ffb54b7a-48b7-40e3-a9ea-2875865a6b7e,a731c560-d0b1-473d-a0d9-70a5678f3bc2,ad705c59-6893-4980-bdbf-0837f1823cc4
2169,min-indent,1.0.1,Transitive Dependency,MIT License,PERMISSIVE,NOT_REVIEWED,9c5c77f1-5179-4c7b-8595-b9fa41db930a,575e03c5-d48c-40c8-8d5e-14f835426099,ad705c59-6893-4980-bdbf-0837f1823cc4
2170,minio/c2goasm,20190812-snapshot-36a3d3bb,Transitive Dependency,Apache License 2.0,PERMISSIVE,NOT_REVIEWED,ebab97de-7892-4b36-9d44-393bf77baae7,7d44b1f7-9cea-42d0-bd12-ff1466867940,7cae335f-1193-421e-92f1-8802b4243e93
2171,minio/simdjson-go,v0.4.5,Transitive Dependency,Apache License 2.0,PERMISSIVE,NOT_REVIEWED,371dfb17-2348-41fa-8f9c-7ae1eeccade7,61a4cbee-765a-4263-8567-bf33575899fc,7cae335f-1193-421e-92f1-8802b4243e93
2172,mitchellh-copystructure,v1.2.0,Transitive Dependency,MIT License,PERMISSIVE,NOT_REVIEWED,b920e293-046d-45b7-8fef-c832ee425c50,509b6975-325d-4222-9fd2-729fb7f92d0e,ad705c59-6893-4980-bdbf-0837f1823cc4
2173,mitchellh-go-wordwrap,v1.0.1,Transitive Dependency,MIT License,PERMISSIVE,NOT_REVIEWED,c3e9418b-e61b-4dc1-bd85-b6472f859773,ba8538e7-c5c2-42ed-b174-6eac9c85947b,ad705c59-6893-4980-bdbf-0837f1823cc4
2174,mitchellh-reflectwalk,v1.0.2,Transitive Dependency,MIT License,PERMISSIVE,NOT_REVIEWED,cf246e30-6468-4dba-a99c-43d58bf76c9e,ed5950e7-b5ca-42c9-80f4-4ea5d054486e,ad705c59-6893-4980-bdbf-0837f1823cc4
2175,moby/term,v0.5.2,Transitive Dependency,Apache License 2.0,PERMISSIVE,NOT_REVIEWED,15faad12-5395-4937-91fc-92cc4e20b48a,82c477cd-f03e-4379-9072-8087837bc2bd,7cae335f-1193-421e-92f1-8802b4243e93
2176,mocha-junit-reporter,2.2.1,Direct Dependency,MIT License,PERMISSIVE,NOT_REVIEWED,b4f084e0-a85e-4820-b9d5-2dc28927cbce,3f4b5c6f-45b9-404b-82fa-dbb497dd560f,ad705c59-6893-4980-bdbf-0837f1823cc4
2177,mochawesome,7.1.4,Direct Dependency,MIT License,PERMISSIVE,NOT_REVIEWED,1aa5ba54-9254-479c-8ffe-1af346aeefc3,8659ff59-081f-4d75-95f3-e62c50a56e5f,ad705c59-6893-4980-bdbf-0837f1823cc4
2178,mochawesome-merge,5.1.1,Direct Dependency,MIT License,PERMISSIVE,NOT_REVIEWED,e794ab84-d214-438f-82fc-6aa897c738ee,e9e326ab-555f-4ac2-a145-0764f830a955,ad705c59-6893-4980-bdbf-0837f1823cc4
2179,modern-go/concurrent,20180305-snapshot-bacd9c7e,Transitive Dependency,Apache License 2.0,PERMISSIVE,NOT_REVIEWED,1cbdd692-7a70-40b6-b291-bf181039f387,7b5f6066-9cec-4618-9ca3-4ce3a3d4fa49,7cae335f-1193-421e-92f1-8802b4243e93
2180,module-definition,6.0.2,Transitive Dependency,MIT License,PERMISSIVE,NOT_REVIEWED,6d349b3e-df9a-4304-b53e-d5101dafc6a0,51f5370f-48f3-4234-8903-bd09e5e857c5,ad705c59-6893-4980-bdbf-0837f1823cc4
2181,monaco-editor,0.43.0,Direct Dependency,MIT License,PERMISSIVE,NOT_REVIEWED,6ca8afc6-efb8-439e-a971-72503789c380,cb928224-3c54-4770-a63b-37c911c0a1bf,ad705c59-6893-4980-bdbf-0837f1823cc4
2182,monaco-editor,0.57.0,Direct Dependency,MIT License,PERMISSIVE,NOT_REVIEWED,6ca8afc6-efb8-439e-a971-72503789c380,90bc2340-a60c-4a58-92ed-e8ed25860f14,ad705c59-6893-4980-bdbf-0837f1823cc4
2183,monaco-editor-webpack-plugin,7.1.0,Direct Dependency,MIT License,PERMISSIVE,NOT_REVIEWED,c3f85b3a-11d5-4323-b446-acee320df6de,9a765e35-eb7d-4884-a95b-cfeca45c396d,ad705c59-6893-4980-bdbf-0837f1823cc4
2184,moxystudio/node-cross-spawn,7.0.6,Transitive Dependency,MIT License,PERMISSIVE,NOT_REVIEWED,6b0542e2-2b8b-4de5-8e68-a7d3345acc3c,170bb460-2d09-47f6-9671-27a2e0633b3c,ad705c59-6893-4980-bdbf-0837f1823cc4
2185,mri,1.2.0,Transitive Dependency,MIT License,PERMISSIVE,NOT_REVIEWED,b3cb3921-b544-4b58-bf1d-eab2021eedc1,b5b3a4b3-a955-432d-9550-88621a301444,ad705c59-6893-4980-bdbf-0837f1823cc4
2186,mrmime,2.0.1,Transitive Dependency,MIT License,PERMISSIVE,NOT_REVIEWED,dd7d6bdd-185f-47bd-b9af-997ab56f69f6,d4257d59-f27b-4138-b9b1-3be109dafa34,ad705c59-6893-4980-bdbf-0837f1823cc4
2187,ms.js,2.1.2,Transitive Dependency,MIT License,PERMISSIVE,NOT_REVIEWED,36cb81b8-10ef-4223-ac3e-1ad33244d3fa,919ff8d8-c4b0-4c45-b134-8b2f7fa18865,ad705c59-6893-4980-bdbf-0837f1823cc4
2188,ms.js,2.1.3,Transitive Dependency,MIT License,PERMISSIVE,NOT_REVIEWED,36cb81b8-10ef-4223-ac3e-1ad33244d3fa,4dfff015-8550-4612-a6f0-bbcae347e7f2,ad705c59-6893-4980-bdbf-0837f1823cc4
2189,mssola/user_agent,v0.6.0,Direct Dependency,MIT License,PERMISSIVE,NOT_REVIEWED,9e3110e4-834a-4189-8923-bfd3e24d7c0d,0ced7958-8b41-4e5b-a4fd-1f761eb322fa,ad705c59-6893-4980-bdbf-0837f1823cc4
2190,murmur3,v1.1.0,Transitive Dependency,"BSD 3-clause ""New"" or ""Revised"" License",PERMISSIVE,NOT_REVIEWED,adb72186-2a66-4d51-928b-72c903d1c6ca,128563e3-f93e-4d95-8ba6-a95d605ece19,3d238144-44e6-450e-b523-3defbdaed9dc
2191,mz,2.7.0,Transitive Dependency,MIT License,PERMISSIVE,NOT_REVIEWED,e086160d-0564-4f0c-b7b6-6122ce8ecec9,2034e821-89b0-4794-accb-4d027a621bc2,ad705c59-6893-4980-bdbf-0837f1823cc4
2192,natural-compare,1.4.0,Transitive Dependency,MIT License,PERMISSIVE,NOT_REVIEWED,6724750e-4ff6-4a11-8fac-db072eeb62df,0200c923-001f-47e7-851d-0eae89ecd45d,ad705c59-6893-4980-bdbf-0837f1823cc4
2193,next-themes,0.4.6,Direct Dependency,MIT License,PERMISSIVE,NOT_REVIEWED,4bd6be5d-f578-443c-9487-e6f40db9aee1,59cc181b-6ed4-4a23-a273-2a60e17b5b0a,ad705c59-6893-4980-bdbf-0837f1823cc4
2194,nobody,2.2.1,Transitive Dependency,MIT License,PERMISSIVE,NOT_REVIEWED,27b282ad-61ff-4157-947a-239b50394593,18487b56-ae30-43e1-8e8f-8e6e389f5940,ad705c59-6893-4980-bdbf-0837f1823cc4
2195,node-cachedir,2.4.0,Transitive Dependency,MIT License,PERMISSIVE,NOT_REVIEWED,cc377925-fb64-48e6-be0b-ff4a4bce711f,eb1c2b09-0cad-417b-8112-0da2aef4bdf1,ad705c59-6893-4980-bdbf-0837f1823cc4
2196,node-entities,6.0.1,Transitive Dependency,"BSD 2-clause ""Simplified"" License",PERMISSIVE,NOT_REVIEWED,aac24f32-0d82-44ae-9ee6-7f68ff2527dd,ffcd3642-bce1-41c3-b8fd-2cb58827b62e,cc875133-df38-4806-9921-473e0ef01a87
2197,node-entities,7.0.1,Transitive Dependency,"BSD 2-clause ""Simplified"" License",PERMISSIVE,NOT_REVIEWED,aac24f32-0d82-44ae-9ee6-7f68ff2527dd,96420ebf-67df-45d7-8cd2-c32a74c74c53,cc875133-df38-4806-9921-473e0ef01a87
2198,node-fs-extra,10.1.0,Transitive Dependency,MIT License,PERMISSIVE,NOT_REVIEWED,c9b3664a-fbb7-427d-aa1c-a3f6fcea66e2,7df37501-483c-4c66-8b63-dd4edaf57ea4,ad705c59-6893-4980-bdbf-0837f1823cc4
2199,node-fs-extra,11.3.4,Transitive Dependency,MIT License,PERMISSIVE,NOT_REVIEWED,c9b3664a-fbb7-427d-aa1c-a3f6fcea66e2,7bebd542-7a00-4cd3-9b77-f429e8b4cbad,ad705c59-6893-4980-bdbf-0837f1823cc4
2200,node-fs-extra,11.3.5,Transitive Dependency,MIT License,PERMISSIVE,NOT_REVIEWED,c9b3664a-fbb7-427d-aa1c-a3f6fcea66e2,dec551a7-2908-4107-bd1e-bc16c32da4b2,ad705c59-6893-4980-bdbf-0837f1823cc4
2201,node-fs-extra,9.1.0,Transitive Dependency,MIT License,PERMISSIVE,NOT_REVIEWED,c9b3664a-fbb7-427d-aa1c-a3f6fcea66e2,55eff5d9-e969-4621-acaa-cf6c62dfe132,ad705c59-6893-4980-bdbf-0837f1823cc4
2202,node-glob,10.5.0,Transitive Dependency,ISC License,PERMISSIVE,NOT_REVIEWED,d32f8e55-72b1-4da8-b958-661c525366e6,ca08fd20-2b1b-4101-b951-b4d656f78b86,14b0b50b-acd2-4fc8-ac65-3b15f9e58260
2203,node-glob,11.1.0,Transitive Dependency,Blue Oak Model License 1.0.0,PERMISSIVE,NOT_REVIEWED,d32f8e55-72b1-4da8-b958-661c525366e6,0ec87efb-5a24-454a-a1c6-5c9f411e0010,9581ad88-048e-43d1-a7bc-f3675f8f3558
2204,node-glob,13.0.6,Transitive Dependency,Blue Oak Model License 1.0.0,PERMISSIVE,NOT_REVIEWED,d32f8e55-72b1-4da8-b958-661c525366e6,913d5c04-9e15-4539-89f4-e8b731ca087d,9581ad88-048e-43d1-a7bc-f3675f8f3558
2205,node-http-signature,1.4.0,Transitive Dependency,MIT License,PERMISSIVE,NOT_REVIEWED,11173b65-d043-40ca-9e4c-41974bdd2155,293cb518-1542-4d7b-9ae9-b77191fb410d,ad705c59-6893-4980-bdbf-0837f1823cc4
2206,node-jsonfile,6.2.0,Transitive Dependency,MIT License,PERMISSIVE,NOT_REVIEWED,6a3d6da9-6114-44b9-85fb-6572f84d7975,41dc146f-9e13-4c07-a962-6c230818efc9,ad705c59-6893-4980-bdbf-0837f1823cc4
2207,node-jsonfile,6.2.1,Transitive Dependency,MIT License,PERMISSIVE,NOT_REVIEWED,6a3d6da9-6114-44b9-85fb-6572f84d7975,b8eae094-7174-41f1-8b5c-3a74ec25cbad,ad705c59-6893-4980-bdbf-0837f1823cc4
2208,node-lru-cache,10.4.3,Transitive Dependency,ISC License,PERMISSIVE,NOT_REVIEWED,c18bb28a-cb6d-418a-98ee-af360456299f,ac2329aa-5d47-4075-9cac-0e6ca556e849,14b0b50b-acd2-4fc8-ac65-3b15f9e58260
2209,node-lru-cache,11.5.1,Transitive Dependency,Blue Oak Model License 1.0.0,PERMISSIVE,NOT_REVIEWED,c18bb28a-cb6d-418a-98ee-af360456299f,e0b2033c-4cf6-4244-a209-33115c9a3ab8,9581ad88-048e-43d1-a7bc-f3675f8f3558
2210,node-lru-cache,5.1.1,Transitive Dependency,ISC License,PERMISSIVE,NOT_REVIEWED,c18bb28a-cb6d-418a-98ee-af360456299f,a2a18be3-ba15-415d-8137-3958878e9af8,14b0b50b-acd2-4fc8-ac65-3b15f9e58260
2211,node-lru-cache,7.18.3,Transitive Dependency,ISC License,PERMISSIVE,NOT_REVIEWED,c18bb28a-cb6d-418a-98ee-af360456299f,df657bb1-2357-424d-83dc-aa40b6893492,14b0b50b-acd2-4fc8-ac65-3b15f9e58260
2212,node-releases,2.0.37,Transitive Dependency,MIT License,PERMISSIVE,NOT_REVIEWED,4a731167-a3f9-4f00-a29c-d30f2738f9b4,3a52e556-9fe9-441f-812f-8f14d02f9e39,ad705c59-6893-4980-bdbf-0837f1823cc4
2213,node-releases,2.0.48,Transitive Dependency,MIT License,PERMISSIVE,NOT_REVIEWED,4a731167-a3f9-4f00-a29c-d30f2738f9b4,37228451-e448-46cd-a19a-290c80a96945,ad705c59-6893-4980-bdbf-0837f1823cc4
2214,node-releases,2.0.57,Transitive Dependency,MIT License,PERMISSIVE,NOT_REVIEWED,4a731167-a3f9-4f00-a29c-d30f2738f9b4,3452c62e-c26e-4abe-9ada-59c75dfca0bc,ad705c59-6893-4980-bdbf-0837f1823cc4
2215,node-semver ,6.3.1,Transitive Dependency,ISC License,PERMISSIVE,NOT_REVIEWED,a40e1a18-88c2-41ff-bc9c-c323230d6840,82c2510d-2fff-47cc-ba9a-757477a0606f,14b0b50b-acd2-4fc8-ac65-3b15f9e58260
2216,node-semver ,7.7.4,Transitive Dependency,ISC License,PERMISSIVE,NOT_REVIEWED,a40e1a18-88c2-41ff-bc9c-c323230d6840,8faa9405-083b-44cc-8a2b-435e2b8fcb42,14b0b50b-acd2-4fc8-ac65-3b15f9e58260
2217,node-semver ,7.8.5,Direct Dependency,ISC License,PERMISSIVE,NOT_REVIEWED,a40e1a18-88c2-41ff-bc9c-c323230d6840,6f952604-3aed-4020-8c00-121f75a83c3b,14b0b50b-acd2-4fc8-ac65-3b15f9e58260
2218,node-source-map-support,0.5.21,Transitive Dependency,MIT License,PERMISSIVE,NOT_REVIEWED,bc1f1895-3772-473b-8dd8-1043c954af2b,ace67f3d-1ae3-435b-8cbc-9b0d2a965054,ad705c59-6893-4980-bdbf-0837f1823cc4
2219,nodeca-argparse,2.0.1,Transitive Dependency,Python Software Foundation License 2.0,PERMISSIVE,NOT_REVIEWED,b2cabbd4-1313-43c0-b67c-551932ed5199,adcc1278-65b2-4860-a9b8-a390d50f9eb9,ead40028-7962-4fc0-9be5-2b956cd4714a
2220,nodeca/pako,2.1.0,Transitive Dependency,MIT License,PERMISSIVE,NOT_REVIEWED,e2d218cb-cae2-42a4-98e9-eb2ee026bf10,2e4c5799-1507-45de-ba0d-846dc7984d36,ad705c59-6893-4980-bdbf-0837f1823cc4
2221,nodejs/string_decoder,1.3.0,Transitive Dependency,MIT License,PERMISSIVE,NOT_REVIEWED,71d21003-58de-4111-a799-c9f47160b7d7,3ddc2303-15d3-4653-83ce-cbd9e67dfac8,ad705c59-6893-4980-bdbf-0837f1823cc4
2222,normalize-package-data,8.0.0,Transitive Dependency,"BSD 2-clause ""Simplified"" License",PERMISSIVE,NOT_REVIEWED,5da5959b-edeb-49db-8b3b-40033c7310df,e6c5e930-3f6c-47a4-81aa-507e607920da,cc875133-df38-4806-9921-473e0ef01a87
2223,npm-run-path,4.0.1,Transitive Dependency,MIT License,PERMISSIVE,NOT_REVIEWED,9a06b545-37e4-48ab-8339-d95dfeb71d44,8c812cb3-242c-41fd-aa79-c334db2cc86d,ad705c59-6893-4980-bdbf-0837f1823cc4
2224,npm-run-path,6.0.0,Transitive Dependency,MIT License,PERMISSIVE,NOT_REVIEWED,9a06b545-37e4-48ab-8339-d95dfeb71d44,2f04f16c-c68f-42da-ab8e-85ac26b29c88,ad705c59-6893-4980-bdbf-0837f1823cc4
2225,nsf/jsondiff,20260207-snapshot-8e8d90c4,Transitive Dependency,MIT License,PERMISSIVE,NOT_REVIEWED,a3d95e63-0d9a-4b3c-9c48-f758fdfcac29,1508d83d-2a35-4caf-b1dd-fb28836ee4e9,ad705c59-6893-4980-bdbf-0837f1823cc4
2226,nukosuke/go-zendesk,v0.18.0,Direct Dependency,MIT License,PERMISSIVE,NOT_REVIEWED,41b77fc4-34cb-4403-92d9-3041bd73df88,42387a95-7211-4088-982b-4f757599da33,ad705c59-6893-4980-bdbf-0837f1823cc4
2227,nwsapi,2.2.23,Transitive Dependency,MIT License,PERMISSIVE,NOT_REVIEWED,6eb734c7-ec58-462f-a21b-006eb3201205,84c1a1c4-aaf1-4ac0-a30b-77d8d404bebb,ad705c59-6893-4980-bdbf-0837f1823cc4
2228,object-assign,4.1.1,Transitive Dependency,MIT License,PERMISSIVE,NOT_REVIEWED,858b749a-cf94-4a41-ac91-540fc6c6078d,ad49d52b-740c-487a-9a4b-21be7bddaf3a,ad705c59-6893-4980-bdbf-0837f1823cc4
2229,object-inspect,1.13.4,Transitive Dependency,MIT License,PERMISSIVE,NOT_REVIEWED,7f274ff1-6469-4ce2-9acb-51b146ef300d,da3f932c-0045-4b33-8e68-7854b3fb94d8,ad705c59-6893-4980-bdbf-0837f1823cc4
2230,object-is,1.1.6,Transitive Dependency,MIT License,PERMISSIVE,NOT_REVIEWED,365aa1e4-99e4-432c-adfe-90411f4d0b24,64eb11ea-4c31-4ecc-bf4a-f4e604810497,ad705c59-6893-4980-bdbf-0837f1823cc4
2231,object-keys,1.1.1,Transitive Dependency,MIT License,PERMISSIVE,NOT_REVIEWED,7ac9bd39-f9f2-4dab-bf7f-d54e3a0a0682,71824473-d1cd-4120-a296-afe003fc15a8,ad705c59-6893-4980-bdbf-0837f1823cc4
2232,on-finished,2.4.1,Transitive Dependency,MIT License,PERMISSIVE,NOT_REVIEWED,56d5984a-bb2d-47af-a9b3-d4e8848c2dac,482a811e-9626-48ae-aff4-512714f4a43a,ad705c59-6893-4980-bdbf-0837f1823cc4
2233,open-telemetry/opentelemetry-go,exporters/otlp/otlplog/otlploggrpc/v0.14.0,Transitive Dependency,Apache License 2.0,PERMISSIVE,NOT_REVIEWED,1953faed-d715-4142-887b-a8b77303b8e6,97486d07-557d-472f-923e-fd63e7f01299,7cae335f-1193-421e-92f1-8802b4243e93
2234,open-telemetry/opentelemetry-go,exporters/otlp/otlplog/otlploghttp/v0.14.0,Transitive Dependency,Apache License 2.0,PERMISSIVE,NOT_REVIEWED,1953faed-d715-4142-887b-a8b77303b8e6,dc3d728e-703d-48f9-a521-c71fd780e444,7cae335f-1193-421e-92f1-8802b4243e93
2235,open-telemetry/opentelemetry-go,exporters/otlp/otlpmetric/otlpmetricgrpc/v1.39.0,Transitive Dependency,Apache License 2.0,PERMISSIVE,NOT_REVIEWED,1953faed-d715-4142-887b-a8b77303b8e6,8eab45b5-ba67-4a76-88dd-8cf286e335fa,7cae335f-1193-421e-92f1-8802b4243e93
2236,open-telemetry/opentelemetry-go,exporters/otlp/otlpmetric/otlpmetrichttp/v1.39.0,Transitive Dependency,Apache License 2.0,PERMISSIVE,NOT_REVIEWED,1953faed-d715-4142-887b-a8b77303b8e6,d29b7984-a992-40e1-9042-9f8928c39d03,7cae335f-1193-421e-92f1-8802b4243e93
2237,open-telemetry/opentelemetry-go,exporters/otlp/otlptrace/otlptracegrpc/v1.44.0,Transitive Dependency,Apache License 2.0,PERMISSIVE,NOT_REVIEWED,1953faed-d715-4142-887b-a8b77303b8e6,8b77923c-3c95-4a55-8013-07787e814860,7cae335f-1193-421e-92f1-8802b4243e93
2238,open-telemetry/opentelemetry-go,exporters/otlp/otlptrace/otlptracehttp/v1.44.0,Transitive Dependency,Apache License 2.0,PERMISSIVE,NOT_REVIEWED,1953faed-d715-4142-887b-a8b77303b8e6,8a5627d2-13b2-4960-9557-e44eec0e62d5,7cae335f-1193-421e-92f1-8802b4243e93
2239,open-telemetry/opentelemetry-go,exporters/otlp/otlptrace/v1.44.0,Transitive Dependency,Apache License 2.0,PERMISSIVE,NOT_REVIEWED,1953faed-d715-4142-887b-a8b77303b8e6,35591730-8142-4e6d-b89b-57dce70d8530,7cae335f-1193-421e-92f1-8802b4243e93
2240,open-telemetry/opentelemetry-go,exporters/stdout/stdoutmetric/v1.44.0,Transitive Dependency,Apache License 2.0,PERMISSIVE,NOT_REVIEWED,1953faed-d715-4142-887b-a8b77303b8e6,85bbffdc-9582-4603-a506-296e85ae0d1a,7cae335f-1193-421e-92f1-8802b4243e93
2241,open-telemetry/opentelemetry-go,log/v0.15.0,Transitive Dependency,Apache License 2.0,PERMISSIVE,NOT_REVIEWED,1953faed-d715-4142-887b-a8b77303b8e6,21366392-962b-4fb2-b20e-e548305f9e61,7cae335f-1193-421e-92f1-8802b4243e93
2242,open-telemetry/opentelemetry-go,metric/v1.45.0,Transitive Dependency,Apache License 2.0,PERMISSIVE,NOT_REVIEWED,1953faed-d715-4142-887b-a8b77303b8e6,84c0b574-0983-4454-afa2-cf488e266c64,7cae335f-1193-421e-92f1-8802b4243e93
2243,open-telemetry/opentelemetry-go,metric/x/v0.67.0,Transitive Dependency,Apache License 2.0,PERMISSIVE,NOT_REVIEWED,1953faed-d715-4142-887b-a8b77303b8e6,4a818801-9ead-4a34-848a-20049e141c6e,7cae335f-1193-421e-92f1-8802b4243e93
2244,open-telemetry/opentelemetry-go,sdk/log/v0.14.0,Transitive Dependency,Apache License 2.0,PERMISSIVE,NOT_REVIEWED,1953faed-d715-4142-887b-a8b77303b8e6,013a4acd-995d-4764-a7b3-a23a91277815,7cae335f-1193-421e-92f1-8802b4243e93
2245,open-telemetry/opentelemetry-go,sdk/metric/v1.45.0,Transitive Dependency,Apache License 2.0,PERMISSIVE,NOT_REVIEWED,1953faed-d715-4142-887b-a8b77303b8e6,3ac102c7-d6f1-42a7-ad26-a5295530ad47,7cae335f-1193-421e-92f1-8802b4243e93
2246,open-telemetry/opentelemetry-go,sdk/v1.45.0,Transitive Dependency,Apache License 2.0,PERMISSIVE,NOT_REVIEWED,1953faed-d715-4142-887b-a8b77303b8e6,5ea615b9-e43d-491c-a113-10bc3f653599,7cae335f-1193-421e-92f1-8802b4243e93
2247,open-telemetry/opentelemetry-go,trace/v1.45.0,Transitive Dependency,Apache License 2.0,PERMISSIVE,NOT_REVIEWED,1953faed-d715-4142-887b-a8b77303b8e6,f218ccd7-b2bb-446c-b2d9-a490cd80554f,7cae335f-1193-421e-92f1-8802b4243e93
2248,open-telemetry/opentelemetry-go,v1.45.0,Direct Dependency,Apache License 2.0,PERMISSIVE,NOT_REVIEWED,1953faed-d715-4142-887b-a8b77303b8e6,a44c8148-36a7-465c-be19-8286ac62d772,7cae335f-1193-421e-92f1-8802b4243e93
2249,open-telemetry/opentelemetry-go-instrumentation,sdk/v1.2.1,Transitive Dependency,Apache License 2.0,PERMISSIVE,NOT_REVIEWED,a9de23f7-40a8-4513-8a30-a550ab794b23,257847f1-c2d4-4335-92e2-79eedc31c9cf,7cae335f-1193-421e-92f1-8802b4243e93
2250,openai,1.0.0,Direct Dependency,Apache License 2.0,PERMISSIVE,NOT_REVIEWED,e848b348-013a-499d-8a06-ac1b79fa494e,b736da39-cab0-4207-9d68-ee733a6939c8,7cae335f-1193-421e-92f1-8802b4243e93
2251,opencensus-go,v0.24.0,Transitive Dependency,Apache License 2.0,PERMISSIVE,NOT_REVIEWED,7552b064-6e97-4096-b2d0-e9d69edf1a5c,3dea518b-b2ca-4d97-b650-406a59265308,7cae335f-1193-421e-92f1-8802b4243e93
2252,opencontainers/go-digest,1.0.0,Transitive Dependency,Apache License 2.0,PERMISSIVE,NOT_REVIEWED,89424124-4640-4a79-b00f-19ca7d165feb,802d167e-e32c-48ce-9fba-6516d099c458,7cae335f-1193-421e-92f1-8802b4243e93
2253,opentracing-contrib/go-zap,v0.1.0,Direct Dependency,MIT License,PERMISSIVE,NOT_REVIEWED,5cbd80dc-c839-4703-8010-bd3bd1ce4adc,3c37c6a0-3405-40ac-b98d-e05877107fc8,ad705c59-6893-4980-bdbf-0837f1823cc4
2254,orisano/pixelmatch,20220722-snapshot-fb0b5547,Transitive Dependency,MIT License,PERMISSIVE,NOT_REVIEWED,3ae0fefc-3b6a-4b65-a572-88d1bf5b0125,d06c1891-ad1f-47b7-8c17-8554a508dacd,ad705c59-6893-4980-bdbf-0837f1823cc4
2255,ospath,1.2.2,Transitive Dependency,MIT License,PERMISSIVE,NOT_REVIEWED,2d577520-6859-4f44-9beb-92c92a46bf9f,c6c82d2b-f151-4dee-92aa-a431e3f8a41b,ad705c59-6893-4980-bdbf-0837f1823cc4
2256,ovh/go-ovh,v1.9.0,Transitive Dependency,"BSD 3-clause ""New"" or ""Revised"" License",PERMISSIVE,NOT_REVIEWED,4bc3b672-f955-42b2-bcf3-d63608492ac1,9e0c871d-5b73-4bbc-bc69-6de22446c01a,3d238144-44e6-450e-b523-3defbdaed9dc
2257,p-limit,2.3.0,Transitive Dependency,MIT License,PERMISSIVE,NOT_REVIEWED,deefa0b7-8dcf-4909-b51f-f27843ba03c0,17ec4f1d-9732-4941-a744-8fcbf7c9a2fc,ad705c59-6893-4980-bdbf-0837f1823cc4
2258,p-limit,3.1.0,Transitive Dependency,MIT License,PERMISSIVE,NOT_REVIEWED,deefa0b7-8dcf-4909-b51f-f27843ba03c0,64cac399-7f63-4960-9772-ae84d9f9b09d,ad705c59-6893-4980-bdbf-0837f1823cc4
2259,p-locate,4.1.0,Transitive Dependency,MIT License,PERMISSIVE,NOT_REVIEWED,ed5c945e-540b-48ee-82c8-3cd0c2269ddb,01250124-d62d-4339-930b-7cb297856dfc,ad705c59-6893-4980-bdbf-0837f1823cc4
2260,p-locate,v5.0.0,Transitive Dependency,MIT License,PERMISSIVE,NOT_REVIEWED,ed5c945e-540b-48ee-82c8-3cd0c2269ddb,5492a8db-c60d-49f1-af60-56487fda6843,ad705c59-6893-4980-bdbf-0837f1823cc4
2261,pac-proxy-agent,7.2.0,Transitive Dependency,MIT License,PERMISSIVE,NOT_REVIEWED,fbc9a476-b9ec-44fa-bbf2-3f10d52bb3a5,86fda447-8e85-4efa-9ce9-e040bd19c078,ad705c59-6893-4980-bdbf-0837f1823cc4
2262,paneforge,1.0.2,Direct Dependency,MIT License,PERMISSIVE,NOT_REVIEWED,d4e9d85f-a4c5-41d6-bcf1-6f1a69955524,d5202667-48f6-4a8e-91bc-d9e3501cf216,ad705c59-6893-4980-bdbf-0837f1823cc4
2263,parent-module,1.0.1,Transitive Dependency,MIT License,PERMISSIVE,NOT_REVIEWED,8120533d-e900-43d8-9f76-c9def443584b,0c33ce91-b810-4365-aace-938cb93f958b,ad705c59-6893-4980-bdbf-0837f1823cc4
2264,parse5,7.3.0,Transitive Dependency,MIT License,PERMISSIVE,NOT_REVIEWED,395d48c6-bea3-4227-b448-c66a19b6b4d6,5ac949d6-80a8-4f25-abe1-e2c14f8f357a,ad705c59-6893-4980-bdbf-0837f1823cc4
2265,path-browserify,1.0.1,Transitive Dependency,MIT License,PERMISSIVE,NOT_REVIEWED,75fb3630-d6d2-407c-a92e-64194a5c8d14,656809c9-6d53-439d-86f7-9d73c11870c0,ad705c59-6893-4980-bdbf-0837f1823cc4
2266,path-key,3.1.1,Transitive Dependency,MIT License,PERMISSIVE,NOT_REVIEWED,67f6bf10-89ea-4e7e-b3dd-56989d558c7e,ba4cf30e-d08b-4a17-a542-262cdfef2372,ad705c59-6893-4980-bdbf-0837f1823cc4
2267,path-key,4.0.0,Transitive Dependency,MIT License,PERMISSIVE,NOT_REVIEWED,67f6bf10-89ea-4e7e-b3dd-56989d558c7e,3ed7955e-94b0-4aea-bf0a-75a7a4ca1ee3,ad705c59-6893-4980-bdbf-0837f1823cc4
2268,path-scurry,1.11.1,Transitive Dependency,Blue Oak Model License 1.0.0,PERMISSIVE,NOT_REVIEWED,d265e17b-ac40-4415-a572-de16800608f6,15637b63-515b-47b7-9426-0987558819ad,9581ad88-048e-43d1-a7bc-f3675f8f3558
2269,path-scurry,2.0.2,Transitive Dependency,Blue Oak Model License 1.0.0,PERMISSIVE,NOT_REVIEWED,d265e17b-ac40-4415-a572-de16800608f6,6282200c-1a35-4bb8-a1b3-96661e3ee569,9581ad88-048e-43d1-a7bc-f3675f8f3558
2270,path-to-regexp,6.3.0,Transitive Dependency,MIT License,PERMISSIVE,NOT_REVIEWED,bc16e4d7-83e6-4e1a-82a4-9d19cc477527,50e344b1-ebc2-4eab-ade1-f6d44b05186f,ad705c59-6893-4980-bdbf-0837f1823cc4
2271,path-to-regexp,8.4.2,Transitive Dependency,MIT License,PERMISSIVE,NOT_REVIEWED,bc16e4d7-83e6-4e1a-82a4-9d19cc477527,191ae09e-af66-421e-a8c8-189c8c9cc683,ad705c59-6893-4980-bdbf-0837f1823cc4
2272,pathe,1.1.2,Transitive Dependency,MIT License,PERMISSIVE,NOT_REVIEWED,f1bec65d-2bed-4983-9dc4-e0f9170a2ed1,c3cc2e7e-619f-4882-aa40-748358e3bd19,ad705c59-6893-4980-bdbf-0837f1823cc4
2273,pathe,2.0.3,Transitive Dependency,MIT License,PERMISSIVE,NOT_REVIEWED,f1bec65d-2bed-4983-9dc4-e0f9170a2ed1,d09d895e-000b-4419-9224-64f9eb58a5da,ad705c59-6893-4980-bdbf-0837f1823cc4
2274,pborman-getopt,20170112-snapshot-7148bc3a,Transitive Dependency,"BSD 3-clause ""New"" or ""Revised"" License",PERMISSIVE,NOT_REVIEWED,85fa8fce-7cd7-453b-a4dc-3c0023782566,aac1b021-8a60-47d8-b294-63e2ddc9123e,3d238144-44e6-450e-b523-3defbdaed9dc
2275,pend,1.2.0,Transitive Dependency,MIT License,PERMISSIVE,NOT_REVIEWED,526a9129-8da1-45f7-bbf8-76aca2f318d2,abd9064c-8014-448b-adf8-6c1f339d48b8,ad705c59-6893-4980-bdbf-0837f1823cc4
2276,pgx,v5.6.0,Transitive Dependency,MIT License,PERMISSIVE,NOT_REVIEWED,d0703ba0-4160-4acc-bd5c-d2c5768e5d03,920448aa-5187-4527-be23-f1e4b3fc4469,ad705c59-6893-4980-bdbf-0837f1823cc4
2277,picocolors,1.1.1,Transitive Dependency,ISC License,PERMISSIVE,NOT_REVIEWED,5b843241-8399-4eb5-8b2d-337a95c0f3c7,06ab421b-aafb-4185-9130-ad1ea0cdda70,14b0b50b-acd2-4fc8-ac65-3b15f9e58260
2278,pierrec-lz4,v4.1.29,Transitive Dependency,"BSD 3-clause ""New"" or ""Revised"" License",PERMISSIVE,NOT_REVIEWED,e81916e7-9234-4fd1-9785-4abe53877ffb,8e423e6e-6138-4809-a05e-4733f1b759f6,3d238144-44e6-450e-b523-3defbdaed9dc
2279,pillarjs/parseurl,1.3.3,Transitive Dependency,MIT License,PERMISSIVE,NOT_REVIEWED,b3b33173-4d1d-4b71-b154-58aad7a19719,2b3bc7ae-71f0-4a30-a9e0-364f3e9cc504,ad705c59-6893-4980-bdbf-0837f1823cc4
2280,pino,8.21.0,Transitive Dependency,MIT License,PERMISSIVE,NOT_REVIEWED,5819a617-5dfd-4875-af92-598e5c9fa3a2,d5b32e32-652d-4b17-b420-3a4275ddcd1c,ad705c59-6893-4980-bdbf-0837f1823cc4
2281,pino-abstract-transport,1.2.0,Transitive Dependency,MIT License,PERMISSIVE,NOT_REVIEWED,b32917a5-92f4-4e71-b478-df854d897b69,91c5c728-c428-4e5e-aa7a-7fa5e6d55b15,ad705c59-6893-4980-bdbf-0837f1823cc4
2282,pino-std-serializers,6.2.2,Transitive Dependency,MIT License,PERMISSIVE,NOT_REVIEWED,cec40e08-b6a9-4bad-9c1a-f2f0b2e9d16e,f872cff0-99f5-4eea-bac4-8f5243e61a3c,ad705c59-6893-4980-bdbf-0837f1823cc4
2283,pkce-challenge,5.0.1,Transitive Dependency,MIT License,PERMISSIVE,NOT_REVIEWED,8f94d212-8dff-4039-9892-3b1c7369d63b,e1952085-7149-46ee-b903-e9d3ab966a99,ad705c59-6893-4980-bdbf-0837f1823cc4
2284,pkg-types,1.3.1,Transitive Dependency,MIT License,PERMISSIVE,NOT_REVIEWED,04ad6a9b-0a88-4255-91c8-061f325f9bb6,a39e32cb-e3e2-4b05-adcc-9ff9409045af,ad705c59-6893-4980-bdbf-0837f1823cc4
2285,playwright,1.63.0,Transitive Dependency,Apache License 2.0,PERMISSIVE,NOT_REVIEWED,d5dad65f-1d6c-431b-85c4-3286be7a1656,10204c7d-affb-4483-b796-9a63db95fa08,7cae335f-1193-421e-92f1-8802b4243e93
2286,pmezard-go-difflib,20190219-snapshot-5d4384ee,Transitive Dependency,Apache License 2.0,PERMISSIVE,NOT_REVIEWED,b17e8536-f6a6-455f-a660-0f40479eaf40,0e4c21af-40b6-4a23-ac93-7f8dd4d59c96,7cae335f-1193-421e-92f1-8802b4243e93
2287,points-on-curve,0.2.0,Transitive Dependency,MIT License,PERMISSIVE,NOT_REVIEWED,8e62886b-e6f4-41ea-a7a9-35b11357fba0,8bee0266-2e3c-4976-80bc-bcbb71024b6c,ad705c59-6893-4980-bdbf-0837f1823cc4
2288,possible-typed-array-names,1.1.0,Transitive Dependency,MIT License,PERMISSIVE,NOT_REVIEWED,1caa9acb-cd39-4958-b34f-8d53d9e7a2e1,facb561a-edfb-4e39-b6db-7c5c36034969,ad705c59-6893-4980-bdbf-0837f1823cc4
2289,postcss-import,15.1.0,Transitive Dependency,MIT License,PERMISSIVE,NOT_REVIEWED,5129c098-96e2-4644-b80f-22ae549db2b2,936d9480-9fd5-4de5-b794-67bbde2b415e,ad705c59-6893-4980-bdbf-0837f1823cc4
2290,postcss-js,4.1.0,Transitive Dependency,MIT License,PERMISSIVE,NOT_REVIEWED,1abda21f-d6d9-4863-abca-a6e0b2a04443,f94dd696-375b-4dff-9bf4-cbf838ebbe1b,ad705c59-6893-4980-bdbf-0837f1823cc4
2291,postcss-nested,6.2.0,Transitive Dependency,MIT License,PERMISSIVE,NOT_REVIEWED,321ec54c-ef05-45b5-a938-f6283957cace,e10ac0a4-4b6a-4703-9372-1fb8ff1cde06,ad705c59-6893-4980-bdbf-0837f1823cc4
2292,postcss-preset-env,8.4.2,Direct Dependency,Creative Commons Zero v1.0 Universal,PERMISSIVE,NOT_REVIEWED,3d42bd6f-a652-479f-8c64-32362a8d2150,911a2da4-4974-4d58-ab61-438a70dd114f,a7c69599-62b6-4d06-9ec6-ea688c041c00
2293,postcss-safe-parser,7.1.0,Transitive Dependency,MIT License,PERMISSIVE,NOT_REVIEWED,0c9b4f23-0ee9-472f-bfbf-b685d97f2e41,9abeabab-deb1-4bde-b675-799c623caca4,ad705c59-6893-4980-bdbf-0837f1823cc4
2294,postcss-values-parser,6.0.2,Transitive Dependency,Mozilla Public License 2.0,WEAK_RECIPROCAL,NOT_REVIEWED,1d60b669-aaf0-4425-a890-26ee4af5d8f6,e6fcb47c-af69-4e66-9924-54ef364c7276,ce3dd63e-c569-4cea-986a-46bc5efe9896
2295,precinct,12.3.2,Transitive Dependency,MIT License,PERMISSIVE,NOT_REVIEWED,f3d189ab-744c-4a11-ab18-41ab1b68dd68,639122a1-1d73-46d8-8d30-e205b11bd18f,ad705c59-6893-4980-bdbf-0837f1823cc4
2296,prettier-linter-helpers,1.0.1,Transitive Dependency,MIT License,PERMISSIVE,NOT_REVIEWED,a19db999-8811-4c39-92c0-dc0c322b2fb7,14cd8964-6ee7-4275-8d9a-1622ba497a9b,ad705c59-6893-4980-bdbf-0837f1823cc4
2297,prettier-plugin-svelte,4.1.1,Direct Dependency,MIT License,PERMISSIVE,NOT_REVIEWED,19ba7848-5cfe-44f5-a431-d0f0356eb99e,e307e1b2-c3f0-4b2c-b68b-5b886961c7ae,ad705c59-6893-4980-bdbf-0837f1823cc4
2298,prettier-plugin-tailwindcss,0.7.2,Direct Dependency,MIT License,PERMISSIVE,NOT_REVIEWED,d6e88c53-0c94-4326-8142-3d6689b1647e,ba1d8ff7-cd75-4f1a-9033-198dda2eb495,ad705c59-6893-4980-bdbf-0837f1823cc4
2299,pretty-bytes,5.6.0,Transitive Dependency,MIT License,PERMISSIVE,NOT_REVIEWED,68b20144-9257-4834-bf49-bd168a0b4b1c,a3083466-7a24-4149-bc9e-172898ccde5f,ad705c59-6893-4980-bdbf-0837f1823cc4
2300,process-warning,3.0.0,Transitive Dependency,MIT License,PERMISSIVE,NOT_REVIEWED,f2795bb6-ce40-41ff-a7ed-2aaffebb25f9,5fe483b8-5649-4da7-bdb8-7c3002ac7045,ad705c59-6893-4980-bdbf-0837f1823cc4
2301,prometheus-client_model,v0.6.3,Direct Dependency,Apache License 2.0,PERMISSIVE,NOT_REVIEWED,1f0f4cb8-c53b-4ac4-a20e-2bd7b11686c8,dd89128f-5e96-40f4-9cb5-255135214b37,7cae335f-1193-421e-92f1-8802b4243e93
2302,prop-types,15.8.1,Direct Dependency,MIT License,PERMISSIVE,NOT_REVIEWED,61ea4c9f-be5c-4c42-8338-64b8ffac6e2f,354eed9d-ed47-41a3-bf6f-010df3d38eea,ad705c59-6893-4980-bdbf-0837f1823cc4
2303,proxy-from-env,1.0.0,Transitive Dependency,MIT License,PERMISSIVE,NOT_REVIEWED,e0255d53-a544-49a8-b0e3-e37f9614efef,e4b3ea59-f8ee-4170-9bc5-bb5827499dc6,ad705c59-6893-4980-bdbf-0837f1823cc4
2304,proxy-from-env,1.1.0,Transitive Dependency,MIT License,PERMISSIVE,NOT_REVIEWED,e0255d53-a544-49a8-b0e3-e37f9614efef,4cb16849-807b-4034-bcfd-03b39621d3e6,ad705c59-6893-4980-bdbf-0837f1823cc4
2305,proxy-from-env,2.1.0,Transitive Dependency,MIT License,PERMISSIVE,NOT_REVIEWED,e0255d53-a544-49a8-b0e3-e37f9614efef,f3ae4cb1-6834-4e5d-b0b5-1d1efa17da80,ad705c59-6893-4980-bdbf-0837f1823cc4
2306,pshihn/rough,4.6.6,Transitive Dependency,MIT License,PERMISSIVE,NOT_REVIEWED,2757960c-b8b2-45c0-8e15-685dbec7a0ca,f0d00eac-f2a1-4fd2-a821-e992ba8c96c4,ad705c59-6893-4980-bdbf-0837f1823cc4
2307,pty,v1.1.1,Direct Dependency,MIT License,PERMISSIVE,NOT_REVIEWED,dffe4812-b2ac-4fda-be17-e4043bf72bc4,203e9cca-bc53-4ad0-be1a-5f7d1fdc5665,ad705c59-6893-4980-bdbf-0837f1823cc4
2308,qified,0.10.1,Transitive Dependency,MIT License,PERMISSIVE,NOT_REVIEWED,b45dd924-aa85-4406-81df-79cc17f47e05,5dbf80e6-9908-425c-b7fc-cee447e6cdc6,ad705c59-6893-4980-bdbf-0837f1823cc4
2309,qrcode.react,4.2.0,Direct Dependency,ISC License,PERMISSIVE,NOT_REVIEWED,6601a1cb-0a0e-4a79-b9dc-c3d545ac24fe,90273d5c-fa5e-4315-b16e-cb4387c3dcd0,14b0b50b-acd2-4fc8-ac65-3b15f9e58260
2310,quasilyte/go-ruleguard,dsl/v0.3.22,Transitive Dependency,"BSD 3-clause ""New"" or ""Revised"" License",PERMISSIVE,NOT_REVIEWED,88c35385-f0c9-4544-b549-2f9e315cfc57,7943ea8c-c16c-4023-a17b-78636858cbec,3d238144-44e6-450e-b523-3defbdaed9dc
2311,queue-microtask,1.2.3,Transitive Dependency,MIT License,PERMISSIVE,NOT_REVIEWED,893986d1-c8f1-4e24-aeb2-e4a05a3c3f8b,67433d79-3f66-469c-87c4-614dca02bbb9,ad705c59-6893-4980-bdbf-0837f1823cc4
2312,quic-go/qpack,v0.6.0,Transitive Dependency,MIT License,PERMISSIVE,NOT_REVIEWED,71022550-58cc-41f2-a74b-095828ebac9b,802d462c-0eae-44ad-9b64-29741f4d1a13,ad705c59-6893-4980-bdbf-0837f1823cc4
2313,radash,12.1.1,Transitive Dependency,MIT License,PERMISSIVE,NOT_REVIEWED,e91073b9-3d96-4546-92ea-c15bf76f36b6,44869e9a-63c4-461a-9e09-382041237509,ad705c59-6893-4980-bdbf-0837f1823cc4
2314,radix-ui,1.4.3,Direct Dependency,MIT License,PERMISSIVE,NOT_REVIEWED,9994d109-dd17-4e83-9960-a4fa442f4116,5ea09f19-18c2-49c8-a0ed-80db366e8860,ad705c59-6893-4980-bdbf-0837f1823cc4
2315,randombytes,2.1.0,Transitive Dependency,MIT License,PERMISSIVE,NOT_REVIEWED,482e025c-bbc9-47fa-be09-42ab71f8b9dd,4579660f-84e9-42ef-bb7d-3193ba3af43e,ad705c59-6893-4980-bdbf-0837f1823cc4
2316,rapidfuzz,3.0.0,Direct Dependency,MIT License,PERMISSIVE,NOT_REVIEWED,d79f5f87-a451-4b31-94dc-86c7e9ea7f35,2ed6a756-81f5-4636-9c9c-8c04f1e75a70,ad705c59-6893-4980-bdbf-0837f1823cc4
2317,raw-body,3.0.2,Transitive Dependency,MIT License,PERMISSIVE,NOT_REVIEWED,a81d8bf0-4e36-479e-aa0c-6103910042f5,15c2fc19-884c-4e9d-b59f-7cb4c27e482d,ad705c59-6893-4980-bdbf-0837f1823cc4
2318,react-accessible-treeview,2.11.2,Direct Dependency,MIT License,PERMISSIVE,NOT_REVIEWED,8ab24ea2-8b17-4c42-ba53-08629940a173,3ed6dea5-cbc4-4a56-9063-c3670b4e4d6a,ad705c59-6893-4980-bdbf-0837f1823cc4
2319,react-chartjs-2,5.3.1,Direct Dependency,MIT License,PERMISSIVE,NOT_REVIEWED,d1424d51-975f-4ebd-b140-36fa0570a405,4ae5af95-c162-4591-92c8-1fa26e52ad93,ad705c59-6893-4980-bdbf-0837f1823cc4
2320,react-dom,18.2.0,Direct Dependency,MIT License,PERMISSIVE,NOT_REVIEWED,3d2b6276-0b2c-462b-b83f-eb2a33e217da,02fb812b-fc42-47da-94d2-b2e6bfc8e48a,ad705c59-6893-4980-bdbf-0837f1823cc4
2321,react-dom,19.2.4,Transitive Dependency,MIT License,PERMISSIVE,NOT_REVIEWED,3d2b6276-0b2c-462b-b83f-eb2a33e217da,732290fe-1478-4f18-9cdc-463967d3fb51,ad705c59-6893-4980-bdbf-0837f1823cc4
2322,react-dom,19.2.5,Direct Dependency,MIT License,PERMISSIVE,NOT_REVIEWED,3d2b6276-0b2c-462b-b83f-eb2a33e217da,2c2d6fad-7c63-4cf0-aafa-6a5760538e6d,ad705c59-6893-4980-bdbf-0837f1823cc4
2323,react-is,16.13.1,Transitive Dependency,MIT License,PERMISSIVE,NOT_REVIEWED,dbfe74db-5af2-4576-906a-fd0975ee4437,1c288077-27b9-40e2-b0ba-ebe8c7c4cec2,ad705c59-6893-4980-bdbf-0837f1823cc4
2324,react-is,17.0.2,Transitive Dependency,MIT License,PERMISSIVE,NOT_REVIEWED,dbfe74db-5af2-4576-906a-fd0975ee4437,948d402c-b79c-4e8b-8c63-2efceba38f5f,ad705c59-6893-4980-bdbf-0837f1823cc4
2325,react-markdown,10.1.0,Direct Dependency,MIT License,PERMISSIVE,NOT_REVIEWED,1b42a28b-f63b-42e1-bcb0-b948abbb2a9e,aa80661b-16aa-4b8f-b927-2f13f40b66ee,ad705c59-6893-4980-bdbf-0837f1823cc4
2326,react-pin-field,4.0.2,Direct Dependency,MIT License,PERMISSIVE,NOT_REVIEWED,2fab15ec-28b8-46c7-b54e-547155947d8d,d7b4b5d2-be04-4edc-88d8-1ec2055f5bd4,ad705c59-6893-4980-bdbf-0837f1823cc4
2327,react-plotly.js,2.6.0,Direct Dependency,MIT License,PERMISSIVE,NOT_REVIEWED,a099e61a-40fb-4b1b-a70a-a8729f8f220d,6092afa1-a923-4e4b-b9ac-d39544217722,ad705c59-6893-4980-bdbf-0837f1823cc4
2328,react-remove-scroll,2.7.2,Transitive Dependency,MIT License,PERMISSIVE,NOT_REVIEWED,6cecb6b7-67d9-4df0-b82c-6c57e4ffd166,ccdb0d21-368b-44fa-8257-65110ab9486e,ad705c59-6893-4980-bdbf-0837f1823cc4
2329,react-remove-scroll-bar,2.3.8,Transitive Dependency,MIT License,PERMISSIVE,NOT_REVIEWED,b0746771-a325-47ea-a81f-ded9169d6f00,b83712b3-9601-49ee-94f2-3f12bc160e0d,ad705c59-6893-4980-bdbf-0837f1823cc4
2330,react-router-dom,7.15.0,Direct Dependency,MIT License,PERMISSIVE,NOT_REVIEWED,85c9a45a-dce4-40ae-9c32-ad3f1ee38179,40f5b95a-73ab-4ec8-9854-c6ae63fa6537,ad705c59-6893-4980-bdbf-0837f1823cc4
2331,react-router-dom,7.18.2,Direct Dependency,MIT License,PERMISSIVE,NOT_REVIEWED,85c9a45a-dce4-40ae-9c32-ad3f1ee38179,b19062d8-a2cd-4c71-acfb-ac5ecdfb0d03,ad705c59-6893-4980-bdbf-0837f1823cc4
2332,reactredux,9.2.0,Direct Dependency,MIT License,PERMISSIVE,NOT_REVIEWED,ebc4c722-526f-4b49-bf46-9cc12233f3af,79b8758c-424d-4fb1-a820-73b9d6a82972,ad705c59-6893-4980-bdbf-0837f1823cc4
2333,read-cache,1.0.0,Transitive Dependency,MIT License,PERMISSIVE,NOT_REVIEWED,5e0459d8-135a-497f-b416-d88fac397d47,78ed55b1-ebfe-4307-b51f-8562f3340131,ad705c59-6893-4980-bdbf-0837f1823cc4
2334,readdirp,3.6.0,Transitive Dependency,MIT License,PERMISSIVE,NOT_REVIEWED,d9eca8f2-4fd6-4c82-941f-ca6a7d92b130,889445a7-9917-4a9c-aac7-3761e6ef9045,ad705c59-6893-4980-bdbf-0837f1823cc4
2335,readdirp,4.1.2,Transitive Dependency,MIT License,PERMISSIVE,NOT_REVIEWED,d9eca8f2-4fd6-4c82-941f-ca6a7d92b130,283025e7-a56d-459c-ae85-4eccdbf52d26,ad705c59-6893-4980-bdbf-0837f1823cc4
2336,real-require,0.2.0,Transitive Dependency,MIT License,PERMISSIVE,NOT_REVIEWED,a38477da-e8de-40c9-99e3-ae1d54abebf0,4c149568-3a4a-4245-9cb6-1dd62c331281,ad705c59-6893-4980-bdbf-0837f1823cc4
2337,regexp-match-indices,1.0.2,Transitive Dependency,Apache License 2.0,PERMISSIVE,NOT_REVIEWED,ef2e0834-b046-4d89-b560-401a9258c8f6,1f1a5a4f-58a2-4fe6-8dca-84c92a6f9af2,7cae335f-1193-421e-92f1-8802b4243e93
2338,regexp.prototype.flags,1.5.4,Transitive Dependency,MIT License,PERMISSIVE,NOT_REVIEWED,37a57429-89d6-40fd-a8aa-475bd5b59a4e,edb8e112-6d62-4342-9983-f815904d041c,ad705c59-6893-4980-bdbf-0837f1823cc4
2339,remark,15.0.1,Direct Dependency,MIT License,PERMISSIVE,NOT_REVIEWED,32306a3b-487c-4f74-b50a-c2931bc76d3a,3dba7198-bd26-4489-8677-dd58054da677,ad705c59-6893-4980-bdbf-0837f1823cc4
2340,remark-html,16.0.1,Direct Dependency,MIT License,PERMISSIVE,NOT_REVIEWED,34db068f-b619-4892-bb8e-238107462fea,ece2a616-ff8d-447e-b5af-d47b6d654adf,ad705c59-6893-4980-bdbf-0837f1823cc4
2341,repeat-string,1.6.1,Transitive Dependency,MIT License,PERMISSIVE,NOT_REVIEWED,cdea51f0-3c88-4b5c-b2ed-b7b9dbb1153c,9c0fbe5c-8047-4427-b506-55bb41be7ddf,ad705c59-6893-4980-bdbf-0837f1823cc4
2342,require-directory,2.1.1,Transitive Dependency,MIT License,PERMISSIVE,NOT_REVIEWED,deeba078-6cc9-4700-ae90-047b55ac9b10,42c51eb8-443a-4529-af93-9ea62dd1ce9c,ad705c59-6893-4980-bdbf-0837f1823cc4
2343,require-from-string,2.0.2,Transitive Dependency,MIT License,PERMISSIVE,NOT_REVIEWED,a6bad7bd-a97c-49ef-bbe2-ba9c50ab7e2d,ae0b8438-7694-431e-af53-4e0de9c5f88b,ad705c59-6893-4980-bdbf-0837f1823cc4
2344,requirejs-config-file,v4.0.0,Transitive Dependency,MIT License,PERMISSIVE,NOT_REVIEWED,92f4064a-2b12-4d43-9565-a46e0cdd4be7,def4f786-f759-4188-9a2a-fe55fd7cc22c,ad705c59-6893-4980-bdbf-0837f1823cc4
2345,rettime,0.11.8,Transitive Dependency,MIT License,PERMISSIVE,NOT_REVIEWED,b2b65a5e-7597-4c91-97fb-b62b55d57550,7081a236-a6b5-48f6-90cd-6608f0f4e617,ad705c59-6893-4980-bdbf-0837f1823cc4
2346,rfc6979,20141003-snapshot-6a90f249,Transitive Dependency,MIT License,PERMISSIVE,NOT_REVIEWED,27306f4b-1291-4c03-9ea8-67b284da4b5b,c400a78a-c1ef-4e99-b95d-2f01b9edbfd1,ad705c59-6893-4980-bdbf-0837f1823cc4
2347,rfdc,1.4.1,Transitive Dependency,MIT License,PERMISSIVE,NOT_REVIEWED,3b56f54a-3436-4188-a138-3b8d1883d186,d9672c6e-7dc6-4b61-99a0-ec84ba2dd8c6,ad705c59-6893-4980-bdbf-0837f1823cc4
2348,richardartoul/molecule,20240531-snapshot-7ca0df43,Transitive Dependency,MIT License,PERMISSIVE,NOT_REVIEWED,c7a0c0dc-52d8-4e07-90e3-c363fcd860ac,7cdbde69-d365-4120-a5c0-f77e0fd1c05f,ad705c59-6893-4980-bdbf-0837f1823cc4
2349,robfig/cron,v3.0.1,Direct Dependency,MIT License,PERMISSIVE,NOT_REVIEWED,5914f922-60b7-45e8-b88e-1eee45a50d50,020c0c6b-a275-4e81-af3f-89423b1adc92,ad705c59-6893-4980-bdbf-0837f1823cc4
2350,robust-predicates,3.0.2,Transitive Dependency,The Unlicense,PERMISSIVE,NOT_REVIEWED,a2588a5e-160f-4f3f-b83f-4f4897abad8f,e54b201b-0379-4b94-bbea-eacb61b45d81,57b1f355-a0a0-4f5e-b4dd-019296e4eda6
2351,rogpeppe/go-internal,v1.14.1,Transitive Dependency,"BSD 3-clause ""New"" or ""Revised"" License",PERMISSIVE,NOT_REVIEWED,1bba37f0-1b69-46f1-b377-829cfca97f2a,8244fb9b-63e8-46f6-bef5-cf3cbf54d6cc,3d238144-44e6-450e-b523-3defbdaed9dc
2352,rollup/rollup,4.60.2,Transitive Dependency,MIT License,PERMISSIVE,NOT_REVIEWED,32dec4e7-e0b7-4a3a-8007-9917993ccf7f,009ad835-b813-4f1e-9f3e-aaa309116afa,ad705c59-6893-4980-bdbf-0837f1823cc4
2353,router,2.2.0,Transitive Dependency,MIT License,PERMISSIVE,NOT_REVIEWED,03983862-2520-42c4-a07a-d58c3d063a71,87dbf00c-43d9-4394-afaa-9b0981f5f2b4,ad705c59-6893-4980-bdbf-0837f1823cc4
2354,rs-cors,v1.11.1,Transitive Dependency,MIT License,PERMISSIVE,NOT_REVIEWED,fc5bd73a-042c-410f-a228-b6636f70c5dd,05bd5fe6-f08e-47a9-8be3-11101e3b73d4,ad705c59-6893-4980-bdbf-0837f1823cc4
2355,run-applescript,7.1.0,Transitive Dependency,MIT License,PERMISSIVE,NOT_REVIEWED,497112ea-23af-4376-9abb-24d01115e60d,2d21dd2a-5acf-4f7a-b3c7-1863aff1712e,ad705c59-6893-4980-bdbf-0837f1823cc4
2356,run-parallel,1.2.0,Transitive Dependency,MIT License,PERMISSIVE,NOT_REVIEWED,050a53ee-1a85-4c4d-a9b0-037172bedbe7,5ced883d-a0de-40d4-8455-a46cf6379427,ad705c59-6893-4980-bdbf-0837f1823cc4
2357,runed,0.23.4,Transitive Dependency,MIT License,PERMISSIVE,NOT_REVIEWED,466561a9-2b44-4842-982d-ca7f3d2b5e0f,bc2b4a0c-4f65-4f10-863c-fc3145783db2,ad705c59-6893-4980-bdbf-0837f1823cc4
2358,runed,0.28.0,Transitive Dependency,MIT License,PERMISSIVE,NOT_REVIEWED,466561a9-2b44-4842-982d-ca7f3d2b5e0f,6b08bb5b-10db-40a1-ab36-87c4827d5031,ad705c59-6893-4980-bdbf-0837f1823cc4
2359,runed,0.29.2,Transitive Dependency,MIT License,PERMISSIVE,NOT_REVIEWED,466561a9-2b44-4842-982d-ca7f3d2b5e0f,bad2cdd4-11f9-4eae-b9d5-85505eb7d2f1,ad705c59-6893-4980-bdbf-0837f1823cc4
2360,runed,0.35.1,Transitive Dependency,MIT License,PERMISSIVE,NOT_REVIEWED,466561a9-2b44-4842-982d-ca7f3d2b5e0f,b2cd52f2-be7e-4473-9860-13c686c5117a,ad705c59-6893-4980-bdbf-0837f1823cc4
2361,ryanuber-go-glob,v1.0.0,Transitive Dependency,MIT License,PERMISSIVE,NOT_REVIEWED,3c8804f3-b56c-4990-9085-3c1f87e21ba9,5e8d2089-524b-47a5-9a0f-f71cf3cbd0a6,ad705c59-6893-4980-bdbf-0837f1823cc4
2362,sade,1.8.1,Transitive Dependency,MIT License,PERMISSIVE,NOT_REVIEWED,e891a3fe-11e6-4f9b-b4f3-76e400bf5968,fdfb8c6c-059f-4073-8d5b-d07fa1850655,ad705c59-6893-4980-bdbf-0837f1823cc4
2363,safe-regex-test,1.1.0,Transitive Dependency,MIT License,PERMISSIVE,NOT_REVIEWED,88da85ae-db4f-482d-ad63-d1ec30a1adca,1f1b232e-6f6e-4c23-8926-9c36987dce9e,ad705c59-6893-4980-bdbf-0837f1823cc4
2364,samber/do,v2.1.0,Direct Dependency,MIT License,PERMISSIVE,NOT_REVIEWED,4c3279b4-7fc2-4320-aba2-2fed252b0670,fa2b373c-ec8d-4728-b3d9-76dfb7e78184,ad705c59-6893-4980-bdbf-0837f1823cc4
2365,santhosh-tekuri/jsonschema,v5.3.1,Transitive Dependency,Apache License 2.0,PERMISSIVE,NOT_REVIEWED,d14bc64b-3963-4708-bddd-c4fb02d87de8,37f7246f-43d9-48fa-b793-48b87558c0e6,7cae335f-1193-421e-92f1-8802b4243e93
2366,santhosh-tekuri/jsonschema,v6.0.2,Transitive Dependency,Apache License 2.0,PERMISSIVE,NOT_REVIEWED,d14bc64b-3963-4708-bddd-c4fb02d87de8,82bf671a-6361-4566-b4ad-975afc921b15,7cae335f-1193-421e-92f1-8802b4243e93
2367,sass-lookup,6.1.2,Transitive Dependency,MIT License,PERMISSIVE,NOT_REVIEWED,c8f07edf-96ba-417f-9bb7-21d72f7c80c1,216b177e-ffb8-4ab8-8a51-4357c4dd7716,ad705c59-6893-4980-bdbf-0837f1823cc4
2368,scaleway/scaleway-sdk-go,v1.0.0-beta.36,Transitive Dependency,Apache License 2.0,PERMISSIVE,NOT_REVIEWED,9b8a2b88-1822-4641-b41a-01c0fbbcf765,d55680a9-4f02-41b8-80e9-1192d8913b33,7cae335f-1193-421e-92f1-8802b4243e93
2369,scheduler,0.27.0,Transitive Dependency,MIT License,PERMISSIVE,NOT_REVIEWED,4396b6c2-c531-4c99-946f-ba962595193d,f59fcf65-e46e-4533-8c73-963d032865e3,ad705c59-6893-4980-bdbf-0837f1823cc4
2370,schema-utils,4.3.3,Transitive Dependency,MIT License,PERMISSIVE,NOT_REVIEWED,55bb09f0-a07d-4f85-b3fc-0db415974dde,39fdc174-5a01-40ae-8498-bec1c6c7fec6,ad705c59-6893-4980-bdbf-0837f1823cc4
2371,schollz/closestmatch,v2.1.0,Transitive Dependency,MIT License,PERMISSIVE,NOT_REVIEWED,057f0c4c-2679-4754-9497-1dd3ff6e965d,587a404e-e4ff-416a-ab2a-64c65eacda1d,ad705c59-6893-4980-bdbf-0837f1823cc4
2372,scottmotte/dotenv,17.4.2,Direct Dependency,"BSD 2-clause ""Simplified"" License",PERMISSIVE,NOT_REVIEWED,0bca58eb-fe54-4191-a266-3e8de5d5c6b3,b7a367fa-5bac-42bf-8805-b9b62b33a828,cc875133-df38-4806-9921-473e0ef01a87
2373,sean-/seed,20170313-snapshot-e2103e2c,Transitive Dependency,"(MIT License AND BSD 3-clause ""New"" or ""Revised"" License)",PERMISSIVE,NOT_REVIEWED,66a7a532-686e-42d0-9a44-5c3eb56ed6a2,c788d445-da54-413d-8a55-dc9d22a9e668,"3d238144-44e6-450e-b523-3defbdaed9dc,ad705c59-6893-4980-bdbf-0837f1823cc4"
2374,sebdah/goldie,v2.8.0,Transitive Dependency,MIT License,PERMISSIVE,NOT_REVIEWED,42102d3e-37b6-4b3b-a2de-16b5aa1cb9b4,1e640b62-9ff9-4ec5-981b-3bd60c899d50,ad705c59-6893-4980-bdbf-0837f1823cc4
2375,seed-random,2.2.0,Transitive Dependency,MIT License,PERMISSIVE,NOT_REVIEWED,41bc4220-459f-4184-97b9-7b2af2fa982c,e3a96264-c1ec-40df-86c1-222c8e0e0499,ad705c59-6893-4980-bdbf-0837f1823cc4
2376,seedrandom,3.0.5,Transitive Dependency,MIT License,PERMISSIVE,NOT_REVIEWED,032cc6cf-a1aa-4a4e-8386-71e1849d7ec4,426fb382-b0ea-4052-a76e-ef7a6c132300,ad705c59-6893-4980-bdbf-0837f1823cc4
2377,segmentio/asm,v1.2.1,Transitive Dependency,MIT License,PERMISSIVE,NOT_REVIEWED,a3b34128-e925-47ba-a79c-f328fcd2839c,d9a95d15-7a18-487c-8dfc-8841ebf6d61f,ad705c59-6893-4980-bdbf-0837f1823cc4
2378,segmentio/kafka-go,v0.4.42,Transitive Dependency,MIT License,PERMISSIVE,NOT_REVIEWED,8d771726-ebf5-4e48-af4a-b491f2cbee74,b9ecb8f2-9bfc-489e-a27e-e87c9f47b25f,ad705c59-6893-4980-bdbf-0837f1823cc4
2379,serialize-javascript,6.0.2,Transitive Dependency,"BSD 3-clause ""New"" or ""Revised"" License",PERMISSIVE,NOT_REVIEWED,92fbafed-9399-4bc2-a9b9-83b619f64317,fdb7e4b2-1a14-45bb-8077-83f2c1e06d77,3d238144-44e6-450e-b523-3defbdaed9dc
2380,serve-static,2.2.1,Transitive Dependency,MIT License,PERMISSIVE,NOT_REVIEWED,d277ad73-ebf7-44dc-bf3c-7bcac2d3c35d,7363c360-0d45-4ea7-ae96-e92099d0e4c1,ad705c59-6893-4980-bdbf-0837f1823cc4
2381,set-blocking,2.0.0,Transitive Dependency,ISC License,PERMISSIVE,NOT_REVIEWED,571611bc-87c6-4e31-9aea-2cac10b5836d,9559e862-8b61-43c4-8cfd-a95b781f2da3,14b0b50b-acd2-4fc8-ac65-3b15f9e58260
2382,set-cookie-parser,2.7.2,Transitive Dependency,MIT License,PERMISSIVE,NOT_REVIEWED,73f7434d-86e0-4cbe-a78a-eb2fce4da812,e3edc00a-8308-4edd-8744-46a98e6f18b1,ad705c59-6893-4980-bdbf-0837f1823cc4
2383,set-cookie-parser,3.1.0,Transitive Dependency,MIT License,PERMISSIVE,NOT_REVIEWED,73f7434d-86e0-4cbe-a78a-eb2fce4da812,1878076a-a208-41c3-add4-ffb357e569b2,ad705c59-6893-4980-bdbf-0837f1823cc4
2384,set-cookie-parser,3.1.2,Transitive Dependency,MIT License,PERMISSIVE,NOT_REVIEWED,73f7434d-86e0-4cbe-a78a-eb2fce4da812,49012cc3-64ce-49c3-b7e7-442660595be5,ad705c59-6893-4980-bdbf-0837f1823cc4
2385,set-function-length,1.2.2,Transitive Dependency,MIT License,PERMISSIVE,NOT_REVIEWED,b59ba709-200d-4b0d-83de-dad08f5a6e42,644b20e3-0551-4da2-8f96-42a6459009d4,ad705c59-6893-4980-bdbf-0837f1823cc4
2386,shebang-command,2.0.0,Transitive Dependency,MIT License,PERMISSIVE,NOT_REVIEWED,69c92308-c974-43a0-9d3c-973b29c7a106,74b5de9f-8aa4-44a9-94d2-3424dfa47f57,ad705c59-6893-4980-bdbf-0837f1823cc4
2387,shebang-regex,3.0.0,Transitive Dependency,MIT License,PERMISSIVE,NOT_REVIEWED,a89d9906-837d-4900-bd0c-347b1a639f5e,7c2a6798-bba8-4eb3-8738-42a372e0879b,ad705c59-6893-4980-bdbf-0837f1823cc4
2388,shopspring-decimal,v1.4.0,Transitive Dependency,MIT License,PERMISSIVE,NOT_REVIEWED,7c9ce407-08f5-4665-ac0c-eb4297ceddf2,967735a9-c3d6-45c5-bdfd-8ba3db9dc21f,ad705c59-6893-4980-bdbf-0837f1823cc4
2389,side-channel,1.1.0,Transitive Dependency,MIT License,PERMISSIVE,NOT_REVIEWED,35025e8c-a833-4cc4-a99f-140e2c5f4ccf,54b2c503-7fdb-4bad-93dc-674c34b8e20b,ad705c59-6893-4980-bdbf-0837f1823cc4
2390,side-channel,1.1.1,Transitive Dependency,MIT License,PERMISSIVE,NOT_REVIEWED,35025e8c-a833-4cc4-a99f-140e2c5f4ccf,f3700892-f4d9-45e7-99f2-455072c8da50,ad705c59-6893-4980-bdbf-0837f1823cc4
2391,side-channel-list,1.0.1,Transitive Dependency,MIT License,PERMISSIVE,NOT_REVIEWED,4acf50cd-71cc-45d2-8386-de9bc2ab97b5,187634a6-e8ef-4485-8f42-a98e80e4894a,ad705c59-6893-4980-bdbf-0837f1823cc4
2392,side-channel-map,1.0.1,Transitive Dependency,MIT License,PERMISSIVE,NOT_REVIEWED,1bbf0048-0c81-4192-a165-7e42e5789c5f,3e62c0e2-d6b8-4f9a-8d63-217b78b0881f,ad705c59-6893-4980-bdbf-0837f1823cc4
2393,side-channel-weakmap,1.0.2,Transitive Dependency,MIT License,PERMISSIVE,NOT_REVIEWED,deac3829-8540-4783-96eb-f7350933d4db,f4a9b0f7-9101-4c5c-8be0-e74b6a8316d2,ad705c59-6893-4980-bdbf-0837f1823cc4
2394,siginfo,2.0.0,Transitive Dependency,ISC License,PERMISSIVE,NOT_REVIEWED,659b5b13-2fea-4731-8dd6-d9270b58a413,fd4bfe5f-9865-4c77-902c-17ecfe03e188,14b0b50b-acd2-4fc8-ac65-3b15f9e58260
2395,sigs.k8s.io/randfill,v1.0.0,Transitive Dependency,Apache License 2.0,PERMISSIVE,NOT_REVIEWED,a976ee38-15f3-4b97-87bf-87829644d23d,dac851ba-dfd2-40ec-8280-8700d88629e1,7cae335f-1193-421e-92f1-8802b4243e93
2396,sigs.k8s.io/yaml,v1.6.0,Transitive Dependency,"(MIT License AND Apache License 2.0 AND BSD 3-clause ""New"" or ""Revised"" License)",PERMISSIVE,NOT_REVIEWED,b859c1af-1545-46be-b5d7-b375dd4e4353,f465e34c-4903-44ef-8055-9abb3b18ec5e,"3d238144-44e6-450e-b523-3defbdaed9dc,ad705c59-6893-4980-bdbf-0837f1823cc4,7cae335f-1193-421e-92f1-8802b4243e93"
2397,simple-bin-help,1.8.0,Transitive Dependency,MIT License,PERMISSIVE,NOT_REVIEWED,a9c5a8e3-2fa9-4b7c-a13a-45ec5fdac4e7,6f08a9aa-b22f-405a-b263-879f0a04629a,ad705c59-6893-4980-bdbf-0837f1823cc4
2398,sindresorhus-open,11.0.0,Transitive Dependency,MIT License,PERMISSIVE,NOT_REVIEWED,dd3cb89e-cb81-4d97-9c33-48d800bab113,eb386236-43e6-4bb7-a676-0b6dc33f298c,ad705c59-6893-4980-bdbf-0837f1823cc4
2399,sindresorhus/globals,14.0.0,Transitive Dependency,MIT License,PERMISSIVE,NOT_REVIEWED,97d65563-d14d-4b30-bb08-ed871fd3fdc7,7cd0cd18-aae4-40e7-821e-df4a4b803e02,ad705c59-6893-4980-bdbf-0837f1823cc4
2400,sindresorhus/globals,16.5.0,Transitive Dependency,MIT License,PERMISSIVE,NOT_REVIEWED,97d65563-d14d-4b30-bb08-ed871fd3fdc7,70d76108-84ba-476e-a46a-f4495a94104d,ad705c59-6893-4980-bdbf-0837f1823cc4
2401,sindresorhus/globals,17.12.0,Direct Dependency,MIT License,PERMISSIVE,NOT_REVIEWED,97d65563-d14d-4b30-bb08-ed871fd3fdc7,a9068b48-8c5d-45e0-9898-4ea856c91a01,ad705c59-6893-4980-bdbf-0837f1823cc4
2402,sindresorhus/globals,17.6.0,Direct Dependency,MIT License,PERMISSIVE,NOT_REVIEWED,97d65563-d14d-4b30-bb08-ed871fd3fdc7,78343f2e-d9fd-4c73-bbfc-8f3a6799a68f,ad705c59-6893-4980-bdbf-0837f1823cc4
2403,sindresorhus/normalize-url,8.1.1,Transitive Dependency,MIT License,PERMISSIVE,NOT_REVIEWED,5d62e4b8-7cee-4302-8055-e71d22e41f91,4eb97d1e-f48c-46eb-a275-0e2f1bc6e554,ad705c59-6893-4980-bdbf-0837f1823cc4
2404,sindresorhus/onetime,7.0.0,Transitive Dependency,MIT License,PERMISSIVE,NOT_REVIEWED,2891b407-c228-44fa-99fe-2fe8dc084ac1,6ac300a7-c483-4cdf-9187-51aad16a3342,ad705c59-6893-4980-bdbf-0837f1823cc4
2405,sindresorhus/onetime,v5.1.2,Transitive Dependency,MIT License,PERMISSIVE,NOT_REVIEWED,2891b407-c228-44fa-99fe-2fe8dc084ac1,94871a4f-cef8-4231-bc28-f1f11a01d453,ad705c59-6893-4980-bdbf-0837f1823cc4
2406,sindresorhus/supports-color,8.1.1,Transitive Dependency,MIT License,PERMISSIVE,NOT_REVIEWED,e12590cf-ba2c-46e1-b047-aa5794025b96,dca7fcdb-80fe-440c-821d-74852d89194b,ad705c59-6893-4980-bdbf-0837f1823cc4
2407,sindresorhus/supports-color,v7.2.0,Transitive Dependency,MIT License,PERMISSIVE,NOT_REVIEWED,e12590cf-ba2c-46e1-b047-aa5794025b96,6a3af34f-723e-4828-a495-f5848026562e,ad705c59-6893-4980-bdbf-0837f1823cc4
2408,slack-go/slack,v0.29.0,Direct Dependency,"BSD 2-clause ""Simplified"" License",PERMISSIVE,NOT_REVIEWED,2283eb28-bc1c-406e-a353-ab9a9bae0c45,58f73e50-acda-4858-b888-780d0bf66333,cc875133-df38-4806-9921-473e0ef01a87
2409,sonic-boom,3.8.1,Transitive Dependency,MIT License,PERMISSIVE,NOT_REVIEWED,af810dbd-ec49-44c1-9739-6157fcb885ac,37c66907-bc03-4062-963a-79df436b69c3,ad705c59-6893-4980-bdbf-0837f1823cc4
2410,sonner,2.0.7,Direct Dependency,MIT License,PERMISSIVE,NOT_REVIEWED,d2c534c5-0bc2-40a8-a978-e73b80ad6f8c,e3f8e630-4f5c-4fe8-b42e-b71dd665e66b,ad705c59-6893-4980-bdbf-0837f1823cc4
2411,source-map,0.6.1,Transitive Dependency,"BSD 3-clause ""New"" or ""Revised"" License",PERMISSIVE,NOT_REVIEWED,01b9c158-0cbb-47b1-be28-735c4d9ad393,577faeac-d322-4c7a-b4fa-5e8c2fdbc7c3,3d238144-44e6-450e-b523-3defbdaed9dc
2412,source-map,0.7.6,Transitive Dependency,"BSD 3-clause ""New"" or ""Revised"" License",PERMISSIVE,NOT_REVIEWED,01b9c158-0cbb-47b1-be28-735c4d9ad393,181129f5-7ae6-4dd6-8617-6557a6826d92,3d238144-44e6-450e-b523-3defbdaed9dc
2413,sourcegraph/conc,20240121-snapshot-5f936abd,Transitive Dependency,MIT License,PERMISSIVE,NOT_REVIEWED,7f872f73-ef94-4a10-8d09-61f8f81d2314,08b0f7bc-efb2-482a-a8a4-29688ff9ad00,ad705c59-6893-4980-bdbf-0837f1823cc4
2414,spdx-correct.js,3.2.0,Transitive Dependency,Apache License 2.0,PERMISSIVE,NOT_REVIEWED,9b42a0ec-cb36-4cbe-8e15-13e91e892e84,e0ed1f8e-1157-424d-bc0b-c113852eaa7b,7cae335f-1193-421e-92f1-8802b4243e93
2415,spdx-exceptions,2.5.0,Transitive Dependency,Creative Commons Attribution 3.0,PERMISSIVE,NOT_REVIEWED,ab290891-626b-4257-bcc5-fe6fb37621d9,557d6ae5-33a4-46a0-8dd1-cfda7a02f9d1,6958c970-4ceb-419e-8316-206151b9714a
2416,spdx-license-ids,3.0.23,Transitive Dependency,Creative Commons Zero v1.0 Universal,PERMISSIVE,NOT_REVIEWED,a9f26e9e-809b-46e1-bf0d-f805e9fb42b1,6223570b-41e8-49f3-91f0-732387a9dd7c,a7c69599-62b6-4d06-9ec6-ea688c041c00
2417,spkg/bom,20160624-snapshot-59b7046e,Transitive Dependency,MIT License,PERMISSIVE,NOT_REVIEWED,4294c320-7b80-4212-99d1-18c0918c6f13,41e04094-2493-49f3-b46e-8c5ac0037511,ad705c59-6893-4980-bdbf-0837f1823cc4
2418,split2,4.2.0,Transitive Dependency,ISC License,PERMISSIVE,NOT_REVIEWED,f80c43ef-0615-408d-a32f-597f562842e7,19b60892-a08c-43dc-b09d-88c3b62226c0,14b0b50b-acd2-4fc8-ac65-3b15f9e58260
2419,sshpk,1.18.0,Transitive Dependency,MIT License,PERMISSIVE,NOT_REVIEWED,9013ba0b-ca63-4551-bdd2-f73a8d03eaca,6586a9d1-d4f2-419d-a813-7a80fcab8bb6,ad705c59-6893-4980-bdbf-0837f1823cc4
2420,stable-stringify,1.0.1,Transitive Dependency,MIT License,PERMISSIVE,NOT_REVIEWED,c52c8b74-3109-4138-99a2-ba5bd140e76f,bd399f7c-018a-45d8-bb9d-4370e1447800,ad705c59-6893-4980-bdbf-0837f1823cc4
2421,stackitcloud/stackit-sdk-go,core/v0.26.0,Transitive Dependency,Apache License 2.0,PERMISSIVE,NOT_REVIEWED,14bc7462-490c-4fb6-91ad-344d6c9b9076,99ea4c86-b0e0-4c22-acc1-55c0b5e7a9d4,7cae335f-1193-421e-92f1-8802b4243e93
2422,statuses,2.0.2,Transitive Dependency,MIT License,PERMISSIVE,NOT_REVIEWED,3f78eb6f-aa7a-4875-bb2c-f8239b4af75a,0401764b-2e8d-4ee5-a399-875f91ecd964,ad705c59-6893-4980-bdbf-0837f1823cc4
2423,std-uritemplate,go/v2.0.12,Transitive Dependency,Apache License 2.0,PERMISSIVE,NOT_REVIEWED,4d66cc54-2a76-46d3-bcb5-3137fd55f72d,1e109cb4-e178-4fdb-9dda-b54a36f4bebf,7cae335f-1193-421e-92f1-8802b4243e93
2424,stoewer/go-strcase,v1.3.0,Transitive Dependency,MIT License,PERMISSIVE,NOT_REVIEWED,96a30781-2e45-49f3-8aab-60bc8e5b76ca,0342f623-5513-4a4d-bea1-045a62f3e83f,ad705c59-6893-4980-bdbf-0837f1823cc4
2425,stop-iteration-iterator,1.1.0,Transitive Dependency,MIT License,PERMISSIVE,NOT_REVIEWED,c2e8e2f1-dadc-488a-b827-c9337a250c99,5989056a-4d17-426b-abfb-f5d28d5bdae5,ad705c59-6893-4980-bdbf-0837f1823cc4
2426,storybook,8.5.2,Direct Dependency,MIT License,PERMISSIVE,NOT_REVIEWED,39923494-2855-4e8b-9a64-04a073403f1a,127368d9-16b3-47fb-ba15-4aef2e81b603,ad705c59-6893-4980-bdbf-0837f1823cc4
2427,stream-browserify,3.0.0,Direct Dependency,MIT License,PERMISSIVE,NOT_REVIEWED,5be5937b-231a-4513-bf95-64ac5b1b20df,c3624e4d-506b-4758-bf90-d9d0178295bd,ad705c59-6893-4980-bdbf-0837f1823cc4
2428,streamx,2.23.0,Transitive Dependency,MIT License,PERMISSIVE,NOT_REVIEWED,b4535aac-7e99-4fe5-983e-c3754da0d7f6,dfe0e9bb-0433-4d63-a078-d796034de619,ad705c59-6893-4980-bdbf-0837f1823cc4
2429,stretchr/objx,v0.5.3,Transitive Dependency,MIT License,PERMISSIVE,NOT_REVIEWED,d0abba68-a7fa-414d-8a07-a6d4195e2c5c,25ffe48a-49d0-48ab-a84b-0184d800e89e,ad705c59-6893-4980-bdbf-0837f1823cc4
2430,strfmt,v0.27.0,Transitive Dependency,Apache License 2.0,PERMISSIVE,NOT_REVIEWED,b54f7ee0-8f86-44a2-ba1a-75cb34b920d1,0de13933-f500-4910-a18b-65066425c276,7cae335f-1193-421e-92f1-8802b4243e93
2431,strict-event-emitter,0.5.1,Transitive Dependency,MIT License,PERMISSIVE,NOT_REVIEWED,b97488b2-e15f-4817-a902-157adc1a03f9,a5abcf1d-2374-44e9-80d7-6dae10e755fc,ad705c59-6893-4980-bdbf-0837f1823cc4
2432,string-argv,0.3.1,Transitive Dependency,MIT License,PERMISSIVE,NOT_REVIEWED,ac48554a-cfa0-416a-b1f3-99455597cc74,9e5cf7d0-8367-48a8-b33d-c54b2449b315,ad705c59-6893-4980-bdbf-0837f1823cc4
2433,string-width,4.2.3,Transitive Dependency,MIT License,PERMISSIVE,NOT_REVIEWED,62093f41-55ce-46db-ba50-be53b9d4308f,8fd84296-a686-412f-a9ba-18efd1d119ce,ad705c59-6893-4980-bdbf-0837f1823cc4
2434,string-width,5.1.2,Transitive Dependency,MIT License,PERMISSIVE,NOT_REVIEWED,62093f41-55ce-46db-ba50-be53b9d4308f,76f24f84-b19b-4908-bda8-86e0972665ec,ad705c59-6893-4980-bdbf-0837f1823cc4
2435,string-width,7.2.0,Transitive Dependency,MIT License,PERMISSIVE,NOT_REVIEWED,62093f41-55ce-46db-ba50-be53b9d4308f,1f28635e-3837-4696-adf0-3536a30ae67d,ad705c59-6893-4980-bdbf-0837f1823cc4
2436,string-width,8.2.1,Transitive Dependency,MIT License,PERMISSIVE,NOT_REVIEWED,62093f41-55ce-46db-ba50-be53b9d4308f,b3853f44-6483-44b6-a54b-bdb3c30f410f,ad705c59-6893-4980-bdbf-0837f1823cc4
2437,stringify-object,3.3.0,Transitive Dependency,"BSD 2-clause ""Simplified"" License",PERMISSIVE,NOT_REVIEWED,802c9375-beca-44d5-82bc-ad49ce2cb035,2769647b-4aff-4727-bad1-85d51547398c,cc875133-df38-4806-9921-473e0ef01a87
2438,stringify-object,5.0.0,Transitive Dependency,"BSD 2-clause ""Simplified"" License",PERMISSIVE,NOT_REVIEWED,802c9375-beca-44d5-82bc-ad49ce2cb035,6ad1e074-7660-485f-af22-6bd8ed58e808,cc875133-df38-4806-9921-473e0ef01a87
2439,strip-bom,3.0.0,Transitive Dependency,MIT License,PERMISSIVE,NOT_REVIEWED,ed333198-de79-45b7-ae7a-0f99a59b1ca6,67f4d805-d9b9-4d65-a289-fe179f06c5c3,ad705c59-6893-4980-bdbf-0837f1823cc4
2440,strip-final-newline,2.0.0,Transitive Dependency,MIT License,PERMISSIVE,NOT_REVIEWED,c72dd7c2-b127-4638-a582-cc9b7e018cef,d0793006-b562-4404-a990-cb692f7e2514,ad705c59-6893-4980-bdbf-0837f1823cc4
2441,strip-final-newline,4.0.0,Transitive Dependency,MIT License,PERMISSIVE,NOT_REVIEWED,c72dd7c2-b127-4638-a582-cc9b7e018cef,633e524f-8dad-4b32-8511-49f1016d5854,ad705c59-6893-4980-bdbf-0837f1823cc4
2442,style-to-object,1.0.14,Transitive Dependency,MIT License,PERMISSIVE,NOT_REVIEWED,22b3d013-ead2-4051-9e9c-6e7b9ee0586a,c181af45-89de-43c7-8298-5504e8a5173d,ad705c59-6893-4980-bdbf-0837f1823cc4
2443,stylis,4.3.6,Transitive Dependency,MIT License,PERMISSIVE,NOT_REVIEWED,b590b15f-4911-4d92-a6e9-5393107f3c3a,39d82183-cd0e-434d-97b2-c1b852086ecf,ad705c59-6893-4980-bdbf-0837f1823cc4
2444,substrait-io/substrait-go,v0.4.2,Transitive Dependency,Apache License 2.0,PERMISSIVE,NOT_REVIEWED,b4878611-f099-44e1-8ec9-33dc5feb08f9,7435d8ee-60e6-465a-b9c3-2d49e9d2fd5d,7cae335f-1193-421e-92f1-8802b4243e93
2445,svelte-check,4.7.6,Direct Dependency,MIT License,PERMISSIVE,NOT_REVIEWED,1f7e8890-de22-4b3d-9724-3a62a1d232d7,bccb425a-bca0-4a82-88a8-868be900b335,ad705c59-6893-4980-bdbf-0837f1823cc4
2446,svelte-toolbelt,0.10.6,Transitive Dependency,Unknown License,UNKNOWN,NOT_REVIEWED,d44f76ce-d2f0-4b2d-90f4-0607066a5c2b,7a3c476b-53c0-4cfc-8ab2-396de7ce8899,00000000-0010-0000-0000-000000000000
2447,svelte-toolbelt,0.5.0,Transitive Dependency,MIT License,PERMISSIVE,NOT_REVIEWED,d44f76ce-d2f0-4b2d-90f4-0607066a5c2b,99e55b12-1d6e-4116-a7d3-4df283b5ac22,ad705c59-6893-4980-bdbf-0837f1823cc4
2448,svelte-toolbelt,0.7.1,Transitive Dependency,MIT License,PERMISSIVE,NOT_REVIEWED,d44f76ce-d2f0-4b2d-90f4-0607066a5c2b,0e1ae628-911f-4e25-86db-7c974c7c5430,ad705c59-6893-4980-bdbf-0837f1823cc4
2449,svelte-toolbelt,0.9.3,Transitive Dependency,MIT License,PERMISSIVE,NOT_REVIEWED,d44f76ce-d2f0-4b2d-90f4-0607066a5c2b,bdaa3b9b-e95f-4a45-9891-d499559f9dcf,ad705c59-6893-4980-bdbf-0837f1823cc4
2450,svg-sprite-loader,6.0.11,Direct Dependency,MIT License,PERMISSIVE,NOT_REVIEWED,ed51052b-cc5f-4825-8f21-bdc128a43c78,9f5c908e-f40c-4499-bfd7-4174adb4a834,ad705c59-6893-4980-bdbf-0837f1823cc4
2451,swag,cmdutils/v0.28.0,Transitive Dependency,Apache License 2.0,PERMISSIVE,NOT_REVIEWED,867c3348-f00d-4cc2-96f8-884de0d64cfb,e1df07df-770a-4617-8a62-82478b67b694,7cae335f-1193-421e-92f1-8802b4243e93
2452,swag,conv/v0.28.0,Transitive Dependency,Apache License 2.0,PERMISSIVE,NOT_REVIEWED,867c3348-f00d-4cc2-96f8-884de0d64cfb,a204e601-11b3-41b0-bee8-3f09d6dc947f,7cae335f-1193-421e-92f1-8802b4243e93
2453,swag,fileutils/v0.28.0,Transitive Dependency,Apache License 2.0,PERMISSIVE,NOT_REVIEWED,867c3348-f00d-4cc2-96f8-884de0d64cfb,353e10b7-492a-4081-9c88-a9c9f632b831,7cae335f-1193-421e-92f1-8802b4243e93
2454,swag,jsonname/v0.26.1,Transitive Dependency,Apache License 2.0,PERMISSIVE,NOT_REVIEWED,867c3348-f00d-4cc2-96f8-884de0d64cfb,d7dcfa5e-1123-41c2-b290-394e0d9a75ea,7cae335f-1193-421e-92f1-8802b4243e93
2455,swag,jsonutils/fixtures_test/v0.28.0,Transitive Dependency,Apache License 2.0,PERMISSIVE,NOT_REVIEWED,867c3348-f00d-4cc2-96f8-884de0d64cfb,72bbe41e-7e6c-4196-a8ae-751e5464cc28,7cae335f-1193-421e-92f1-8802b4243e93
2456,swag,jsonutils/v0.28.0,Transitive Dependency,Apache License 2.0,PERMISSIVE,NOT_REVIEWED,867c3348-f00d-4cc2-96f8-884de0d64cfb,c9c91c91-53ed-43ef-9231-ba933c65a8cc,7cae335f-1193-421e-92f1-8802b4243e93
2457,swag,loading/v0.28.0,Transitive Dependency,Apache License 2.0,PERMISSIVE,NOT_REVIEWED,867c3348-f00d-4cc2-96f8-884de0d64cfb,25eed17d-06aa-44c3-aabf-125bb6ca7220,7cae335f-1193-421e-92f1-8802b4243e93
2458,swag,mangling/v0.28.0,Transitive Dependency,Apache License 2.0,PERMISSIVE,NOT_REVIEWED,867c3348-f00d-4cc2-96f8-884de0d64cfb,24091a13-d5d4-4089-8208-bc433ec054cf,7cae335f-1193-421e-92f1-8802b4243e93
2459,swag,netutils/v0.28.0,Transitive Dependency,Apache License 2.0,PERMISSIVE,NOT_REVIEWED,867c3348-f00d-4cc2-96f8-884de0d64cfb,92aa801f-7179-40ae-b9b4-725d58188876,7cae335f-1193-421e-92f1-8802b4243e93
2460,swag,pools/v0.28.0,Transitive Dependency,Apache License 2.0,PERMISSIVE,NOT_REVIEWED,867c3348-f00d-4cc2-96f8-884de0d64cfb,aa34dd92-826d-488b-8aaa-a333ce92873c,7cae335f-1193-421e-92f1-8802b4243e93
2461,swag,stringutils/v0.28.0,Transitive Dependency,Apache License 2.0,PERMISSIVE,NOT_REVIEWED,867c3348-f00d-4cc2-96f8-884de0d64cfb,1c383b7b-c151-4385-b93a-0934442ecd20,7cae335f-1193-421e-92f1-8802b4243e93
2462,swag,typeutils/v0.28.0,Transitive Dependency,Apache License 2.0,PERMISSIVE,NOT_REVIEWED,867c3348-f00d-4cc2-96f8-884de0d64cfb,3be47fbe-bdac-4f37-8d91-11d9d3552ef5,7cae335f-1193-421e-92f1-8802b4243e93
2463,swag,v0.28.0,Transitive Dependency,Apache License 2.0,PERMISSIVE,NOT_REVIEWED,867c3348-f00d-4cc2-96f8-884de0d64cfb,3c630f4c-e5b3-4025-8058-4b8ce92c4e95,7cae335f-1193-421e-92f1-8802b4243e93
2464,swag,yamlutils/v0.28.0,Transitive Dependency,Apache License 2.0,PERMISSIVE,NOT_REVIEWED,867c3348-f00d-4cc2-96f8-884de0d64cfb,1e6f2bd8-5775-4f5f-994c-c353696bc46f,7cae335f-1193-421e-92f1-8802b4243e93
2465,tabbable,6.4.0,Transitive Dependency,MIT License,PERMISSIVE,NOT_REVIEWED,8869757a-3f12-4f8c-b2d3-df319b484a9e,bab9b5fd-f8b7-4d50-87c5-52755e56c9d6,ad705c59-6893-4980-bdbf-0837f1823cc4
2466,tabbable,6.5.0,Transitive Dependency,MIT License,PERMISSIVE,NOT_REVIEWED,8869757a-3f12-4f8c-b2d3-df319b484a9e,85845ce0-d034-46ba-ae5d-3a6d1ca90e32,ad705c59-6893-4980-bdbf-0837f1823cc4
2467,tailwindcss,3.4.0,Direct Dependency,MIT License,PERMISSIVE,NOT_REVIEWED,7fe3a5c1-f0bf-429f-8070-5c77e7bed070,10da062b-ded6-4104-917d-5d1b0498b8e4,ad705c59-6893-4980-bdbf-0837f1823cc4
2468,tailwindcss,3.4.19,Transitive Dependency,MIT License,PERMISSIVE,NOT_REVIEWED,7fe3a5c1-f0bf-429f-8070-5c77e7bed070,74fe0b9c-f53a-42c7-9297-d5613ecd13c2,ad705c59-6893-4980-bdbf-0837f1823cc4
2469,tailwindcss,4.2.2,Direct Dependency,MIT License,PERMISSIVE,NOT_REVIEWED,7fe3a5c1-f0bf-429f-8070-5c77e7bed070,48288ccd-9eef-4765-9383-280ca7ce7d1e,ad705c59-6893-4980-bdbf-0837f1823cc4
2470,tailwindcss,4.3.3,Direct Dependency,MIT License,PERMISSIVE,NOT_REVIEWED,7fe3a5c1-f0bf-429f-8070-5c77e7bed070,d8b9c14f-7d85-4141-9ef7-2470b06712d5,ad705c59-6893-4980-bdbf-0837f1823cc4
2471,tapable,2.3.2,Transitive Dependency,MIT License,PERMISSIVE,NOT_REVIEWED,57930e7e-d515-47d6-923f-31d11df3424a,2ee1d422-8ad7-4180-a645-be838d334516,ad705c59-6893-4980-bdbf-0837f1823cc4
2472,tapable,2.3.3,Transitive Dependency,MIT License,PERMISSIVE,NOT_REVIEWED,57930e7e-d515-47d6-923f-31d11df3424a,84b083b3-75b0-4435-973f-6b49c05c5a1d,ad705c59-6893-4980-bdbf-0837f1823cc4
2473,tapjs/signal-exit,3.0.7,Transitive Dependency,ISC License,PERMISSIVE,NOT_REVIEWED,1984a43c-890f-4b42-80da-bd18c6664889,baf7fd65-5991-420e-be67-ddab1e8ac1da,14b0b50b-acd2-4fc8-ac65-3b15f9e58260
2474,tapjs/signal-exit,4.1.0,Transitive Dependency,ISC License,PERMISSIVE,NOT_REVIEWED,1984a43c-890f-4b42-80da-bd18c6664889,edb20b0a-b602-4875-a6d2-fe514b3d9574,14b0b50b-acd2-4fc8-ac65-3b15f9e58260
2475,tar-fs,3.1.2,Transitive Dependency,MIT License,PERMISSIVE,NOT_REVIEWED,e0639de0-1a75-4b18-9cf6-d18ef4bfb0c7,ed58ace9-bf70-4ea2-acd5-639ea032507a,ad705c59-6893-4980-bdbf-0837f1823cc4
2476,tar-stream,3.1.8,Transitive Dependency,MIT License,PERMISSIVE,NOT_REVIEWED,1efa6523-24cf-45ac-9a17-016dae63b687,00d73baf-744b-40c8-a8a4-570d959a32cf,ad705c59-6893-4980-bdbf-0837f1823cc4
2477,tcomb,v3.2.29,Transitive Dependency,MIT License,PERMISSIVE,NOT_REVIEWED,8e93448d-8d5a-476d-a188-fd6cd935460b,25f7a02f-1c03-4249-8cf0-f857a8a66cf4,ad705c59-6893-4980-bdbf-0837f1823cc4
2478,tcomb-validation,3.4.1,Transitive Dependency,MIT License,PERMISSIVE,NOT_REVIEWED,ed4754cd-9a71-425d-a653-e948105680a8,4f52356a-3cd7-4e0f-b36d-9d14b4963a61,ad705c59-6893-4980-bdbf-0837f1823cc4
2479,tdewolff-minify,2.20.19,Transitive Dependency,MIT License,PERMISSIVE,NOT_REVIEWED,b3839a2a-0e95-4d6f-b519-a58d2c8e563c,ffbc83d6-8dd7-4d88-87a6-82ad74a6aec8,ad705c59-6893-4980-bdbf-0837f1823cc4
2480,tdewolff-parse,v2.7.12,Transitive Dependency,MIT License,PERMISSIVE,NOT_REVIEWED,e43ce614-94b8-4702-803f-0b5c8c5abfcd,89f8c716-c8cc-459b-9420-4f22983b7584,ad705c59-6893-4980-bdbf-0837f1823cc4
2481,tetratelabs/wazero,1.9.0,Transitive Dependency,Apache License 2.0,PERMISSIVE,NOT_REVIEWED,4938ad49-32b0-4851-8da6-605a08b0e33a,f9dee4b5-b481-4d63-b463-50d7a2ff5164,7cae335f-1193-421e-92f1-8802b4243e93
2482,theckman/httpforwarded,v0.4.0,Transitive Dependency,"BSD 3-clause ""New"" or ""Revised"" License",PERMISSIVE,NOT_REVIEWED,a9f3ec1c-ce99-446c-8520-183090f22395,fc8ffe3b-707b-4202-90a5-b40c705b4e0e,3d238144-44e6-450e-b523-3defbdaed9dc
2483,thenify-all,1.6.0,Transitive Dependency,MIT License,PERMISSIVE,NOT_REVIEWED,0d941ccc-c01f-4a1a-9172-35321c7dc25f,d5a91f88-0f53-40e3-bf6c-54eb31cebd97,ad705c59-6893-4980-bdbf-0837f1823cc4
2484,thread-stream,2.7.0,Transitive Dependency,MIT License,PERMISSIVE,NOT_REVIEWED,09405a99-6ea5-44f1-9871-ef567a74d2a4,c0bc7b5c-b365-490c-a7e2-f2f973310439,ad705c59-6893-4980-bdbf-0837f1823cc4
2485,tidwall/btree,v1.6.0,Transitive Dependency,MIT License,PERMISSIVE,NOT_REVIEWED,6bfc1d55-d017-4b36-9cf7-9a47604aacfd,60d89327-c30a-4843-91fe-9679b451a44d,ad705c59-6893-4980-bdbf-0837f1823cc4
2486,tidwall/buntdb,v1.3.0,Transitive Dependency,MIT License,PERMISSIVE,NOT_REVIEWED,adf282aa-d05b-4a12-b429-7d4d79f37b4d,216bedcf-dcb3-47d1-9ad4-de15287f7b18,ad705c59-6893-4980-bdbf-0837f1823cc4
2487,tidwall/gjson,v1.16.0,Transitive Dependency,MIT License,PERMISSIVE,NOT_REVIEWED,798d1500-c6d2-42bb-b68e-0fd2c988aac7,92c879a6-0f6d-4a59-a0ed-3ea36ecf19dd,ad705c59-6893-4980-bdbf-0837f1823cc4
2488,tidwall/grect,v0.1.4,Transitive Dependency,MIT License,PERMISSIVE,NOT_REVIEWED,e39e7f2f-3d98-4a0e-b47a-d6d1b5b59008,dbe6de69-7068-4ef8-b699-9f0cc82be759,ad705c59-6893-4980-bdbf-0837f1823cc4
2489,tidwall/pretty,v1.2.1,Transitive Dependency,MIT License,PERMISSIVE,NOT_REVIEWED,d986a47e-90a1-4c52-b343-c56405bf7ee4,04bd4f9c-7757-492c-8e96-25087b5320f6,ad705c59-6893-4980-bdbf-0837f1823cc4
2490,tidwall/sjson,v1.2.5,Transitive Dependency,MIT License,PERMISSIVE,NOT_REVIEWED,3e70dc1c-69d7-4dc5-b2a6-a0230c411cb7,8fb4a562-b856-45b5-8448-b564277ff990,ad705c59-6893-4980-bdbf-0837f1823cc4
2491,tidwall/tinyqueue,v0.1.1,Transitive Dependency,ISC License,PERMISSIVE,NOT_REVIEWED,9bf4b048-9f5d-4a54-acec-c370581c8d13,8672de23-0d51-4765-ad9d-f02bcb952899,14b0b50b-acd2-4fc8-ac65-3b15f9e58260
2492,timezone-mock,1.4.2,Direct Dependency,MIT License,PERMISSIVE,NOT_REVIEWED,cfcaff1e-1926-4d2b-9e2f-b22e1a1d33bc,056d89f7-cf28-43cd-8379-14b11f970fc3,ad705c59-6893-4980-bdbf-0837f1823cc4
2493,tinybench,2.9.0,Transitive Dependency,MIT License,PERMISSIVE,NOT_REVIEWED,72e5673d-7464-437c-ae51-a7090887866e,4957969a-f6f1-4cff-95cd-b4163c0ab280,ad705c59-6893-4980-bdbf-0837f1823cc4
2494,tinyglobby,0.2.15,Transitive Dependency,MIT License,PERMISSIVE,NOT_REVIEWED,86c97431-daba-4e5e-97d0-615a167162b1,22e4ceed-bfc2-44ff-a84a-dffdf18d461b,ad705c59-6893-4980-bdbf-0837f1823cc4
2495,tinyglobby,0.2.16,Transitive Dependency,MIT License,PERMISSIVE,NOT_REVIEWED,86c97431-daba-4e5e-97d0-615a167162b1,5d605207-b4e5-4d64-acef-73d25cdd3960,ad705c59-6893-4980-bdbf-0837f1823cc4
2496,tinyglobby,0.2.17,Transitive Dependency,MIT License,PERMISSIVE,NOT_REVIEWED,86c97431-daba-4e5e-97d0-615a167162b1,0a44a927-982d-4bb4-922e-dd96cb9650c9,ad705c59-6893-4980-bdbf-0837f1823cc4
2497,tinylib-msgp,v1.6.4,Transitive Dependency,MIT License,PERMISSIVE,NOT_REVIEWED,66aa6f2f-a1e6-44a5-8507-65f5426e919a,f61486f0-2e81-44db-8549-6b8c9e8885ef,ad705c59-6893-4980-bdbf-0837f1823cc4
2498,tinyspy,3.0.2,Transitive Dependency,MIT License,PERMISSIVE,NOT_REVIEWED,33be9ae9-c570-4597-9bee-c0e290be288a,cbe2c6a8-eb2f-4d8c-85a0-f20324383b54,ad705c59-6893-4980-bdbf-0837f1823cc4
2499,tklauser/numcpus,v0.12.0,Transitive Dependency,Apache License 2.0,PERMISSIVE,NOT_REVIEWED,7f38760e-65e0-47e5-86b2-548af9b99a4a,46e0dcaa-038a-43dc-acad-312ac137f4c9,7cae335f-1193-421e-92f1-8802b4243e93
2500,tldts-core,6.1.86,Transitive Dependency,MIT License,PERMISSIVE,NOT_REVIEWED,95bf1201-67fd-414a-9356-d0b204eacc1a,5c39bc10-38a2-48f0-8fb9-8a5f73d34696,ad705c59-6893-4980-bdbf-0837f1823cc4
2501,tldts-core,7.0.28,Transitive Dependency,MIT License,PERMISSIVE,NOT_REVIEWED,95bf1201-67fd-414a-9356-d0b204eacc1a,ba6e1891-963e-4432-a6a8-be0677934340,ad705c59-6893-4980-bdbf-0837f1823cc4
2502,to-regex-range,5.0.1,Transitive Dependency,MIT License,PERMISSIVE,NOT_REVIEWED,b084fdef-0689-4175-8d31-6e46e34fedea,4e38181d-b142-45fa-94aa-3a32218cd91e,ad705c59-6893-4980-bdbf-0837f1823cc4
2503,toidentifier,1.0.1,Transitive Dependency,MIT License,PERMISSIVE,NOT_REVIEWED,ee40f205-6e65-4811-89b2-1d9d524dd4af,b5fbda34-0d0f-445a-8dae-4cb59dd79f3a,ad705c59-6893-4980-bdbf-0837f1823cc4
2504,toposort,2.0.2,Transitive Dependency,MIT License,PERMISSIVE,NOT_REVIEWED,e9efe26a-aab4-4ebd-aa5a-5bd537bb8ba7,301d6dfe-6737-47ac-a850-3d76867c32bf,ad705c59-6893-4980-bdbf-0837f1823cc4
2505,totalist,3.0.1,Transitive Dependency,MIT License,PERMISSIVE,NOT_REVIEWED,8eb77713-4577-4d16-88fa-b76ab2d48dd6,1a34ff05-8277-47d8-989a-1341375bd263,ad705c59-6893-4980-bdbf-0837f1823cc4
2506,tqdm,4.66.0,Direct Dependency,(MIT License OR Mozilla Public License 2.0),"PERMISSIVE,WEAK_RECIPROCAL",NOT_REVIEWED,ccb750cb-70f4-450b-979b-bc403c947137,a0f78ac0-c190-4404-bb0b-73da40da84ff,"ad705c59-6893-4980-bdbf-0837f1823cc4,ce3dd63e-c569-4cea-986a-46bc5efe9896"
2507,trailofbits/go-mutexasserts,20250514-snapshot-c1f3d2e3,Transitive Dependency,MIT License,PERMISSIVE,NOT_REVIEWED,d91f6a44-1255-41aa-b242-e51f744d4d9d,e2aa4d10-14e9-4bcc-b2ed-f781333a9adf,ad705c59-6893-4980-bdbf-0837f1823cc4
2508,tree-kill,v1.2.2,Transitive Dependency,MIT License,PERMISSIVE,NOT_REVIEWED,d881c9cf-1cd5-466b-a890-4edbb3b34e8f,8e9d94d4-704e-4be3-8f79-674cb4869f79,ad705c59-6893-4980-bdbf-0837f1823cc4
2509,ts-algebra,2.0.0,Transitive Dependency,MIT License,PERMISSIVE,NOT_REVIEWED,67617d7f-ce8f-4b78-9493-d265a50c6ba6,3ee78c3c-13bc-4949-90dd-a524bf61fe8e,ad705c59-6893-4980-bdbf-0837f1823cc4
2510,ts-dedent,2.2.0,Transitive Dependency,MIT License,PERMISSIVE,NOT_REVIEWED,86e31224-35af-4087-b438-cf0c8d692269,f83bf7e9-259a-4490-8638-fb89f6a89ce1,ad705c59-6893-4980-bdbf-0837f1823cc4
2511,ts-dedent,2.3.0,Transitive Dependency,MIT License,PERMISSIVE,NOT_REVIEWED,86e31224-35af-4087-b438-cf0c8d692269,cf1cd8ef-5e02-44d8-8a70-931c12b10e79,ad705c59-6893-4980-bdbf-0837f1823cc4
2512,ts-deepmerge,8.0.0,Transitive Dependency,ISC License,PERMISSIVE,NOT_REVIEWED,bbe81273-f8e8-4549-acb0-4ce5e60f6174,4abf35ef-fef7-4079-b10e-ed46d86f66aa,14b0b50b-acd2-4fc8-ac65-3b15f9e58260
2513,ts-jest,29.1.0,Direct Dependency,MIT License,PERMISSIVE,NOT_REVIEWED,87beae03-7c38-4e67-ab7c-edce22191314,013477da-0f0b-44ea-a728-31e0b7ea9506,ad705c59-6893-4980-bdbf-0837f1823cc4
2514,ts-loader,9.4.3,Direct Dependency,MIT License,PERMISSIVE,NOT_REVIEWED,91ada30c-fa92-4e0d-82d1-e65d10b2209c,6d1e9234-0b57-448f-98e8-bbe25a1cb37d,ad705c59-6893-4980-bdbf-0837f1823cc4
2515,ts-loader,9.6.1,Direct Dependency,MIT License,PERMISSIVE,NOT_REVIEWED,91ada30c-fa92-4e0d-82d1-e65d10b2209c,1b07f2b8-5711-44b8-be2b-ce91c41dc318,ad705c59-6893-4980-bdbf-0837f1823cc4
2516,tsconfig-paths,4.2.0,Transitive Dependency,MIT License,PERMISSIVE,NOT_REVIEWED,2d83cc87-8a2a-4b46-ac71-80127b6ed20b,b355a0f8-dcb1-4a8e-892e-718ea8fe926c,ad705c59-6893-4980-bdbf-0837f1823cc4
2517,tsx,4.22.4,Transitive Dependency,MIT License,PERMISSIVE,NOT_REVIEWED,73a4446d-f8b6-46e0-90a2-2c8e86902806,325aaa61-3a0c-415c-8a4a-9b2877961290,ad705c59-6893-4980-bdbf-0837f1823cc4
2518,tunnel-agent,0.6.0,Transitive Dependency,Apache License 2.0,PERMISSIVE,NOT_REVIEWED,8249c272-e129-456e-a89e-cb62cd1ea01a,1d4362ec-5ce4-4726-9938-2c51778f3912,7cae335f-1193-421e-92f1-8802b4243e93
2519,tw-animate-css,1.4.0,Direct Dependency,MIT License,PERMISSIVE,NOT_REVIEWED,69ae2c58-c976-4802-a80c-fcfcea8051e8,d8d176ac-6230-417f-9859-86817c6611d1,ad705c59-6893-4980-bdbf-0837f1823cc4
2520,tweetnacl-js,0.14.5,Transitive Dependency,The Unlicense,PERMISSIVE,NOT_REVIEWED,f0be297a-e27c-46bb-9620-ad37dd74c311,7d1e8c65-f78a-4ac7-abc8-c85c702a5cc9,57b1f355-a0a0-4f5e-b4dd-019296e4eda6
2521,twitchtv/twirp,v8.1.3,Transitive Dependency,Apache License 2.0,PERMISSIVE,NOT_REVIEWED,3afe270f-c858-4c42-95e1-02116ca9ad10,d3ebb606-8b11-47f9-8aa1-7b51ec454ccc,7cae335f-1193-421e-92f1-8802b4243e93
2522,twmb/franz-go,20260515-snapshot-8268a5d0,Transitive Dependency,"BSD 3-clause ""New"" or ""Revised"" License",PERMISSIVE,NOT_REVIEWED,a7512e8b-d98b-47d7-829f-d3bb0f366035,52d3cf4c-8fcf-46c6-a035-92719d4b5653,3d238144-44e6-450e-b523-3defbdaed9dc
2523,twmb/franz-go,pkg/kmsg/v1.13.1,Transitive Dependency,"BSD 3-clause ""New"" or ""Revised"" License",PERMISSIVE,NOT_REVIEWED,a7512e8b-d98b-47d7-829f-d3bb0f366035,2d204592-258d-45f8-aebb-1496a4472e66,3d238144-44e6-450e-b523-3defbdaed9dc
2524,twmb/franz-go,plugin/kslog/v1.0.0,Transitive Dependency,"BSD 3-clause ""New"" or ""Revised"" License",PERMISSIVE,NOT_REVIEWED,a7512e8b-d98b-47d7-829f-d3bb0f366035,e8d2deb0-ebd1-414e-a831-c3adc28eeaa0,3d238144-44e6-450e-b523-3defbdaed9dc
2525,twmb/franz-go,v1.21.5,Transitive Dependency,"BSD 3-clause ""New"" or ""Revised"" License",PERMISSIVE,NOT_REVIEWED,a7512e8b-d98b-47d7-829f-d3bb0f366035,a5c7c957-4383-4291-955a-91e6ff23e793,3d238144-44e6-450e-b523-3defbdaed9dc
2526,type-fest,0.8.1,Transitive Dependency,(MIT License OR Creative Commons Zero v1.0 Universal),PERMISSIVE,NOT_REVIEWED,ea18e330-c4d6-4a61-a151-5ea44cefe3e5,30a1b2fe-8b20-4290-991a-254ab29a4975,"ad705c59-6893-4980-bdbf-0837f1823cc4,a7c69599-62b6-4d06-9ec6-ea688c041c00"
2527,type-fest,2.19.0,Transitive Dependency,(MIT License OR Creative Commons Zero v1.0 Universal),PERMISSIVE,NOT_REVIEWED,ea18e330-c4d6-4a61-a151-5ea44cefe3e5,2c40baa3-8f08-4993-9054-9eacdb79a88a,"ad705c59-6893-4980-bdbf-0837f1823cc4,a7c69599-62b6-4d06-9ec6-ea688c041c00"
2528,type-fest,4.41.0,Transitive Dependency,(MIT License OR Creative Commons Zero v1.0 Universal),PERMISSIVE,NOT_REVIEWED,ea18e330-c4d6-4a61-a151-5ea44cefe3e5,50f7a76a-a166-4ec5-a682-2cf01998a488,"ad705c59-6893-4980-bdbf-0837f1823cc4,a7c69599-62b6-4d06-9ec6-ea688c041c00"
2529,type-fest,5.6.0,Transitive Dependency,(MIT License OR Creative Commons Zero v1.0 Universal),PERMISSIVE,NOT_REVIEWED,ea18e330-c4d6-4a61-a151-5ea44cefe3e5,caec058c-a063-4c64-ba46-b4c50a1fe5b1,"ad705c59-6893-4980-bdbf-0837f1823cc4,a7c69599-62b6-4d06-9ec6-ea688c041c00"
2530,type-fest,5.7.0,Transitive Dependency,(MIT License OR Creative Commons Zero v1.0 Universal),PERMISSIVE,NOT_REVIEWED,ea18e330-c4d6-4a61-a151-5ea44cefe3e5,e84f29d5-984a-48a2-a726-1b12d4f6f263,"ad705c59-6893-4980-bdbf-0837f1823cc4,a7c69599-62b6-4d06-9ec6-ea688c041c00"
2531,type-is,2.0.1,Transitive Dependency,MIT License,PERMISSIVE,NOT_REVIEWED,7a022159-5384-47f3-a821-667c4c4caa79,d72a1ea9-693f-4dcf-a6b3-74b1457e75b6,ad705c59-6893-4980-bdbf-0837f1823cc4
2532,typed-query-selector,2.12.1,Transitive Dependency,MIT License,PERMISSIVE,NOT_REVIEWED,15e9020a-c0f2-4af9-8baf-07e0dcf92794,bc91ad4f-2bf8-4ea2-9db6-95686fa5ba45,ad705c59-6893-4980-bdbf-0837f1823cc4
2533,uber-go/atomic,v1.11.0,Transitive Dependency,MIT License,PERMISSIVE,NOT_REVIEWED,c558b07a-e763-4f7e-b160-a33bc4349b1c,8fc1b4b9-13cb-4eb2-9c27-9de804f1c5b7,ad705c59-6893-4980-bdbf-0837f1823cc4
2534,ufo,1.6.3,Transitive Dependency,MIT License,PERMISSIVE,NOT_REVIEWED,3660a9a7-60b9-4722-848e-9e33e5d73ce3,c91d2209-326a-408d-8f0b-2e8dae999cf4,ad705c59-6893-4980-bdbf-0837f1823cc4
2535,unbzip2-stream,1.4.3,Transitive Dependency,MIT License,PERMISSIVE,NOT_REVIEWED,47415033-06d7-469e-bde0-067addc70fd8,b770990b-4153-4b32-b300-b93a382d51ef,ad705c59-6893-4980-bdbf-0837f1823cc4
2536,undici-types,7.16.0,Transitive Dependency,MIT License,PERMISSIVE,NOT_REVIEWED,f5fa01f4-ba9a-4ced-942e-9420a0f3af35,b53d35df-383f-4711-bef3-00a4defed856,ad705c59-6893-4980-bdbf-0837f1823cc4
2537,undici-types,7.24.6,Transitive Dependency,MIT License,PERMISSIVE,NOT_REVIEWED,f5fa01f4-ba9a-4ced-942e-9420a0f3af35,974f4927-84b1-4fdb-9d13-347387aca100,ad705c59-6893-4980-bdbf-0837f1823cc4
2538,undici-types,8.9.0,Transitive Dependency,MIT License,PERMISSIVE,NOT_REVIEWED,f5fa01f4-ba9a-4ced-942e-9420a0f3af35,de02c742-db35-47e0-8f0a-34a8b1afac32,ad705c59-6893-4980-bdbf-0837f1823cc4
2539,unicorn-magic,0.3.0,Transitive Dependency,MIT License,PERMISSIVE,NOT_REVIEWED,50729add-2b2e-4346-b5fb-088c562f0686,9175be48-7f88-4de6-b7e1-1b436f3e1e2a,ad705c59-6893-4980-bdbf-0837f1823cc4
2540,unicorn-magic,0.4.0,Transitive Dependency,MIT License,PERMISSIVE,NOT_REVIEWED,50729add-2b2e-4346-b5fb-088c562f0686,b619e7be-003e-4bcf-ac45-89c92f5180cc,ad705c59-6893-4980-bdbf-0837f1823cc4
2541,unpipe,1.0.0,Transitive Dependency,MIT License,PERMISSIVE,NOT_REVIEWED,b00a0342-188d-4acd-80a7-efe47eada3cf,16f521fb-8349-47ef-bc2d-c8dc86381a5e,ad705c59-6893-4980-bdbf-0837f1823cc4
2542,until-async,3.0.2,Transitive Dependency,MIT License,PERMISSIVE,NOT_REVIEWED,ce8bba5d-7e79-471d-a407-d6cd7e10ac73,f894f8ea-5cbb-47a6-be19-83be936a7aff,ad705c59-6893-4980-bdbf-0837f1823cc4
2543,uptrace/bun,dialect/sqlitedialect/v1.1.17,Transitive Dependency,"BSD 2-clause ""Simplified"" License",PERMISSIVE,NOT_REVIEWED,32c2886b-6fdb-48d5-96bc-c37d0d375656,e40a57db-62cf-492b-a2c6-0f75a7f52733,cc875133-df38-4806-9921-473e0ef01a87
2544,uptrace/bun,v1.1.17,Transitive Dependency,"BSD 2-clause ""Simplified"" License",PERMISSIVE,NOT_REVIEWED,32c2886b-6fdb-48d5-96bc-c37d0d375656,d12506ab-9852-4998-8f16-4334b4285a85,cc875133-df38-4806-9921-473e0ef01a87
2545,use-sidecar,1.1.3,Transitive Dependency,MIT License,PERMISSIVE,NOT_REVIEWED,541b9f54-49b9-4562-b27b-a88a810ca5fd,14191576-d857-4159-8256-c998f83cddd7,ad705c59-6893-4980-bdbf-0837f1823cc4
2546,use-sync-external-store,1.6.0,Transitive Dependency,MIT License,PERMISSIVE,NOT_REVIEWED,7186641d-690e-47e6-8ba5-746104142163,3bc7f939-7ba5-4f40-aacb-0066fc6222fb,ad705c59-6893-4980-bdbf-0837f1823cc4
2547,util,0.10.4,Transitive Dependency,MIT License,PERMISSIVE,NOT_REVIEWED,e00b9fd9-47bb-46b8-b05f-e6b9d755b727,0c5529bc-5357-44b6-865f-24f3b51af1d2,ad705c59-6893-4980-bdbf-0837f1823cc4
2548,validate-npm-package-license,3.0.4,Transitive Dependency,Apache License 2.0,PERMISSIVE,NOT_REVIEWED,0b9dcab8-8254-4f4a-b2a0-3903de818688,b47edf63-fd9b-40d7-bc42-9908e01ea98e,7cae335f-1193-421e-92f1-8802b4243e93
2549,validate-npm-package-name,7.0.2,Transitive Dependency,ISC License,PERMISSIVE,NOT_REVIEWED,204fbdf1-4518-4f5b-8c41-80feca26eea4,f5d8e073-c79a-43b6-95df-5480e14cb31b,14b0b50b-acd2-4fc8-ac65-3b15f9e58260
2550,valkey-io/valkey-go,v1.0.56,Transitive Dependency,Apache License 2.0,PERMISSIVE,NOT_REVIEWED,167807ba-26e1-4cca-82ff-af7e5714b101,ddf8a60d-161a-4d18-88ad-963c5c33b4aa,7cae335f-1193-421e-92f1-8802b4243e93
2551,valyala/bytebufferpool,v1.0.0,Transitive Dependency,MIT License,PERMISSIVE,NOT_REVIEWED,132861d8-258c-4ec4-a3eb-b4ddd3165ad2,392b1174-7e57-4e64-86a1-e1b32e071716,ad705c59-6893-4980-bdbf-0837f1823cc4
2552,vaul-svelte,1.0.0-next.7,Direct Dependency,MIT License,PERMISSIVE,NOT_REVIEWED,d75a1aba-2d60-460f-8e73-ac9fd29b3887,59817f64-b79f-4a94-878f-fcc7c9859d44,ad705c59-6893-4980-bdbf-0837f1823cc4
2553,vault project,api/v1.9.2,Transitive Dependency,Mozilla Public License 2.0,WEAK_RECIPROCAL,NOT_REVIEWED,67ca6ae2-63e9-4e4a-8973-26b1e1592521,21ab1d4c-6af3-4cfc-a229-d01a927e73e6,ce3dd63e-c569-4cea-986a-46bc5efe9896
2554,vault project,sdk/v0.9.2,Transitive Dependency,Mozilla Public License 2.0,WEAK_RECIPROCAL,NOT_REVIEWED,67ca6ae2-63e9-4e4a-8973-26b1e1592521,1c4d37c3-cf64-40ea-862d-2d25aaaf2738,ce3dd63e-c569-4cea-986a-46bc5efe9896
2555,verror,1.10.0,Transitive Dependency,MIT License,PERMISSIVE,NOT_REVIEWED,0cd41b50-fcb2-4b33-a86d-0297ef87a161,f867f4d8-dea5-4903-95ed-481406ab9d39,ad705c59-6893-4980-bdbf-0837f1823cc4
2556,vitejs,5.4.21,Transitive Dependency,MIT License,PERMISSIVE,NOT_REVIEWED,e1530fda-3ada-46bf-a20a-9fdfa9b43c81,44fb6f1c-21c1-4953-b66e-8f256d320459,ad705c59-6893-4980-bdbf-0837f1823cc4
2557,vitejs,7.3.2,Direct Dependency,MIT License,PERMISSIVE,NOT_REVIEWED,e1530fda-3ada-46bf-a20a-9fdfa9b43c81,5d63a2f5-5e49-4f03-9f9d-82a32914eb24,ad705c59-6893-4980-bdbf-0837f1823cc4
2558,vitejs,8.3.1,Direct Dependency,MIT License,PERMISSIVE,NOT_REVIEWED,e1530fda-3ada-46bf-a20a-9fdfa9b43c81,31bc6e98-6df3-4419-9056-e924ccad3f81,ad705c59-6893-4980-bdbf-0837f1823cc4
2559,vmihailenco/bufpool,v0.1.11,Transitive Dependency,MIT License,PERMISSIVE,NOT_REVIEWED,734da4de-721b-46d8-9084-a4553e37c133,59fdbd17-5fea-417d-abad-4ef4f91219f1,ad705c59-6893-4980-bdbf-0837f1823cc4
2560,vmihailenco/msgpack,v2.9.2,Transitive Dependency,"BSD 2-clause ""Simplified"" License",PERMISSIVE,NOT_REVIEWED,9484b998-26ea-4d32-87d9-828e0488a26e,363dd24c-27fc-47a3-b8a8-74cb06bcbd12,cc875133-df38-4806-9921-473e0ef01a87
2561,vmihailenco/msgpack,v4.3.13,Transitive Dependency,"BSD 2-clause ""Simplified"" License",PERMISSIVE,NOT_REVIEWED,9484b998-26ea-4d32-87d9-828e0488a26e,6d0a543e-73d4-4117-a56b-94122739de43,cc875133-df38-4806-9921-473e0ef01a87
2562,vmihailenco/msgpack,v5.4.1,Transitive Dependency,"BSD 2-clause ""Simplified"" License",PERMISSIVE,NOT_REVIEWED,9484b998-26ea-4d32-87d9-828e0488a26e,520e7b1c-7051-4998-91c8-53ec9b11e566,cc875133-df38-4806-9921-473e0ef01a87
2563,vscode-languageserver-node,1.0.12,Transitive Dependency,MIT License,PERMISSIVE,NOT_REVIEWED,0f4c72e2-cca1-4b75-8164-5e615f6e26d0,f136679c-e184-4f33-adaf-6fa392c036be,ad705c59-6893-4980-bdbf-0837f1823cc4
2564,vscode-languageserver-node,3.17.5,Transitive Dependency,MIT License,PERMISSIVE,NOT_REVIEWED,0f4c72e2-cca1-4b75-8164-5e615f6e26d0,1195594b-7404-4f6f-a1a2-a42e380b3a3e,ad705c59-6893-4980-bdbf-0837f1823cc4
2565,vscode-languageserver-types,3.17.5,Transitive Dependency,MIT License,PERMISSIVE,NOT_REVIEWED,e48319a6-1f38-4bac-8d07-19ab63f0c130,96ea031b-7c5d-4fd6-9294-105ae4142ef1,ad705c59-6893-4980-bdbf-0837f1823cc4
2566,vultr/govultr,v3.32.0,Transitive Dependency,MIT License,PERMISSIVE,NOT_REVIEWED,be6f26f8-0b4d-48b1-a54b-209553e28001,1638b924-f870-4aea-b643-6f63830604d8,ad705c59-6893-4980-bdbf-0837f1823cc4
2567,webpack-contrib/sass-loader,13.3.1,Direct Dependency,MIT License,PERMISSIVE,NOT_REVIEWED,f8604762-e36f-4f61-8540-e7730ea1ae59,84bf5b14-84ac-4c34-9847-42ae90793809,ad705c59-6893-4980-bdbf-0837f1823cc4
2568,which,2.0.2,Transitive Dependency,ISC License,PERMISSIVE,NOT_REVIEWED,1b70a01c-5e62-4b45-8688-8773aec4fd0c,29de3b1c-aa95-4d86-9900-c203232852f6,14b0b50b-acd2-4fc8-ac65-3b15f9e58260
2569,which,4.0.0,Transitive Dependency,ISC License,PERMISSIVE,NOT_REVIEWED,1b70a01c-5e62-4b45-8688-8773aec4fd0c,2a2ab887-4047-46bf-9fec-370c82d9b783,14b0b50b-acd2-4fc8-ac65-3b15f9e58260
2570,which-boxed-primitive,1.1.1,Transitive Dependency,MIT License,PERMISSIVE,NOT_REVIEWED,ad285dda-1f61-421c-ac1c-39380e20d463,5044d0f0-f577-4043-a4f4-fca5f9a3bd83,ad705c59-6893-4980-bdbf-0837f1823cc4
2571,which-collection,1.0.2,Transitive Dependency,MIT License,PERMISSIVE,NOT_REVIEWED,abb3d0bc-ff37-4be6-81b7-5c84b03451d2,5d572e76-7a6a-4894-a1c7-523662af671a,ad705c59-6893-4980-bdbf-0837f1823cc4
2572,word-wrap,1.2.4,Direct Dependency,MIT License,PERMISSIVE,NOT_REVIEWED,f13f28b9-5971-4b87-a477-6d6df95a95d2,6be59344-bf29-4977-a387-bda69501657a,ad705c59-6893-4980-bdbf-0837f1823cc4
2573,word-wrap,1.2.5,Transitive Dependency,MIT License,PERMISSIVE,NOT_REVIEWED,f13f28b9-5971-4b87-a477-6d6df95a95d2,224e4286-cdcd-48fd-83f3-cca543605fa2,ad705c59-6893-4980-bdbf-0837f1823cc4
2574,workerpool,9.3.4,Transitive Dependency,Apache License 2.0,PERMISSIVE,NOT_REVIEWED,61c3cf9d-839d-4406-a4d8-b17d29f144e1,d36b81df-1e22-40b6-8909-79916ec7333f,7cae335f-1193-421e-92f1-8802b4243e93
2575,x448/float16,v0.8.4,Transitive Dependency,MIT License,PERMISSIVE,NOT_REVIEWED,69cfe88e-e378-4657-8a60-32ae6691cb6f,4c3e3591-3310-4862-9bfd-27365c2b521a,ad705c59-6893-4980-bdbf-0837f1823cc4
2576,xdg-go/scram,v1.1.2,Transitive Dependency,Apache License 2.0,PERMISSIVE,NOT_REVIEWED,d1a288bc-3f8f-4c85-934d-47d052130607,a8d25da5-0298-4b6f-9604-efe3b1aac192,7cae335f-1193-421e-92f1-8802b4243e93
2577,xml-name-validator,5.0.0,Transitive Dependency,Apache License 2.0,PERMISSIVE,NOT_REVIEWED,01d60c91-574d-41ad-9fda-98f0254c25ec,f7d3fc35-5c85-49b7-8d3b-85bd65b23bcb,7cae335f-1193-421e-92f1-8802b4243e93
2578,xmlchars,2.2.0,Transitive Dependency,MIT License,PERMISSIVE,NOT_REVIEWED,15f40b10-5e2b-4105-be89-927521e60c48,eb027058-955a-4e30-8d0b-a43cee821d0e,ad705c59-6893-4980-bdbf-0837f1823cc4
2579,yallist,3.1.1,Transitive Dependency,ISC License,PERMISSIVE,NOT_REVIEWED,1b858c9e-0352-40bf-93b8-8c66b9b82bce,93ca1fc4-be20-44c9-adc6-d6a7bb5aad9f,14b0b50b-acd2-4fc8-ac65-3b15f9e58260
2580,yaml,1.10.3,Transitive Dependency,ISC License,PERMISSIVE,NOT_REVIEWED,4fd2889e-1952-46f3-bd81-2ae55ec9a6d9,0c33d1b9-f17d-4e00-a411-61ac79d26bdc,14b0b50b-acd2-4fc8-ac65-3b15f9e58260
2581,yaml,2.9.0,Transitive Dependency,ISC License,PERMISSIVE,NOT_REVIEWED,4fd2889e-1952-46f3-bd81-2ae55ec9a6d9,ad49d8f4-c33b-406c-b00f-c6a69a4afff8,14b0b50b-acd2-4fc8-ac65-3b15f9e58260
2582,yargs,15.3.1,Transitive Dependency,MIT License,PERMISSIVE,NOT_REVIEWED,200f4b9c-38e8-409b-a30f-67f55d96a54a,60a5c3aa-29af-4d8a-9ce7-1c88b45de55e,ad705c59-6893-4980-bdbf-0837f1823cc4
2583,yargs,17.7.2,Transitive Dependency,MIT License,PERMISSIVE,NOT_REVIEWED,200f4b9c-38e8-409b-a30f-67f55d96a54a,b5bcaacd-a8cb-4346-848d-0a2d47250728,ad705c59-6893-4980-bdbf-0837f1823cc4
2584,yosssi/ace,0.0.5,Transitive Dependency,MIT License,PERMISSIVE,NOT_REVIEWED,cdd627d8-0885-4016-8f1b-e4d19091552d,da98a762-9b96-47eb-aa16-d6674d0e3024,ad705c59-6893-4980-bdbf-0837f1823cc4
2585,youmark/pkcs8,20240726-snapshot-a2c0da24,Transitive Dependency,MIT License,PERMISSIVE,NOT_REVIEWED,40329ac0-3234-43ee-a345-b07066153738,deb8be07-bb1c-4079-96b3-7aa289b98400,ad705c59-6893-4980-bdbf-0837f1823cc4
2586,zeebo/assert,v1.3.0,Transitive Dependency,Creative Commons Zero v1.0 Universal,PERMISSIVE,NOT_REVIEWED,93e551e0-8ce2-4968-9605-1c52d691d079,5fa40a3b-6814-4884-9a31-37b501ead7ad,a7c69599-62b6-4d06-9ec6-ea688c041c00
2587,zeebo/errs,v1.4.0,Transitive Dependency,MIT License,PERMISSIVE,NOT_REVIEWED,0aa3fb78-dd4e-47ad-9bc1-5918d6cc8137,0b9fb6bb-7b6e-4b56-b0c1-f7fc74e78e45,ad705c59-6893-4980-bdbf-0837f1823cc4
2588,zeebo/xxh3,v1.1.0,Transitive Dependency,"BSD 2-clause ""Simplified"" License",PERMISSIVE,NOT_REVIEWED,3b1c26c9-6b3c-476a-82b1-f51d4d6739bf,c70c5503-f9a6-4760-b726-48f56ebdb67b,cc875133-df38-4806-9921-473e0ef01a87
2589,zimmerframe,1.1.5,Transitive Dependency,MIT License,PERMISSIVE,NOT_REVIEWED,6567ef75-f8f2-425c-ba7e-720493b40938,f98f72a3-e3c3-44db-90b8-7e219dca9aa3,ad705c59-6893-4980-bdbf-0837f1823cc4
2590,zod-to-json-schema,3.25.2,Transitive Dependency,ISC License,PERMISSIVE,NOT_REVIEWED,41fd8fdb-82ac-4827-9933-e78c4b9e33ff,1b13bb60-7ae0-426f-acc9-e218ad9c2472,14b0b50b-acd2-4fc8-ac65-3b15f9e58260
2591,zod-validation-error,4.0.2,Transitive Dependency,MIT License,PERMISSIVE,NOT_REVIEWED,67855ed6-cec3-46ab-a6a9-265d699c9b07,c6c46967-a808-4371-9914-5be45738715e,ad705c59-6893-4980-bdbf-0837f1823cc4
2592,zorkian/go-datadog-api,v2.30.0,Transitive Dependency,"BSD 3-clause ""New"" or ""Revised"" License",PERMISSIVE,NOT_REVIEWED,ea0f07d5-743d-49b9-91cf-78168b75c241,9348c84e-4ea6-49ec-a085-e4bf6b5d1418,3d238144-44e6-450e-b523-3defbdaed9dc
2593,@babel/runtime,7.29.2,Transitive Dependency,MIT License,PERMISSIVE,NOT_REVIEWED,ad5ac329-c2d6-4956-b653-ba22ca55f04b,4636c09c-6a68-40b5-bbaa-edd4d0855e22,ad705c59-6893-4980-bdbf-0837f1823cc4
2594,@babel/runtime,7.29.7,Transitive Dependency,MIT License,PERMISSIVE,NOT_REVIEWED,ad5ac329-c2d6-4956-b653-ba22ca55f04b,59daa473-f274-4cb8-86f6-ed30ee95ac6c,ad705c59-6893-4980-bdbf-0837f1823cc4
2595,@cucumber/ci-environment,13.0.0,Transitive Dependency,MIT License,PERMISSIVE,NOT_REVIEWED,418c20ec-85d6-40f2-a6eb-687d01411305,fb08df90-b60a-42e4-9350-bc13af516c8c,ad705c59-6893-4980-bdbf-0837f1823cc4
2596,@open-draft/until,2.1.0,Transitive Dependency,MIT License,PERMISSIVE,NOT_REVIEWED,f187408f-55b8-46d3-9c90-12a399f1126e,431cfe1a-2652-43db-bfeb-e9697cb9f5b1,ad705c59-6893-4980-bdbf-0837f1823cc4
2597,@radix-ui/react-id,1.1.1,Transitive Dependency,MIT License,PERMISSIVE,NOT_REVIEWED,15d06b46-0d7e-496a-b17a-e58754130c78,89b7a878-4e1e-44ff-adfa-4b6a0f538483,ad705c59-6893-4980-bdbf-0837f1823cc4
2598,@rollup/rollup-win32-x64-gnu,4.60.2,Transitive Dependency,MIT License,PERMISSIVE,NOT_REVIEWED,a7e2d95d-ac5a-4149-a5ea-19fa94f295d2,a43a3113-f693-46b0-9fb6-46b56aac8b4a,ad705c59-6893-4980-bdbf-0837f1823cc4
2599,@storybook/preset-scss,1.0.3,Direct Dependency,MIT License,PERMISSIVE,NOT_REVIEWED,e883b419-0ecc-42ca-a41f-51d2f91cd4b7,1eefed4a-3193-4ce0-9b91-adad4c94abb3,ad705c59-6893-4980-bdbf-0837f1823cc4
2600,@sveltejs/load-config,0.2.3,Transitive Dependency,MIT License,PERMISSIVE,NOT_REVIEWED,2522ffa7-03a1-4ad2-baa5-b40460a25c7b,785f6f67-eb39-4897-ad18-32615123a815,ad705c59-6893-4980-bdbf-0837f1823cc4
2601,@tootallnate/quickjs-emscripten,0.23.0,Transitive Dependency,MIT License,PERMISSIVE,NOT_REVIEWED,3736740c-20d0-41fb-8505-d8097e7d00d8,90e2ab09-dbca-4f4f-984a-d5e2106709bb,ad705c59-6893-4980-bdbf-0837f1823cc4
2602,@types/aria-query,5.0.4,Transitive Dependency,MIT License,PERMISSIVE,NOT_REVIEWED,18883b8c-8fbc-4070-9334-d07951a41deb,c6cf8dad-8ec8-4f92-8e81-de04fb60aaa5,ad705c59-6893-4980-bdbf-0837f1823cc4
2603,@types/react-plotly.js,2.6.3,Direct Dependency,MIT License,PERMISSIVE,NOT_REVIEWED,b69d8a01-20b3-4804-9b77-8ad9cfd90474,97636907-aec6-4c58-b319-5c7792b3e6b3,ad705c59-6893-4980-bdbf-0837f1823cc4
2604,@vue/compiler-dom,3.5.38,Transitive Dependency,MIT License,PERMISSIVE,NOT_REVIEWED,9a18448d-1686-4b2b-87ef-a87bbbc695c6,fa19b5a4-0792-46ab-a861-4ed35a2d80b0,ad705c59-6893-4980-bdbf-0837f1823cc4
2605,@webassemblyjs/wasm-edit,1.14.1,Transitive Dependency,MIT License,PERMISSIVE,NOT_REVIEWED,1299d84f-365e-45fe-9c75-4287bb21c310,6ecbf55e-3f26-49fd-9c13-7a2b34a62d3e,ad705c59-6893-4980-bdbf-0837f1823cc4
2606,@webassemblyjs/wasm-opt,1.14.1,Transitive Dependency,MIT License,PERMISSIVE,NOT_REVIEWED,07a796fc-a16c-4f4d-9e21-7613c06bfc3b,006343f6-11fc-499a-951e-b409a28fcbef,ad705c59-6893-4980-bdbf-0837f1823cc4
2607,ARG,5.0.2,Transitive Dependency,MIT License,PERMISSIVE,NOT_REVIEWED,4b913b75-8ea8-4d81-bdf9-a93939829839,19d228ef-98bd-4977-803b-8441ebc15b5f,ad705c59-6893-4980-bdbf-0837f1823cc4
2608,GoDoc Text,v0.2.0,Transitive Dependency,MIT License,PERMISSIVE,NOT_REVIEWED,fcf8903b-ac17-4a21-a3ed-d12e6e709e40,f5727975-0297-4fdb-9d68-a5d2085e1a0f,ad705c59-6893-4980-bdbf-0837f1823cc4
2609,Masterminds/goutils,v1.1.1,Transitive Dependency,Apache License 2.0,PERMISSIVE,NOT_REVIEWED,bc4fd040-8bc8-4052-bcf6-51a0f3792d37,4d2b8af3-fa31-46f9-ac7c-6d0dc27ee035,7cae335f-1193-421e-92f1-8802b4243e93
2610,acorn-import-phases,1.0.4,Transitive Dependency,MIT License,PERMISSIVE,NOT_REVIEWED,a7da1465-dc13-43a7-9bf9-e4cf561de935,d4f7f394-c148-4a7e-957e-484682dfdee6,ad705c59-6893-4980-bdbf-0837f1823cc4
2611,ajv-formats,2.1.1,Transitive Dependency,MIT License,PERMISSIVE,NOT_REVIEWED,fa74672c-da40-4926-8a92-a832f04b0e16,726265f8-fdb9-4a86-9cea-537c61ab4396,ad705c59-6893-4980-bdbf-0837f1823cc4
2612,ajv-formats,3.0.1,Transitive Dependency,MIT License,PERMISSIVE,NOT_REVIEWED,fa74672c-da40-4926-8a92-a832f04b0e16,17aac18d-bede-4215-a606-a79922d66317,ad705c59-6893-4980-bdbf-0837f1823cc4
2613,arkregex,0.0.10,Transitive Dependency,MIT License,PERMISSIVE,NOT_REVIEWED,c9f9a622-6625-40e0-a17a-e8b42bb22477,947f3c96-40aa-4b27-8c20-3fbcdeef843b,ad705c59-6893-4980-bdbf-0837f1823cc4
2614,axobject-query,4.1.0,Transitive Dependency,Apache License 2.0,PERMISSIVE,NOT_REVIEWED,34fdda2b-1b3e-4988-9eb3-8eb3fe755ad3,bf14261f-293c-48ce-8b82-0660d038ad35,7cae335f-1193-421e-92f1-8802b4243e93
2615,bare-stream,2.8.1,Transitive Dependency,Apache License 2.0,PERMISSIVE,NOT_REVIEWED,1cb7c8f7-c372-4d1b-a84b-dc9747fbf51a,43cb99bb-b7b0-4d4e-a9b7-7a67e76ca1d4,7cae335f-1193-421e-92f1-8802b4243e93
2616,buffer-from,1.1.2,Transitive Dependency,MIT License,PERMISSIVE,NOT_REVIEWED,09372c9b-0cb9-41df-a007-aea2e31613c2,d447ac40-662f-4ef1-a91e-4a70daf4332b,ad705c59-6893-4980-bdbf-0837f1823cc4
2617,chromium-bidi,0.11.0,Transitive Dependency,Apache License 2.0,PERMISSIVE,NOT_REVIEWED,bd930378-ff51-48b4-a1ec-b24c12c81dc6,ac454014-ef66-405f-8625-9ab2352836a5,7cae335f-1193-421e-92f1-8802b4243e93
2618,chzyer/test,20190214-snapshot-a1ea475d,Direct Dependency,MIT License,PERMISSIVE,NOT_REVIEWED,281a237d-a061-4914-9781-07eaab906ce1,0a79fab0-2cab-4a25-9c81-0bc8cf1f71b8,ad705c59-6893-4980-bdbf-0837f1823cc4
2619,core-util-is,1.0.2,Transitive Dependency,MIT License,PERMISSIVE,NOT_REVIEWED,f9c417d0-ee42-4ede-8217-39abbd04a2cf,051ae347-bee9-4065-b1f2-5c0677cba538,ad705c59-6893-4980-bdbf-0837f1823cc4
2620,define-properties,1.2.1,Transitive Dependency,MIT License,PERMISSIVE,NOT_REVIEWED,7cbbff68-4aeb-4428-a33a-f7f85a58543c,95829397-e226-4ad0-8af5-4ba30cf4cf35,ad705c59-6893-4980-bdbf-0837f1823cc4
2621,detective-sass,6.0.2,Transitive Dependency,MIT License,PERMISSIVE,NOT_REVIEWED,a4b71e21-bd93-4f2c-9ffc-b158a9134a66,0ef0c804-cc0d-4fb0-841f-b192201a4795,ad705c59-6893-4980-bdbf-0837f1823cc4
2622,docker-org,v0.9.5,Transitive Dependency,Apache License 2.0,PERMISSIVE,NOT_REVIEWED,89154080-8f98-4dfe-b877-2a21188828cd,723cc2c1-768c-43f4-8403-bae55c11163a,7cae335f-1193-421e-92f1-8802b4243e93
2623,emersion/go-sasl,20241020-snapshot-b788ff22,Transitive Dependency,MIT License,PERMISSIVE,NOT_REVIEWED,8a68eabd-1f5d-4552-880d-b3f90b1ed3d9,2d6a30ee-843e-475e-87b7-9eea4a90acf3,ad705c59-6893-4980-bdbf-0837f1823cc4
2624,eslint-plugin-prettier,4.2.1,Direct Dependency,MIT License,PERMISSIVE,NOT_REVIEWED,bafa2cad-8476-468a-8e19-faaa643aefa5,4a16779d-6a55-488a-8765-a478c33cf175,ad705c59-6893-4980-bdbf-0837f1823cc4
2625,eslint-plugin-prettier,5.5.5,Direct Dependency,MIT License,PERMISSIVE,NOT_REVIEWED,bafa2cad-8476-468a-8e19-faaa643aefa5,c4179e2e-804b-4b54-95c9-32347df7ab2a,ad705c59-6893-4980-bdbf-0837f1823cc4
2626,expressjs/express,5.2.1,Transitive Dependency,MIT License,PERMISSIVE,NOT_REVIEWED,daad87fb-2f05-47c9-a652-b0264b5abffe,6a92f31a-f2b5-455a-a9a5-f4de158a96d2,ad705c59-6893-4980-bdbf-0837f1823cc4
2627,fast-diff,1.3.0,Transitive Dependency,Apache License 2.0,PERMISSIVE,NOT_REVIEWED,39206404-98d9-44e6-8839-b1c202a1012e,b7760a3d-c6b1-4da9-8e99-085df89be5a3,7cae335f-1193-421e-92f1-8802b4243e93
2628,fast-glob,3.3.3,Transitive Dependency,MIT License,PERMISSIVE,NOT_REVIEWED,5d403366-76e1-44d5-80e9-38dc8d012543,11fc6af6-d597-4815-b5b9-4cf32dd2d1d3,ad705c59-6893-4980-bdbf-0837f1823cc4
2629,fast-json-stable-stringify,2.1.0,Transitive Dependency,MIT License,PERMISSIVE,NOT_REVIEWED,ffa6e05c-21eb-40a5-9027-dffc5322b4dc,04b8616f-efb6-4262-b7de-d8fc9ac60ab7,ad705c59-6893-4980-bdbf-0837f1823cc4
2630,figures,3.2.0,Transitive Dependency,MIT License,PERMISSIVE,NOT_REVIEWED,0f8d321d-e3dc-4de4-bed0-1de51f192c82,7242fb44-8da9-4c45-8567-0ce688685d22,ad705c59-6893-4980-bdbf-0837f1823cc4
2631,figures,6.1.0,Transitive Dependency,MIT License,PERMISSIVE,NOT_REVIEWED,0f8d321d-e3dc-4de4-bed0-1de51f192c82,e0f7a787-e527-477c-b4ee-9c4499788037,ad705c59-6893-4980-bdbf-0837f1823cc4
2632,fork-ts-checker-webpack-plugin,8.0.0,Direct Dependency,MIT License,PERMISSIVE,NOT_REVIEWED,3b7c92f5-30ff-4774-95d1-1b4542dcb3c5,13c7c8b5-5415-4a6a-884e-3509e9087383,ad705c59-6893-4980-bdbf-0837f1823cc4
2633,get-east-asian-width,1.5.0,Transitive Dependency,MIT License,PERMISSIVE,NOT_REVIEWED,0f5e98fe-603d-4a30-851a-15abdd298db1,48a10245-4ac0-4a30-9247-f4a2c5bc75a1,ad705c59-6893-4980-bdbf-0837f1823cc4
2634,get-east-asian-width,1.6.0,Transitive Dependency,MIT License,PERMISSIVE,NOT_REVIEWED,0f5e98fe-603d-4a30-851a-15abdd298db1,bae92f0a-2a09-4de1-bd27-662363ff35de,ad705c59-6893-4980-bdbf-0837f1823cc4
2635,github.com/aybabtme/iocontrol,20151201-snapshot-ad15bcfc,Transitive Dependency,MIT License,PERMISSIVE,NOT_REVIEWED,6011d2c7-63d6-45c7-865f-aa27f781e740,32ee2fb2-a5f9-4e5f-9b41-674d5d4a9a65,ad705c59-6893-4980-bdbf-0837f1823cc4
2636,github.com/docopt/docopt-go,20181101-snapshot-ee0de3bc,Transitive Dependency,MIT License,PERMISSIVE,NOT_REVIEWED,7a42dfde-56e6-45c0-aa32-505106b79760,0bdf699a-e5a3-4c22-b43b-bc2109e32da5,ad705c59-6893-4980-bdbf-0837f1823cc4
2637,github.com/microsoft/kiota-serialization-multipart-go,v1.1.2,Transitive Dependency,MIT License,PERMISSIVE,NOT_REVIEWED,d5815e44-25d6-481f-9cb5-d428c3bc2c89,7b6cdbb6-245d-4be1-b8c2-4b50d9dee582,ad705c59-6893-4980-bdbf-0837f1823cc4
2638,go-gorm/gorm,v1.25.12,Transitive Dependency,MIT License,PERMISSIVE,NOT_REVIEWED,0fc7d433-4425-42f6-b589-72b035e787e6,f7992886-6fe4-463f-8b50-f6466514eaad,ad705c59-6893-4980-bdbf-0837f1823cc4
2639,go-viper,v1.21.0,Direct Dependency,MIT License,PERMISSIVE,NOT_REVIEWED,ba1ea717-7686-40f5-973e-f735b56a69ff,7bfb1c33-e4ab-4a13-a4f8-9cff268ec0e7,ad705c59-6893-4980-bdbf-0837f1823cc4
2640,gonzales-pe,4.3.0,Transitive Dependency,MIT License,PERMISSIVE,NOT_REVIEWED,71988a97-e7d3-4a3e-b923-d2c257e24848,feb56d15-116e-47e0-b2c7-4d4799e28066,ad705c59-6893-4980-bdbf-0837f1823cc4
2641,is-core-module,2.16.1,Transitive Dependency,MIT License,PERMISSIVE,NOT_REVIEWED,18ac8126-6411-414a-b052-6e3428294cd6,c0e4efd8-a46f-4657-870b-effd46597cfd,ad705c59-6893-4980-bdbf-0837f1823cc4
2642,is-core-module,2.16.2,Transitive Dependency,MIT License,PERMISSIVE,NOT_REVIEWED,18ac8126-6411-414a-b052-6e3428294cd6,3c9de647-5e15-4a2e-b052-26f51c498d47,ad705c59-6893-4980-bdbf-0837f1823cc4
2643,ispromise,4.0.0,Transitive Dependency,MIT License,PERMISSIVE,NOT_REVIEWED,f4dd3cc9-2488-430b-a49f-d7493a6905ba,c4641424-e6d1-4a22-8252-e26579c57a21,ad705c59-6893-4980-bdbf-0837f1823cc4
2644,josharian/intern,v1.0.0,Transitive Dependency,MIT License,PERMISSIVE,NOT_REVIEWED,252546ce-c26d-4055-9d8a-81d3332fb91b,3748bb19-1073-4535-bca2-74fd8dc8cb4f,ad705c59-6893-4980-bdbf-0837f1823cc4
2645,jshttp/fresh,2.0.0,Transitive Dependency,MIT License,PERMISSIVE,NOT_REVIEWED,968c0bb8-b3f1-45aa-aa66-11a21ca933d1,033d272b-93e6-401f-bfdc-592774147c4e,ad705c59-6893-4980-bdbf-0837f1823cc4
2646,lightningcss-darwin-x64,1.32.0,Transitive Dependency,Mozilla Public License 2.0,WEAK_RECIPROCAL,NOT_REVIEWED,227f056d-7761-463f-924e-de468bb9a0d1,8fe34193-c9cf-4701-bc53-1e3a153f5205,ce3dd63e-c569-4cea-986a-46bc5efe9896
2647,lightningcss-darwin-x64,1.33.0,Transitive Dependency,Mozilla Public License 2.0,WEAK_RECIPROCAL,NOT_REVIEWED,227f056d-7761-463f-924e-de468bb9a0d1,35ecebfe-97bc-45bd-b6a6-bd2f88524a73,ce3dd63e-c569-4cea-986a-46bc5efe9896
2648,mini-css-extract-plugin,2.7.6,Direct Dependency,MIT License,PERMISSIVE,NOT_REVIEWED,261b77ee-042a-4dae-85bf-c193128871f6,4e684234-9c7b-47ff-bfb5-4e90244cd4f9,ad705c59-6893-4980-bdbf-0837f1823cc4
2649,node path,0.12.7,Direct Dependency,MIT License,PERMISSIVE,NOT_REVIEWED,7815c83c-319e-4dd9-a533-2db68adba9a6,83824a07-fb53-4b47-9612-e3121b83cf74,ad705c59-6893-4980-bdbf-0837f1823cc4
2650,normalize-path,3.0.0,Transitive Dependency,MIT License,PERMISSIVE,NOT_REVIEWED,e0e219d7-d451-40bd-bc3a-dcd03c85f0c6,9a6facc9-b517-4b61-b54f-6cac0c07372f,ad705c59-6893-4980-bdbf-0837f1823cc4
2651,package-json-from-dist,1.0.1,Transitive Dependency,Blue Oak Model License 1.0.0,PERMISSIVE,NOT_REVIEWED,2617a5ec-e7cb-4b51-9372-d48f7ee88efe,eee0d9b5-aa37-4525-ad6b-a4b4c04dcac8,9581ad88-048e-43d1-a7bc-f3675f8f3558
2652,pandas-python,2.0.0,Direct Dependency,MIT License,PERMISSIVE,NOT_REVIEWED,ff47882f-63de-49d5-850f-35fb11cd4952,4f342b25-f44d-428a-868c-bab054efc87b,ad705c59-6893-4980-bdbf-0837f1823cc4
2653,pascaldekloe/goe,v0.1.0,Transitive Dependency,Public Domain,PERMISSIVE,NOT_REVIEWED,952a23e3-a0ac-4d39-be0c-37753eebc278,654e7d6e-d24b-4af4-96bf-5a83c1359bd8,d26bcb7d-5bc8-4f05-8942-a3a42728a2e4
2654,philhofer-fwd,v1.2.0,Transitive Dependency,MIT License,PERMISSIVE,NOT_REVIEWED,643ffcf6-dc1b-4138-adb0-23ceb1eef020,57e3d933-7b63-4ac1-8052-77c9aecf8f59,ad705c59-6893-4980-bdbf-0837f1823cc4
2655,pirates,4.0.7,Transitive Dependency,MIT License,PERMISSIVE,NOT_REVIEWED,c300d727-eb91-42ed-b1a0-2553de195790,13dc9e2d-808c-45d7-a00b-0148d9f21ed5,ad705c59-6893-4980-bdbf-0837f1823cc4
2656,prometheus-procfs,v0.21.1,Transitive Dependency,Apache License 2.0,PERMISSIVE,NOT_REVIEWED,28fc1259-0963-4734-85ab-7eb29eb9e134,3caa31a6-64a3-4e89-8206-65c5b631eadd,7cae335f-1193-421e-92f1-8802b4243e93
2657,qs -  QS Querystring,6.15.1,Transitive Dependency,"BSD 3-clause ""New"" or ""Revised"" License",PERMISSIVE,NOT_REVIEWED,d7e6f01b-4967-48fc-8d07-c2fd547bc6c4,2c659954-002e-4aee-9219-6d0546bbaa64,3d238144-44e6-450e-b523-3defbdaed9dc
2658,qs -  QS Querystring,6.15.2,Transitive Dependency,"BSD 3-clause ""New"" or ""Revised"" License",PERMISSIVE,NOT_REVIEWED,d7e6f01b-4967-48fc-8d07-c2fd547bc6c4,5461b5d7-aa44-4619-8444-28f93aaf1f34,3d238144-44e6-450e-b523-3defbdaed9dc
2659,range-parser,v1.2.1,Transitive Dependency,MIT License,PERMISSIVE,NOT_REVIEWED,d8c54407-5aad-4f40-9ff0-f11062f8c81e,fdf7cda3-40fa-4807-8d91-57092bbf05bf,ad705c59-6893-4980-bdbf-0837f1823cc4
2660,read-package-up,12.0.0,Transitive Dependency,MIT License,PERMISSIVE,NOT_REVIEWED,e9a770aa-ec60-4a26-b54a-670ec297ed4a,ab516c77-6de1-40fe-a7f3-b74919c32308,ad705c59-6893-4980-bdbf-0837f1823cc4
2661,read-pkg,10.1.0,Transitive Dependency,MIT License,PERMISSIVE,NOT_REVIEWED,a2020e5d-7641-4d86-91d8-c80078bb19f6,07e2969e-7511-41cc-981b-56aea223e3df,ad705c59-6893-4980-bdbf-0837f1823cc4
2662,regexp-tree,0.1.27,Transitive Dependency,MIT License,PERMISSIVE,NOT_REVIEWED,e3e3552b-dad3-4d4e-831a-0bf5c777dcf1,58250e46-b0ed-4cd9-bf72-e71e7377dde1,ad705c59-6893-4980-bdbf-0837f1823cc4
2663,sirv,3.0.2,Transitive Dependency,MIT License,PERMISSIVE,NOT_REVIEWED,68d9bb36-fb97-42ae-82a3-eb7a51c6869d,bdfebe4b-43ed-43af-852f-59a4699217ef,ad705c59-6893-4980-bdbf-0837f1823cc4
2664,source-map-js,1.2.1,Transitive Dependency,"BSD 3-clause ""New"" or ""Revised"" License",PERMISSIVE,NOT_REVIEWED,bd48d3f5-d982-4580-809a-4381501427e6,75b65ea8-2cdf-4d93-bc03-bfbd52f7eb28,3d238144-44e6-450e-b523-3defbdaed9dc
2665,sucrase,3.35.1,Transitive Dependency,MIT License,PERMISSIVE,NOT_REVIEWED,d56d5509-c53f-4da2-9e41-bb3f09a6ddce,6779c2c8-e949-4d79-890f-21220613f21f,ad705c59-6893-4980-bdbf-0837f1823cc4
2666,universalify,2.0.1,Transitive Dependency,MIT License,PERMISSIVE,NOT_REVIEWED,a818221d-e6c5-4b3b-98ce-d63213a1f681,062177c3-5fdd-480d-b97a-2d1700b99b33,ad705c59-6893-4980-bdbf-0837f1823cc4
2667,upper-case-first,2.0.2,Transitive Dependency,MIT License,PERMISSIVE,NOT_REVIEWED,19f6cb90-f118-4404-910a-57f5b0c1ca2f,4a342df5-6b9c-4a7c-999a-e73c5ce5eb9a,ad705c59-6893-4980-bdbf-0837f1823cc4
2668,urfave/negroni,v1.0.0,Transitive Dependency,MIT License,PERMISSIVE,NOT_REVIEWED,b4753f08-7ef7-4763-b49d-70af66de8f14,1b9ae646-f12a-4b8d-9d34-2bde354ca22e,ad705c59-6893-4980-bdbf-0837f1823cc4
2669,valibot,1.5.0,Transitive Dependency,MIT License,PERMISSIVE,NOT_REVIEWED,9abb37f3-a720-4275-93ad-306f203e7409,489bb1e0-6398-4c97-a17e-f3d6fc86316a,ad705c59-6893-4980-bdbf-0837f1823cc4
2670,valyala-fasttemplate,v1.2.2,Transitive Dependency,MIT License,PERMISSIVE,NOT_REVIEWED,65e818e5-0911-422a-bac1-fb66007d46ce,1453eb01-a41c-4a3a-92d6-277297108c6c,ad705c59-6893-4980-bdbf-0837f1823cc4
2671,webidl-conversions,7.0.0,Transitive Dependency,"BSD 2-clause ""Simplified"" License",PERMISSIVE,NOT_REVIEWED,ffbd504a-35f2-428f-bf01-1df47a874df3,6e78f728-f988-4365-8fcf-824d1e8b0682,cc875133-df38-4806-9921-473e0ef01a87
2672,whatwg-mimetype,4.0.0,Transitive Dependency,MIT License,PERMISSIVE,NOT_REVIEWED,dea90521-0ccc-4de4-9714-b610d5861d65,24bf9f48-0ce7-461d-8db1-c3d74dbca1a7,ad705c59-6893-4980-bdbf-0837f1823cc4
2673,xmlbuilder-js,15.1.1,Transitive Dependency,MIT License,PERMISSIVE,NOT_REVIEWED,7fb650cf-fcdf-4fb6-9ecc-709f9c0568fe,889ac985-1d85-4fb6-a111-b446ed7cb8bf,ad705c59-6893-4980-bdbf-0837f1823cc4
2674,yauzl,2.10.0,Transitive Dependency,MIT License,PERMISSIVE,NOT_REVIEWED,08a7ff56-05d4-4f11-ae23-6f183acd78ed,05ccc3d7-adac-4022-b086-73033f6787ae,ad705c59-6893-4980-bdbf-0837f1823cc4
2675,yauzl,3.4.0,Transitive Dependency,MIT License,PERMISSIVE,NOT_REVIEWED,08a7ff56-05d4-4f11-ae23-6f183acd78ed,8040ecd2-ac5e-443f-9ed8-06d8efd008df,ad705c59-6893-4980-bdbf-0837f1823cc4
